"","Acss1","Adcyap1","Adgrl2","Aqp4","Arc","Arf5","Arhgap24","Arl4d","Arx","Batf3","Bcl6","Bdnf","Bgn","Btg2","Calb2","Car12","Car4","Cbln4","Cck","Cdh13","Cdk6","Chat","Chodl","Chrna6","Col6a1","Cplx3","Cpne5","Crh","Crispld2","Csrnp1","Ctgf","Ctxn3","Cux2","Cxcl14","Ddit4l","Deptor","Egr1","Egr2","Egr4","Enpp2","eRNA1","eRNA2","eRNA3","eRNA4","eRNA5","Fam19a1","Flt1","Fos","Fosb","Fosl1","Fosl2","Foxp2","Frmd7","Frmpd3","Gad1","Gad2","Gda","Gpc3","Gpr3","Gpx3","Homer1","Hsd11b1","Htr3a","Igf1","Igtp","Itgam","Junb","Kcna1","Kcnip2","Kcnk2","Lhx6","Lmo2","Mab21l1","Mdga1","Mgp","Mog","Mybpc1","Myh8","Myl4","Mylk","Myo1c","Ndnf","Nectin3","Nectin4","Ngb","Nos1","Nov","Npas4","Nptx2","Npy","Nr4a2","Nrn1","Obox3","Osgin2","Otof","Parm1","Pax6","Pcdhac1","Pcdhac2","Pcdhgc3","Pcdhgc4","Pcdhgc5","Pcp4","Pde1a","Pde1c","Pdgfra","Pdzrn3","Penk","Plcxd2","Pnoc","Ppm1h","Prok2","Prss22","Ptgs2","Pthlh","Pvalb","Qrfpr","Rasgrf2","Reln","Rerg","Rgs10","Rgs12","Rgs2","Rorb","Rprm","Rspo2","Scnn1a","Sema3c","Sema3e","Serpinb11","Serpine1","Sla","Slc17a7","Slc25a36","Slc5a7","Smad3","Sncg","Spp1","Sst","Stac","Sulf2","Synpr","Syt17","Syt6","Tacr1","Tacr3","Tacstd2","Tbr1","Tcerg1l","Th","Thsd7a","Tnfaip6","Tnfaip8l3","Tnmd","Tpbg","Tph2","Ucma","Vgf","Vip","Wt1","Wfs1","Tnnc1","Sccpdh","Rbp4","Etv1","Drd1"
"44x5377",0,0,0,0,0,0,0,1,1,0,1,0,0,0,0,0,0,0,0,0,0,0,0,0,0,0,0,0,0,0,0,0,0,40,0,0,0,0,0,0,0,0,6,0,0,0,0,2,0,0,0,0,0,0,13,0,0,0,0,0,0,0,1,1,4,0,0,0,0,0,0,0,0,0,0,0,0,0,0,0,0,0,0,0,0,0,0,0,0,0,0,0,0,0,0,0,0,0,3,0,12,0,0,0,0,0,0,0,0,0,1,11,0,0,0,0,0,0,0,0,2,0,0,0,0,0,0,0,10,0,0,0,0,7,0,0,0,0,0,0,0,4,0,0,0,0,0,0,0,0,0,0,2,0,0,0,0,0,132,0,0,0,1,0,0,0
"68x4194",0,0,0,0,0,0,0,0,20,0,14,0,0,0,0,0,0,0,0,6,0,0,0,0,0,0,0,0,0,0,0,0,0,0,0,0,0,0,0,0,0,31,0,2,0,0,8,0,0,0,0,0,0,0,0,0,0,0,0,0,0,0,0,0,2,0,0,0,0,0,0,0,0,1,0,0,0,0,0,0,0,0,0,0,0,0,0,0,0,0,0,0,0,0,0,0,0,0,0,13,0,0,0,0,0,0,6,0,1,0,0,0,4,0,0,0,0,0,0,0,0,0,0,0,0,3,0,0,0,0,0,0,0,9,0,0,0,0,7,0,0,0,0,0,0,0,0,0,0,0,0,1,0,0,0,0,0,0,0,0,0,0,0,0,0,0
"84x5959",1,0,0,0,0,0,0,0,0,0,3,0,0,2,0,0,0,0,0,0,0,0,10,0,0,0,0,0,4,0,0,0,0,7,6,0,0,0,0,0,0,3,27,0,0,2,11,0,3,0,0,0,0,0,0,0,0,0,0,0,6,0,0,0,12,0,0,0,0,0,0,0,0,2,0,0,0,0,0,0,0,0,0,0,0,15,0,0,0,0,0,0,0,0,2,1,0,0,0,0,2,0,0,0,0,0,0,0,0,0,0,8,0,9,0,0,0,0,0,0,0,0,0,0,0,1,0,0,0,0,0,0,0,2,0,0,0,0,0,0,0,0,0,0,0,0,1,0,0,0,0,0,8,0,0,0,0,0,0,0,0,0,0,0,1,0
"80x5764",0,0,0,0,1,0,0,0,0,0,0,0,0,0,0,0,0,0,1,0,0,0,0,0,0,0,0,0,0,0,0,0,0,11,0,0,0,0,0,0,0,0,11,0,0,0,0,0,0,0,0,0,0,0,0,4,0,0,0,0,0,0,1,0,0,0,0,0,0,0,0,0,0,0,0,0,0,0,3,0,0,0,4,0,1,0,0,0,0,0,0,0,0,7,0,0,0,0,0,31,4,0,0,0,0,0,0,0,0,0,15,1,0,1,0,0,0,0,0,0,0,4,0,0,0,1,0,0,2,0,0,3,0,0,9,0,0,0,0,0,0,0,0,0,0,0,20,0,0,0,0,1,0,0,0,0,0,0,0,0,0,0,0,0,0,0
"114x1974",0,4,1,8,0,1,0,0,5,0,0,1,4,0,0,0,0,0,2,0,0,0,0,0,0,0,0,0,0,1,20,0,0,1,0,0,0,0,0,0,0,3,2,0,0,1,18,0,0,0,0,0,0,0,0,0,0,0,0,0,0,0,0,0,0,0,0,4,0,0,0,0,0,0,0,0,2,0,0,22,0,0,0,0,0,0,12,0,0,0,2,0,0,0,0,5,13,0,0,4,0,0,0,0,0,0,0,0,0,0,0,0,0,0,0,0,0,0,0,0,4,0,0,0,0,0,0,0,0,0,0,0,0,0,0,0,0,6,1,0,0,0,0,0,0,0,0,0,0,0,0,0,0,0,0,0,0,0,0,0,0,0,0,0,8,0
"168x531",3,0,1,0,0,1,0,0,44,0,11,0,0,0,0,0,0,0,1,0,0,0,0,0,0,4,0,0,0,0,0,0,1,0,0,0,0,0,0,0,1,0,16,0,0,0,15,0,7,0,0,0,0,0,94,96,2,1,0,0,0,0,0,23,0,0,0,6,0,1,0,0,0,0,0,1,3,0,3,0,0,6,0,0,11,0,0,0,0,0,0,0,0,8,0,40,0,0,0,2,1,0,0,0,0,0,2,0,3,14,8,0,3,0,5,0,0,0,12,0,0,0,2,2,0,0,0,0,0,0,0,0,0,0,5,0,0,0,1,0,4,0,0,0,0,0,0,0,0,0,0,0,0,0,0,0,0,5,8,0,0,0,4,8,3,0
"185x4559",0,0,2,2,0,0,0,0,0,0,22,0,0,0,0,0,0,0,0,0,0,0,3,0,0,0,0,0,0,44,0,0,0,10,0,0,0,0,0,0,0,17,0,0,0,0,0,0,0,0,0,0,0,0,0,0,0,0,0,0,0,0,0,0,0,0,0,0,0,0,0,0,0,0,0,0,0,0,26,0,0,0,0,0,0,0,0,0,0,0,0,0,0,0,2,0,0,0,0,2,0,0,0,0,0,0,0,0,0,0,0,5,3,0,0,0,0,0,0,0,3,0,0,1,0,0,1,0,0,0,0,0,4,3,0,0,0,0,0,0,0,0,0,0,0,0,0,0,0,0,0,0,0,0,0,0,0,0,0,0,4,13,0,0,2,0
"177x3654",0,0,0,0,0,0,0,0,1,0,0,0,0,0,0,0,0,0,0,4,0,0,0,0,1,0,0,0,0,0,0,0,0,18,0,0,1,0,0,0,0,1,11,0,0,0,0,0,0,0,0,0,0,0,34,11,0,0,0,0,0,0,2,0,0,0,0,0,0,0,0,0,0,0,0,0,0,0,0,0,0,4,0,0,0,0,1,2,0,0,0,5,0,0,0,4,0,0,0,0,2,0,0,0,0,0,0,0,11,0,0,1,0,0,1,0,0,0,0,0,0,0,0,0,0,0,0,0,1,0,0,0,10,0,0,0,0,0,0,0,0,0,0,0,0,0,9,0,0,0,0,0,0,0,0,0,0,2,0,0,0,0,0,5,0,0
"241x2001",0,0,0,0,6,0,0,0,0,0,5,0,5,3,0,0,0,0,0,0,0,1,0,0,0,0,1,0,0,1,9,0,1,15,0,0,6,0,0,0,0,0,0,0,0,15,23,0,1,0,0,0,0,0,0,0,2,0,0,0,0,2,0,0,3,0,0,0,0,0,0,0,0,0,5,0,0,0,0,0,0,0,0,0,0,0,8,0,0,0,0,0,0,0,0,0,5,0,0,3,0,0,0,0,0,0,1,0,0,0,4,0,9,0,0,0,0,0,0,0,0,0,1,0,0,0,0,0,0,0,0,0,0,0,0,0,8,0,0,0,0,0,0,0,0,0,0,0,0,4,0,0,0,0,1,0,0,0,0,0,0,0,0,0,0,0
"270x3116",0,5,0,0,0,0,0,0,9,0,0,0,0,0,0,0,0,0,0,9,0,0,0,0,4,13,0,0,0,0,0,0,0,0,0,0,4,6,0,0,0,1,7,0,0,0,0,0,0,0,0,0,0,0,56,21,8,0,0,2,0,0,0,3,3,0,0,0,0,0,0,0,0,0,0,0,7,0,0,0,0,5,0,0,0,2,0,0,0,3,0,0,0,0,0,0,0,0,0,3,2,0,0,3,0,0,0,0,5,13,0,3,13,0,0,0,0,0,13,0,0,0,0,0,0,0,0,0,0,0,0,0,0,0,0,0,0,0,0,0,0,0,0,0,0,0,2,0,0,0,0,0,0,0,0,0,0,0,0,0,0,0,0,0,0,0
"309x5302",0,0,14,0,0,1,0,1,4,0,8,0,0,0,0,0,0,0,0,0,0,0,17,0,0,0,0,0,0,0,0,0,0,18,0,0,0,0,0,0,0,0,19,0,0,13,14,0,7,0,0,0,0,0,0,0,0,0,0,0,0,0,0,0,0,0,0,0,0,0,0,1,0,0,0,0,0,0,0,0,0,0,0,0,0,0,0,0,0,0,0,0,0,0,0,0,0,1,0,5,0,0,0,0,0,0,0,0,0,0,5,0,0,0,0,0,0,0,0,0,0,0,0,0,0,1,0,0,0,0,0,0,0,0,0,0,0,0,1,0,0,0,0,0,0,0,16,0,0,0,0,0,0,0,1,0,0,0,0,0,15,0,0,0,0,0
"275x628",0,0,0,0,0,0,0,1,5,0,9,0,0,0,0,0,0,0,0,0,0,0,0,0,0,0,0,0,0,0,0,0,0,0,0,0,0,0,0,0,1,0,6,0,0,2,12,0,0,0,0,0,0,0,3,12,1,0,0,0,0,0,0,0,0,1,0,1,0,1,0,0,0,13,0,0,0,0,0,0,0,0,0,0,0,0,0,0,16,0,0,0,0,3,0,0,0,0,0,1,0,0,0,3,0,0,2,0,0,0,3,0,0,0,0,0,0,0,0,0,0,8,0,0,0,0,1,0,0,0,0,0,10,1,0,0,0,1,0,0,4,0,1,1,0,1,0,0,0,0,0,0,2,0,0,0,0,0,0,0,0,0,0,0,0,0
"294x5628",17,0,0,0,0,0,0,0,0,0,7,0,0,0,7,0,0,0,1,0,0,0,0,0,0,0,0,0,6,0,0,0,0,3,0,0,0,0,0,0,0,2,31,0,0,0,0,0,13,0,0,0,5,0,0,0,0,0,0,0,0,0,0,7,0,0,0,0,0,0,0,0,0,0,0,0,0,0,0,0,0,0,0,7,0,0,0,0,0,0,0,0,0,6,0,0,0,0,0,25,0,0,0,0,0,0,0,0,0,0,0,0,0,0,0,1,0,0,0,0,0,0,0,0,0,0,0,0,0,0,0,0,1,0,0,0,0,0,0,0,0,10,0,0,0,0,0,0,0,0,0,0,14,0,0,0,0,0,0,0,0,0,5,0,0,0
"349x1994",0,0,1,0,0,0,0,0,5,0,0,0,9,0,11,0,0,0,6,1,0,0,0,0,0,0,0,0,0,2,5,0,1,16,0,0,0,0,0,0,0,16,0,0,0,0,10,0,12,0,0,0,0,0,0,0,0,0,0,0,0,0,0,0,1,0,0,2,0,0,0,0,1,0,0,0,0,0,0,0,0,0,0,0,0,9,0,0,0,0,0,0,0,0,1,0,0,0,0,7,0,0,0,0,0,0,2,0,0,0,6,1,4,0,0,2,0,0,0,0,1,4,0,0,0,2,0,0,0,0,0,0,0,0,0,2,0,6,0,0,0,0,0,0,0,0,7,0,0,0,0,0,0,0,0,0,0,0,0,0,7,0,0,0,0,0
"377x4455",0,0,1,2,0,0,0,0,14,0,7,0,4,0,0,0,0,0,0,6,0,0,0,0,0,0,0,0,3,0,0,0,0,0,0,0,0,0,0,0,0,30,0,0,0,0,0,0,0,1,0,0,0,0,0,0,0,4,0,0,0,0,0,0,0,0,0,0,0,0,0,0,0,0,0,0,3,0,1,0,0,0,15,0,0,0,0,0,0,0,0,0,0,0,0,0,0,0,0,0,0,0,0,0,0,0,0,0,0,0,0,0,2,0,0,0,0,0,0,0,0,0,0,10,0,0,2,0,0,0,0,0,1,0,0,0,0,0,0,0,0,0,3,0,0,0,8,0,0,0,0,0,0,0,0,0,0,0,0,0,0,0,0,0,0,0
"410x1893",0,0,1,0,0,0,0,0,0,0,20,0,32,0,0,0,0,0,0,0,0,0,0,1,0,0,0,0,1,21,0,0,0,11,0,0,0,0,0,4,0,0,0,0,0,0,14,0,18,1,0,0,0,0,0,11,0,0,0,0,0,6,0,0,1,0,0,0,0,0,0,0,0,0,5,0,0,0,0,1,0,0,4,0,0,0,0,0,0,0,0,0,0,0,0,0,0,0,0,14,0,0,0,5,1,1,0,0,0,0,0,0,10,0,0,0,0,0,0,0,0,0,0,0,0,0,0,0,0,0,0,0,0,0,0,0,0,19,0,0,0,0,0,0,0,0,1,0,0,0,0,0,0,0,0,0,0,0,0,0,0,0,0,0,2,0
"387x3267",0,0,0,0,0,1,0,3,1,0,0,0,0,0,5,0,0,0,2,0,0,0,0,0,0,0,0,3,0,0,0,0,13,22,0,0,0,0,0,5,1,3,16,0,0,0,0,0,0,1,0,0,0,0,8,0,0,0,0,1,0,0,0,0,0,0,0,1,0,0,1,0,0,0,0,0,3,0,0,0,0,0,0,7,0,0,0,0,7,0,0,0,0,0,0,5,0,0,0,7,18,0,1,1,8,1,0,0,0,0,0,1,7,0,0,0,0,0,12,0,0,0,0,0,0,1,0,0,0,0,0,0,6,0,0,0,0,0,1,0,0,0,1,0,0,0,0,0,0,0,0,1,0,0,0,0,0,0,0,0,23,0,0,0,0,0
"476x669",0,0,1,0,0,0,0,1,0,0,31,0,0,0,0,0,0,0,0,0,0,0,0,0,0,0,0,0,8,0,0,0,0,8,0,1,0,0,0,0,0,0,0,0,0,0,28,0,1,0,1,0,0,0,0,0,0,2,0,0,0,0,0,0,9,0,0,1,0,0,0,4,0,1,0,0,0,0,2,1,41,0,0,0,0,0,0,0,0,0,0,0,0,0,0,0,28,0,0,1,0,0,0,0,0,0,0,0,0,0,0,0,0,0,0,0,0,0,0,0,0,0,1,0,0,0,0,0,0,0,0,13,6,3,4,0,0,0,0,0,0,0,0,1,0,7,0,0,0,0,0,0,0,0,0,0,0,0,0,0,0,0,0,2,0,0
"446x1536",0,0,0,0,2,0,0,0,8,0,7,0,11,0,0,0,0,0,0,0,0,0,0,0,1,0,0,0,3,0,0,0,0,0,0,0,0,0,0,0,0,0,0,0,0,0,14,0,0,0,0,0,0,0,0,0,0,0,0,0,0,4,0,0,14,0,0,0,0,0,0,0,0,0,4,0,0,0,0,2,18,0,3,0,0,0,0,2,1,0,0,0,0,0,0,16,3,1,0,0,0,0,0,0,0,0,0,0,0,0,0,3,0,0,0,0,0,0,0,0,0,0,0,0,0,0,0,0,0,0,0,0,0,0,0,2,0,0,0,0,0,0,0,0,0,0,0,0,0,0,0,0,0,0,0,0,0,0,0,0,3,0,0,0,2,0
"485x1779",0,0,1,0,0,0,0,0,5,0,11,0,9,0,0,0,0,0,2,0,0,0,0,0,0,0,0,0,0,12,2,0,0,0,0,0,0,0,0,0,0,0,10,0,0,0,14,0,0,0,0,0,0,0,0,0,0,0,0,0,0,0,0,0,0,0,0,0,0,0,0,0,0,0,19,0,0,0,0,0,0,0,0,0,0,0,0,0,0,0,2,0,0,0,0,3,0,2,0,2,0,0,0,0,0,0,0,0,0,0,0,0,0,0,0,0,0,0,0,0,4,0,0,2,0,0,0,0,0,0,0,0,0,1,0,0,0,1,0,0,0,0,0,0,0,0,0,0,0,0,0,0,0,0,1,0,0,0,0,0,0,0,0,0,1,0
"501x2036",0,0,0,0,0,0,4,0,0,0,10,0,18,0,0,0,0,0,0,7,0,0,0,0,1,0,0,0,2,0,0,0,0,6,0,1,0,0,0,7,0,22,13,0,0,0,12,0,6,0,0,0,0,0,0,0,0,0,0,0,0,0,0,0,0,0,0,0,0,0,0,0,0,0,0,0,2,0,0,3,0,0,0,0,0,0,0,0,0,0,6,0,0,0,0,1,0,0,0,18,0,0,0,0,0,1,0,4,1,0,0,3,0,0,0,0,0,0,0,0,0,0,0,0,0,0,0,0,0,0,0,0,2,0,0,2,0,19,0,0,0,0,0,0,0,0,0,0,0,0,0,5,15,0,3,0,5,0,0,0,0,2,0,0,1,0
"527x937",1,0,0,0,0,4,0,0,1,0,4,0,1,0,0,0,0,0,0,14,1,0,0,1,0,0,0,0,0,0,0,0,0,4,0,0,0,0,0,0,0,0,0,0,0,2,0,0,2,0,0,0,0,0,0,0,0,0,0,0,0,0,0,0,0,0,0,0,0,0,0,0,0,0,0,0,0,1,0,0,0,0,0,10,0,0,0,0,13,0,0,1,0,3,6,0,0,0,0,8,0,0,0,1,0,0,0,0,0,0,0,0,2,0,5,0,0,0,0,0,0,0,0,0,0,0,0,0,0,0,0,0,3,0,0,0,0,0,0,0,0,0,0,0,0,0,11,0,0,0,0,0,14,0,13,0,0,0,0,0,3,0,0,0,0,0
"450x4160",0,0,0,0,2,0,0,0,1,0,0,0,0,2,0,0,0,0,0,0,0,0,0,0,0,1,0,0,1,0,11,0,0,10,0,0,0,0,0,0,0,0,22,22,0,0,2,0,0,0,0,0,0,0,13,1,0,0,0,0,0,0,0,0,0,4,0,0,0,0,0,1,0,0,0,0,0,0,0,0,0,0,2,0,20,0,0,0,0,0,0,5,0,0,0,0,0,0,0,2,1,0,0,0,4,0,0,0,0,0,0,0,0,0,13,0,0,0,8,0,0,0,0,0,0,0,0,7,0,0,0,0,4,0,1,0,0,0,0,1,0,0,0,0,0,0,13,0,0,0,0,4,0,0,0,0,0,1,0,0,1,0,0,0,0,0
"548x4572",0,5,3,0,0,0,0,0,13,0,0,0,0,1,0,0,0,0,5,7,0,0,0,0,0,1,1,0,0,0,0,0,2,0,0,0,0,0,0,0,0,5,13,0,0,0,5,0,0,0,0,0,0,0,30,57,0,0,0,0,0,0,0,10,0,0,0,0,0,0,0,0,0,0,0,0,0,0,0,0,0,1,0,0,0,0,0,0,0,2,0,0,0,0,0,31,0,1,0,1,0,0,0,0,0,0,4,2,0,33,6,5,0,0,0,0,0,3,18,0,0,1,0,0,0,0,0,0,0,0,0,2,1,0,0,27,0,0,0,0,0,0,0,0,0,0,0,0,0,0,0,0,1,0,0,0,0,0,0,0,0,0,0,0,0,0
"544x2540",0,1,0,12,0,0,0,0,0,0,0,0,0,0,0,0,0,0,0,1,0,0,0,0,0,0,0,0,4,0,0,0,0,24,0,0,0,0,0,0,0,0,23,0,0,0,0,0,0,0,0,0,0,3,0,0,0,0,0,0,0,0,0,0,0,0,0,0,0,0,0,0,0,0,0,0,0,0,0,0,0,5,0,0,0,0,0,0,0,0,0,0,0,0,0,0,0,0,0,24,0,0,0,0,0,0,2,0,0,0,0,0,0,0,0,0,0,1,0,0,0,0,0,0,0,0,0,0,0,0,0,0,1,0,0,0,0,0,1,0,0,0,13,0,0,0,0,0,0,0,0,0,0,0,0,0,0,0,0,0,3,0,0,0,0,0
"591x3577",5,0,1,0,0,0,0,0,0,0,8,0,0,0,0,0,0,0,0,0,0,0,0,0,0,0,0,0,0,0,0,25,0,1,0,0,0,0,0,0,0,0,3,0,0,0,9,0,9,0,0,0,0,0,0,0,0,0,0,0,0,0,0,0,7,0,0,0,0,0,0,0,0,0,0,0,0,0,1,0,0,0,0,0,0,0,0,0,0,0,0,0,0,0,0,0,0,0,0,15,1,0,7,0,0,0,0,0,0,0,4,2,0,0,0,0,0,0,0,0,0,0,0,0,0,1,0,10,0,0,0,0,0,3,0,2,0,0,0,0,0,0,0,0,0,0,0,0,1,0,0,0,0,0,2,0,0,0,0,0,0,0,5,0,0,0
"603x6364",1,0,0,4,0,0,0,0,4,5,12,0,1,0,0,0,0,0,0,0,0,0,0,0,0,0,0,0,0,0,0,0,0,23,0,0,0,2,0,0,0,0,1,0,0,0,0,0,12,0,0,0,0,0,0,0,0,0,0,0,0,1,0,5,0,0,0,0,0,0,0,0,0,0,0,0,0,0,0,0,0,0,1,0,0,0,0,0,0,0,0,0,0,0,0,0,4,0,0,18,0,0,7,0,0,0,0,0,0,0,0,0,0,0,0,0,0,0,0,0,0,0,0,0,0,0,0,0,0,0,0,0,0,0,0,0,0,0,0,0,0,0,0,0,0,0,10,0,0,0,0,0,16,0,0,0,0,0,0,0,0,0,0,0,0,0
"651x4418",0,0,5,0,1,0,0,0,10,0,10,0,1,0,0,0,0,0,5,0,0,0,0,0,0,0,0,0,0,0,0,1,0,0,0,0,0,0,1,0,0,0,6,0,0,0,31,0,0,0,0,0,0,0,0,0,0,0,0,0,0,0,0,0,4,0,0,0,0,0,0,0,0,0,0,0,0,0,0,0,0,0,0,6,4,0,0,0,0,0,0,0,0,0,17,0,0,0,0,8,0,0,0,7,0,0,0,0,0,0,0,0,0,0,0,0,0,0,0,0,1,0,0,0,0,0,0,0,0,0,0,2,0,0,0,0,0,0,0,0,0,0,0,1,0,0,0,9,0,0,0,0,0,0,0,0,0,4,0,0,0,0,0,0,0,0
"663x2654",10,2,0,0,0,2,0,0,0,0,0,0,0,0,0,0,0,0,6,0,0,0,0,0,0,1,0,0,0,0,3,0,0,0,0,0,0,0,0,0,0,0,9,0,0,0,0,0,8,0,0,0,0,0,22,6,0,0,0,0,0,0,0,5,0,0,0,0,0,0,0,0,0,0,0,0,4,0,0,0,0,13,0,0,0,0,0,0,0,0,0,0,0,0,4,1,1,0,0,0,0,0,0,2,0,0,0,0,1,22,7,22,0,0,7,0,0,0,42,0,0,0,0,0,0,0,0,2,0,1,0,0,0,0,0,0,2,0,0,0,0,0,0,0,0,0,0,0,0,0,0,0,0,0,0,0,2,0,0,0,0,0,0,0,0,0
"665x5629",0,0,0,0,4,0,0,0,16,0,0,0,0,0,0,0,0,0,0,3,0,0,0,0,3,0,0,0,0,0,0,0,0,0,0,0,0,0,0,0,0,0,10,0,0,0,0,0,0,0,0,0,0,0,62,52,0,0,0,1,0,0,0,0,2,0,0,0,0,0,0,1,0,0,0,0,0,0,0,0,0,1,0,0,0,0,0,0,0,0,0,0,0,4,0,4,0,6,2,0,0,0,0,0,0,0,0,0,6,0,0,0,0,0,4,0,0,0,18,0,0,0,0,0,0,0,0,0,10,0,0,0,0,3,0,0,0,0,0,0,0,0,0,0,0,0,0,0,0,0,0,0,0,0,0,0,2,0,0,0,0,1,0,0,0,0
"852x3642",0,0,4,2,0,0,0,9,0,0,7,0,0,0,0,0,0,0,0,0,0,0,0,0,0,0,0,0,0,0,0,0,13,6,0,0,0,0,0,0,0,0,0,0,0,0,0,0,11,0,0,0,0,0,0,0,0,0,0,0,0,0,0,0,5,2,0,0,0,0,0,0,0,0,0,0,0,0,0,0,0,0,0,0,2,0,0,0,0,0,0,1,0,0,0,0,0,0,0,19,0,0,0,0,0,0,0,0,0,0,0,0,0,0,0,0,0,0,0,0,0,0,0,0,0,0,0,0,0,0,0,1,0,0,0,0,0,0,0,0,0,0,0,0,0,0,10,0,0,0,0,0,0,0,0,0,0,0,0,0,0,0,9,0,0,0
"1085x4223",0,0,0,13,0,0,0,0,1,0,10,0,0,0,38,0,0,0,0,8,0,0,0,0,0,0,0,0,0,0,0,0,0,0,0,0,0,0,0,0,0,0,0,0,0,0,0,0,0,0,0,0,0,0,0,0,0,0,0,0,4,0,0,0,0,0,0,0,0,0,0,0,0,4,0,0,0,0,0,0,0,0,0,0,0,0,0,0,0,1,0,0,0,0,12,0,0,0,0,5,0,0,0,0,0,0,0,0,0,0,0,2,0,0,0,0,0,0,0,0,0,0,0,0,0,0,0,0,0,0,0,0,0,0,0,0,0,0,0,0,0,0,0,0,0,0,0,0,1,0,0,2,0,0,0,0,0,0,0,0,0,0,0,0,0,0
"1110x6096",1,0,0,22,0,2,0,7,0,1,6,0,2,0,0,0,0,0,1,0,0,0,0,0,0,0,0,0,0,0,0,0,0,4,0,0,0,0,0,0,0,0,0,0,0,0,0,0,2,3,0,0,0,0,0,0,0,0,0,0,0,0,0,0,1,0,0,0,0,0,0,0,0,1,0,0,8,0,0,0,0,0,0,0,0,0,0,0,0,0,0,0,0,0,0,0,0,0,0,21,0,0,0,0,0,0,0,0,0,0,0,8,0,0,0,0,0,0,0,0,0,0,0,0,0,0,0,0,0,0,0,0,0,0,0,0,0,0,0,0,0,0,0,0,0,0,0,0,0,0,0,0,0,0,1,0,0,0,5,0,2,0,0,0,5,0
"1139x5599",0,0,0,6,0,3,0,0,11,0,9,0,2,0,0,0,0,0,5,0,0,0,0,1,0,0,0,0,0,0,1,0,0,2,0,10,0,0,0,5,0,0,0,0,0,0,0,0,0,0,0,0,0,0,0,0,0,0,0,0,0,0,0,2,3,0,0,0,0,0,0,0,0,9,0,0,0,0,9,0,0,0,0,0,0,0,0,0,0,0,0,4,0,5,0,0,0,0,0,9,0,0,0,0,0,0,0,0,0,0,8,0,0,0,0,0,0,0,0,0,0,3,0,0,0,0,0,0,0,0,0,0,0,0,0,0,0,0,0,0,0,0,0,0,0,3,0,0,0,0,0,0,0,0,3,0,0,0,0,0,0,0,0,0,0,0
"1120x5436",0,0,0,11,0,0,0,0,2,0,5,0,0,0,0,0,0,0,0,0,0,0,0,0,0,0,0,0,0,0,2,0,0,10,0,0,0,0,0,5,0,0,0,0,4,0,0,0,0,0,0,0,0,0,0,0,0,0,0,0,0,0,0,0,7,0,0,0,0,0,0,0,3,0,0,0,0,0,1,0,0,0,7,19,0,0,0,0,0,0,0,0,0,0,0,0,0,0,0,18,0,0,0,0,0,0,0,0,0,0,0,0,1,0,0,0,0,0,0,0,0,0,0,3,0,0,0,0,0,0,0,0,0,0,0,0,0,0,0,0,0,0,5,0,0,0,0,0,0,0,0,0,0,0,0,0,0,0,0,0,41,0,0,0,0,0
"1184x4281",0,0,0,16,0,0,0,0,0,14,21,0,6,0,29,0,0,0,0,0,0,0,0,0,0,0,0,0,0,0,1,0,0,0,0,0,0,0,0,0,0,0,0,0,0,0,1,0,2,0,0,0,0,0,0,0,0,0,0,8,0,0,0,0,2,0,0,0,0,0,0,0,0,0,0,0,0,0,0,0,0,0,0,0,2,0,0,0,0,0,0,0,0,0,6,0,0,0,0,6,0,0,0,9,0,9,0,0,0,0,2,0,0,0,0,0,0,0,0,0,0,0,0,0,0,0,0,0,0,0,0,4,0,0,0,0,0,0,0,0,0,0,0,0,0,0,9,0,0,0,0,0,0,0,0,0,0,0,0,0,0,0,0,0,0,0
"1126x4550",0,0,6,5,0,0,0,0,0,0,0,0,0,0,0,0,0,0,1,0,0,0,0,0,0,0,0,0,0,0,0,0,0,0,0,2,0,0,0,0,0,0,10,0,0,0,18,0,15,0,0,0,0,0,0,0,0,0,0,0,0,0,0,0,0,0,0,1,0,0,0,0,0,0,0,0,0,0,0,0,11,0,1,0,0,0,0,0,0,0,0,0,0,0,0,0,0,0,0,0,0,0,0,0,0,0,0,0,0,0,6,0,0,0,0,0,0,0,0,0,0,0,0,0,0,0,3,0,0,0,0,2,0,0,2,9,0,0,0,0,0,0,0,0,0,0,0,0,0,0,0,0,0,0,4,0,0,0,0,0,2,3,0,0,0,0
"1151x6524",2,0,34,11,0,0,0,0,19,0,21,0,1,0,2,0,0,0,1,0,0,7,0,0,0,10,0,0,0,0,0,0,0,18,0,0,0,4,0,2,0,0,29,0,0,0,6,0,0,0,0,0,0,0,0,0,0,0,0,0,0,0,0,0,0,0,0,0,0,0,0,0,0,1,0,0,0,0,0,0,0,2,0,0,0,0,0,0,0,0,2,0,0,0,2,0,10,0,0,16,0,0,0,0,0,0,1,0,0,0,0,0,4,0,4,0,0,1,0,0,0,0,0,1,0,0,0,0,0,0,0,0,1,2,6,0,0,0,2,0,0,0,0,0,0,0,8,0,0,0,0,3,0,0,0,0,0,0,0,0,0,0,1,0,19,0
"1177x1565",1,0,1,3,0,1,0,3,3,0,12,0,2,0,0,0,0,0,1,0,0,0,0,0,0,0,0,0,3,0,1,0,0,0,0,0,0,0,0,7,0,0,10,0,0,6,0,0,2,0,1,2,0,0,0,0,1,0,0,0,0,1,0,0,1,0,0,0,0,0,0,0,0,0,21,0,0,0,0,3,0,0,0,0,0,0,0,0,0,0,0,0,0,0,0,0,1,0,0,0,0,1,0,0,0,0,0,0,0,0,0,4,0,0,0,0,0,0,0,0,10,0,0,0,0,0,0,0,0,0,0,0,0,0,0,0,0,0,0,0,0,0,0,0,0,0,0,0,0,0,0,0,0,0,0,0,0,0,0,0,0,0,0,0,0,0
"1187x4426",0,0,0,6,0,0,1,0,0,0,9,0,15,0,0,0,0,0,0,0,0,0,0,0,0,0,0,0,0,0,0,0,0,0,0,0,0,0,0,7,0,0,0,0,0,0,0,0,15,0,0,0,0,0,0,0,0,0,0,0,0,0,0,0,0,1,0,0,0,1,0,0,0,0,0,0,0,0,0,0,0,0,0,0,18,0,0,0,0,0,0,0,0,0,3,0,0,0,0,6,0,0,0,0,0,0,0,1,0,0,30,0,0,7,0,0,0,0,0,0,0,0,0,0,0,0,0,0,0,0,0,0,0,0,1,7,0,0,0,0,0,0,0,0,0,0,9,0,0,0,0,0,0,0,1,0,0,0,0,0,0,0,0,6,0,0
"1180x5746",0,0,0,17,0,3,0,15,2,0,1,0,3,0,0,0,0,0,0,1,0,0,0,1,0,0,0,0,0,0,0,0,16,2,0,4,0,0,0,5,0,17,0,0,0,6,0,0,0,3,0,0,0,0,0,0,0,0,0,0,0,0,0,0,0,0,0,0,0,0,0,0,0,0,0,1,0,0,0,0,0,0,0,0,7,0,0,0,2,3,0,0,0,0,0,0,1,0,1,11,0,0,0,0,0,0,0,0,0,0,6,0,1,0,0,0,0,0,0,0,0,0,0,13,0,0,0,0,0,0,0,0,0,0,0,0,0,0,0,0,0,0,0,0,0,0,9,0,0,0,0,0,0,0,0,0,0,0,0,0,4,0,0,0,0,0
"1180x5077",0,0,2,3,0,2,0,0,7,0,13,0,20,0,0,0,0,0,0,0,0,0,0,0,0,0,0,0,0,0,0,0,0,0,0,0,0,0,0,0,0,0,6,0,0,0,0,0,0,0,0,0,0,0,0,0,0,1,0,0,0,0,0,0,0,0,0,0,0,0,0,0,0,0,0,0,0,0,0,0,0,0,0,0,0,0,0,0,0,0,0,0,0,0,0,0,2,0,0,17,0,1,0,0,0,0,3,0,1,0,0,0,5,0,0,0,0,0,0,0,0,0,0,6,0,0,0,0,0,0,0,0,19,0,0,28,0,0,0,0,6,0,0,0,0,0,0,0,0,0,2,4,0,0,0,0,0,1,0,0,0,0,0,0,0,0
"1205x5367",0,0,1,6,0,0,0,0,7,0,5,0,3,0,0,0,0,0,0,0,0,7,0,0,0,0,0,0,0,0,1,0,0,10,0,0,0,0,0,4,0,0,0,0,0,0,0,0,7,0,0,0,0,0,0,0,0,0,0,0,0,0,0,0,2,0,0,0,0,0,0,0,0,0,0,0,0,0,0,0,0,0,0,0,0,0,0,0,5,0,0,0,0,0,0,0,0,0,0,11,0,0,0,0,0,0,0,0,0,0,0,0,0,0,0,0,0,0,0,0,0,10,0,6,0,0,0,0,0,0,0,0,0,0,0,0,0,0,0,0,7,0,0,0,0,0,0,0,0,0,0,0,0,0,0,0,0,0,0,0,15,0,0,0,0,0
"1184x3703",0,0,0,2,0,0,0,0,27,0,7,0,0,0,6,0,0,0,2,3,0,0,0,0,0,0,0,0,9,0,0,0,0,0,0,0,0,0,0,10,0,19,0,0,0,0,2,0,21,0,0,0,0,0,0,4,5,1,0,0,0,0,0,0,0,0,0,0,0,0,0,0,0,0,1,0,2,0,1,0,0,0,0,0,0,0,0,0,0,0,0,0,0,0,0,0,7,0,0,7,0,0,0,9,0,0,0,0,0,0,5,1,0,1,0,0,0,1,0,0,0,0,0,0,0,2,0,0,0,0,0,0,0,0,0,4,0,2,0,0,0,0,0,0,0,0,0,0,0,0,2,0,0,0,0,0,0,0,0,0,0,0,0,0,0,0
"1187x3879",1,0,9,10,0,0,0,0,3,0,11,0,35,0,0,0,0,0,2,0,0,2,0,0,0,10,0,0,1,0,0,4,0,0,0,0,0,0,0,0,0,0,0,0,0,0,0,0,6,0,0,0,0,0,0,0,0,0,0,0,0,0,0,0,0,0,0,0,0,0,0,0,0,0,0,0,0,0,0,1,0,0,2,0,0,0,0,0,0,0,0,2,0,0,8,0,0,1,0,0,0,0,0,0,0,8,0,0,0,0,0,0,5,0,0,0,0,0,0,0,0,0,0,0,0,0,0,0,0,0,0,0,1,0,3,0,0,0,3,0,8,0,2,0,0,0,0,0,0,0,0,0,0,0,0,0,0,0,0,0,7,0,3,0,0,0
"1229x3321",0,0,0,2,0,0,0,0,4,0,22,0,2,0,0,0,1,0,1,0,0,0,0,0,0,5,0,0,2,0,0,0,0,14,0,0,0,0,0,0,0,0,35,0,4,0,5,1,5,0,0,0,0,1,0,0,0,0,0,0,0,0,0,0,7,0,0,0,0,0,0,0,0,0,0,0,0,0,0,0,2,0,0,0,0,0,0,0,0,0,0,8,0,2,0,0,10,0,0,14,0,0,0,0,0,0,0,8,0,0,0,5,0,0,0,0,0,0,0,0,0,3,0,0,0,0,2,0,0,0,0,0,0,0,0,0,0,0,0,0,0,0,0,0,0,0,0,0,0,0,0,0,0,0,0,0,0,0,0,0,0,0,0,0,0,0
"1212x1071",0,0,7,4,2,0,0,0,1,0,0,0,7,0,0,0,0,0,1,0,0,0,0,7,0,0,0,0,5,1,0,0,0,1,0,0,0,0,0,0,0,1,0,0,0,0,5,7,0,0,0,0,0,0,0,0,0,2,0,0,0,0,2,0,0,0,0,0,0,0,0,0,0,0,0,0,0,0,0,0,0,0,0,0,0,0,0,0,0,0,0,0,0,0,8,0,0,0,0,5,0,0,0,0,0,1,0,0,0,5,0,21,0,0,0,0,0,0,0,0,0,0,0,0,0,0,0,0,0,0,0,0,11,0,3,0,0,1,0,0,0,0,0,0,0,0,12,0,0,0,0,0,0,0,0,0,1,0,0,0,1,0,0,0,0,0
"1214x1248",0,1,9,2,0,0,0,0,0,0,0,0,16,0,0,0,0,0,0,0,0,0,0,0,1,0,0,0,1,0,0,0,0,1,0,0,0,0,0,0,0,4,4,0,0,0,0,0,0,0,0,0,0,0,0,0,1,20,0,0,4,0,0,8,0,0,0,0,0,0,0,0,0,0,12,0,0,0,3,5,0,0,0,0,0,0,0,0,0,0,0,0,0,0,0,2,0,1,0,1,0,0,0,0,0,0,0,0,0,0,0,0,0,0,0,0,0,0,0,0,0,0,0,3,0,0,0,0,0,0,0,0,2,0,0,0,0,0,0,0,0,0,0,0,0,0,0,0,0,0,0,0,0,0,0,0,0,0,0,0,15,0,0,0,0,0
"1224x2691",0,0,0,5,0,1,0,0,14,0,0,0,3,0,0,0,0,0,0,0,0,0,0,0,0,6,0,0,0,0,5,0,0,3,0,0,0,0,0,5,0,0,1,0,0,0,0,0,0,0,0,0,0,0,26,46,0,0,0,0,0,0,0,0,0,0,0,0,0,0,0,0,0,0,0,0,0,0,0,0,0,0,0,0,0,0,0,0,0,0,0,0,0,0,3,0,0,0,0,7,1,0,0,0,0,0,0,0,6,8,0,0,1,0,0,0,0,0,3,0,0,0,0,0,0,0,0,0,0,0,0,0,0,0,0,0,0,0,0,0,0,0,0,0,0,0,0,0,0,0,0,0,0,0,0,0,0,0,0,0,2,3,0,0,0,0
"1215x2845",0,0,0,3,0,3,0,0,21,0,1,0,2,0,0,0,0,0,0,6,0,0,0,0,0,0,0,0,0,0,0,0,0,3,0,0,0,0,0,9,0,0,3,0,0,0,0,0,0,0,0,0,0,0,0,0,0,0,0,0,0,0,0,0,6,0,0,0,0,0,0,0,0,0,0,1,0,0,1,10,0,0,0,0,0,7,0,0,0,0,0,0,0,0,0,0,0,0,0,9,0,0,0,0,0,0,0,0,0,0,0,0,0,0,0,0,0,0,0,0,0,0,0,0,0,0,0,0,0,0,0,0,0,0,0,0,0,0,0,0,4,0,6,0,0,0,0,0,0,0,0,0,0,0,0,0,0,0,0,0,0,7,0,0,0,0
"1221x2460",0,0,0,9,0,1,0,0,12,0,5,0,21,0,0,0,0,0,0,0,0,0,0,0,0,0,0,0,0,0,0,0,0,2,0,0,0,0,0,0,0,0,0,0,0,0,0,0,0,1,0,0,0,0,0,0,0,0,0,0,0,0,0,0,21,0,0,0,0,0,0,0,0,0,9,0,0,0,0,0,8,0,0,0,0,0,0,0,0,0,0,23,0,0,0,0,0,0,0,19,0,0,0,8,0,0,0,0,0,0,0,0,0,0,0,0,0,0,0,0,0,0,0,0,0,0,0,0,0,0,0,0,0,0,0,0,6,0,0,0,0,0,12,0,0,0,0,0,0,0,0,0,0,0,0,0,0,0,0,0,0,2,0,0,0,0
"1252x828",0,0,3,9,0,0,0,0,14,0,3,0,2,0,0,0,0,0,0,0,0,0,0,0,1,0,0,0,0,1,0,0,0,0,0,0,0,0,8,0,0,1,6,0,0,0,1,0,0,0,0,0,0,0,0,0,0,0,0,0,0,0,0,0,0,0,0,0,0,0,0,0,0,9,0,0,0,0,0,0,0,0,0,0,0,0,0,0,0,0,0,7,0,12,0,4,0,0,0,12,0,0,0,0,0,0,5,0,0,0,0,5,0,0,0,0,0,0,2,0,0,0,0,0,0,0,0,0,0,0,0,0,5,0,0,7,0,2,10,0,1,0,0,0,0,0,0,0,0,0,0,0,0,0,0,0,0,0,0,0,0,0,0,0,0,0
"1261x3491",0,0,8,4,3,1,0,3,22,0,3,0,1,0,0,0,0,0,2,1,0,0,0,0,0,5,0,0,0,0,3,0,0,0,0,0,0,0,0,4,0,0,42,0,0,0,7,0,4,0,0,0,0,0,0,0,0,0,0,0,0,0,0,0,0,0,0,0,0,0,0,0,0,1,0,0,0,0,0,0,7,0,0,0,0,0,0,0,0,0,0,4,1,8,0,0,0,0,0,0,0,0,0,4,0,0,0,7,0,0,12,0,0,0,0,0,0,1,0,0,0,4,0,0,0,0,0,0,0,0,0,0,0,0,0,0,0,0,0,0,0,0,0,0,0,2,8,0,0,0,0,0,0,0,0,0,0,0,0,0,0,0,0,0,0,0
"1299x2992",0,0,0,1,0,0,0,0,7,0,6,0,0,0,0,0,0,0,0,0,0,0,0,0,0,0,0,0,1,0,0,0,0,13,1,6,0,0,0,0,0,0,0,0,0,0,0,0,9,0,0,0,0,0,0,0,0,0,0,0,0,0,0,0,0,0,0,0,0,0,0,0,0,0,0,1,0,0,11,0,16,0,0,0,0,0,0,0,0,0,4,0,0,2,0,2,0,0,0,0,0,0,0,0,0,0,0,0,0,0,0,4,4,8,9,0,0,0,0,0,0,0,0,0,0,0,0,0,0,0,0,0,0,0,0,0,0,0,0,0,0,0,0,0,0,0,0,0,0,0,0,0,0,0,0,0,0,0,4,4,0,0,0,0,0,0
"1244x1819",0,0,0,13,0,4,0,0,8,0,0,0,27,0,0,0,0,0,0,0,0,0,0,0,0,0,0,0,0,0,2,0,9,0,2,0,0,0,0,2,0,0,0,0,0,0,0,0,0,0,0,0,0,0,0,0,0,0,0,0,0,0,0,1,0,0,0,0,0,1,0,0,0,0,33,0,0,0,0,23,18,0,0,2,0,1,0,0,0,0,0,0,0,0,0,0,4,0,5,1,0,0,0,0,0,0,0,0,0,0,0,0,3,0,0,1,0,0,0,0,0,0,0,2,0,0,0,0,0,0,0,0,14,0,0,1,0,0,0,0,0,0,6,0,0,0,0,0,0,0,0,0,0,0,0,0,0,0,0,0,0,0,0,0,0,0
"1271x2371",0,0,3,15,0,0,0,0,3,0,0,0,36,0,0,0,0,0,0,0,0,0,0,0,5,0,0,0,2,0,3,0,0,1,0,0,0,0,0,0,0,1,8,0,0,0,0,0,4,0,0,0,0,0,0,0,2,0,0,0,0,0,2,0,0,0,0,9,0,0,0,0,0,0,14,0,0,0,0,3,17,0,0,0,0,0,48,0,0,0,27,0,0,0,12,2,0,0,0,7,0,0,0,0,0,0,0,0,0,0,0,5,0,0,0,0,0,0,0,0,0,0,0,0,0,8,1,0,0,0,3,0,0,0,0,1,1,0,0,0,0,2,0,0,0,0,0,2,0,0,0,0,0,0,0,0,0,0,0,0,10,0,2,0,0,0
"1339x4144",0,0,10,5,0,0,0,0,0,0,3,3,0,0,0,0,0,0,0,3,0,0,2,0,0,0,0,0,0,0,0,0,0,8,0,0,3,0,0,0,0,31,27,0,0,0,0,0,0,0,0,0,0,0,4,0,0,0,0,0,0,0,0,0,1,2,0,0,0,0,0,0,0,0,0,0,0,0,3,0,0,0,0,0,0,0,0,0,0,0,0,0,0,0,0,0,1,0,0,7,0,0,0,0,0,0,0,0,0,0,24,0,0,1,0,0,0,0,0,0,0,0,0,2,0,0,0,0,0,0,0,0,0,6,0,0,0,0,0,0,0,0,1,0,0,0,0,0,0,0,3,2,0,0,0,0,0,0,0,0,0,0,0,0,0,0
"1324x1018",0,0,10,0,0,0,0,0,10,0,0,1,33,0,0,0,0,0,0,0,0,0,0,0,1,0,1,0,0,0,0,0,0,1,0,0,0,0,0,0,1,0,0,0,0,0,1,0,0,2,0,0,0,0,0,0,0,0,0,0,0,0,0,4,2,0,0,0,0,0,0,0,0,0,12,0,0,0,3,4,1,0,1,0,0,0,0,0,0,0,0,0,0,0,1,1,0,0,0,1,0,0,0,0,0,0,0,0,0,0,0,0,0,0,0,0,0,0,0,0,0,0,0,0,0,0,0,0,0,0,0,0,0,0,0,1,0,1,0,0,0,0,0,0,0,0,12,0,0,0,0,0,0,0,0,0,1,0,0,0,0,0,0,0,0,0
"1361x2480",0,0,0,0,0,0,0,0,6,0,3,0,16,0,0,1,0,0,0,1,0,0,0,0,16,0,0,0,0,0,0,0,0,0,0,0,0,0,0,0,0,6,4,0,0,0,0,0,0,0,0,0,0,0,0,0,0,0,0,0,0,0,0,0,10,0,0,0,0,0,0,0,0,0,21,0,0,0,0,0,4,0,0,0,0,2,1,0,0,0,3,0,0,0,0,8,0,0,0,10,0,0,0,0,0,0,0,0,0,0,0,0,0,0,0,0,0,0,0,0,0,0,0,0,0,0,0,0,0,0,0,0,0,0,0,5,0,0,0,0,0,0,0,0,0,0,0,0,0,0,0,0,0,0,0,2,0,0,0,0,10,0,1,0,0,0
"1348x1921",0,0,0,0,0,0,0,0,4,0,1,2,47,0,0,0,0,0,0,0,0,0,0,0,0,0,0,0,0,0,10,0,0,0,0,2,1,0,0,0,0,30,3,0,1,0,4,16,0,0,0,0,0,0,0,0,0,0,0,0,0,0,0,0,0,0,0,0,0,0,0,0,0,0,10,0,0,0,0,16,44,0,0,0,0,0,0,0,0,0,0,0,0,0,0,2,2,1,0,6,0,0,0,4,0,0,1,0,0,0,0,11,3,0,0,0,0,0,0,0,4,0,0,0,0,0,0,0,0,0,0,0,0,0,0,0,0,0,0,0,0,0,8,0,0,0,0,0,0,0,0,0,0,0,0,0,0,0,0,0,0,0,0,0,0,0
"1644x997",0,0,0,0,0,0,0,0,4,0,0,0,21,0,0,0,0,0,0,0,0,0,0,0,0,0,0,0,0,0,1,0,0,0,0,0,2,0,0,0,0,0,8,0,0,0,0,0,0,0,0,0,0,0,0,0,0,0,0,0,0,0,0,0,0,0,0,0,0,0,0,0,0,0,55,0,0,0,0,4,0,0,0,0,0,0,0,0,0,0,0,0,0,0,0,0,0,0,0,9,0,0,0,0,0,0,5,0,0,0,0,0,0,0,0,0,0,0,0,0,0,0,0,0,0,0,0,0,0,0,0,0,0,0,0,0,3,0,0,0,0,0,0,0,0,0,0,0,0,0,0,0,0,0,0,0,0,0,0,0,0,0,0,0,0,0
"1778x1015",0,0,0,1,0,0,0,0,15,0,1,0,18,0,0,0,0,0,0,0,0,0,15,0,4,0,0,0,4,0,0,0,0,0,0,0,0,0,0,3,0,0,3,0,0,0,0,0,0,0,0,0,0,0,0,0,0,0,0,0,0,0,0,1,0,0,0,8,0,0,0,0,0,0,0,0,3,0,0,16,0,0,3,0,0,0,0,0,0,0,0,0,0,0,0,0,0,0,0,6,0,0,0,0,0,0,0,0,0,0,0,2,0,0,0,0,0,0,0,0,0,0,0,0,0,0,0,0,0,0,0,6,1,0,0,0,1,0,0,0,1,0,0,0,0,0,0,0,0,0,0,0,0,0,0,0,0,0,0,0,0,0,0,3,0,0
"1807x1991",0,0,0,4,0,0,0,1,0,0,0,0,30,0,0,0,0,0,2,1,0,0,0,5,0,0,0,0,5,0,1,0,0,0,0,0,0,0,0,0,0,5,2,0,0,0,35,0,0,0,0,0,0,0,0,0,0,0,0,0,0,0,0,0,0,0,0,0,0,1,0,0,0,5,1,0,1,0,0,0,1,0,0,0,0,0,0,0,0,0,0,0,0,0,0,0,0,0,0,11,0,0,0,0,0,0,0,0,0,0,9,0,0,0,0,0,0,0,0,0,0,0,0,0,1,0,0,0,0,0,0,0,0,0,0,0,7,0,0,0,0,0,0,0,0,0,0,0,0,0,0,0,0,0,0,0,0,0,0,0,0,0,0,0,3,0
"1787x4503",0,0,1,2,4,0,0,0,2,0,29,0,0,0,0,0,0,0,0,0,0,0,8,0,0,6,0,0,0,0,0,0,0,2,0,0,0,0,11,0,0,0,0,0,0,0,0,0,15,0,0,0,0,0,0,0,0,0,0,0,0,0,5,0,3,0,0,0,0,0,0,0,0,0,0,0,0,0,0,0,0,0,0,0,0,0,0,0,0,0,0,2,0,0,0,0,3,0,0,4,0,0,0,0,0,0,0,0,0,0,0,3,0,0,0,0,0,0,0,0,0,0,0,0,0,0,0,5,0,0,0,0,0,0,0,0,0,0,0,0,0,0,0,0,0,0,0,0,0,0,0,3,0,0,0,0,0,0,0,0,0,0,0,0,1,0
"1878x6520",0,4,0,1,0,8,1,0,5,0,9,0,1,0,0,0,0,0,0,0,0,0,0,0,0,0,0,0,0,0,10,0,0,0,0,0,0,0,0,0,0,0,8,0,0,0,0,0,0,0,2,0,0,0,0,0,0,2,0,0,2,0,0,0,0,0,0,0,0,0,0,0,0,0,0,0,1,0,0,0,0,0,0,0,0,0,0,0,0,0,3,3,0,0,0,0,0,0,0,35,0,0,0,0,0,0,0,10,0,0,0,0,15,2,0,0,0,0,0,0,0,0,0,1,0,0,0,0,0,0,0,0,13,0,0,0,5,0,0,0,0,0,0,0,0,0,22,0,0,0,0,0,0,0,0,0,0,0,0,0,0,0,0,0,0,0
"1989x1653",0,0,1,6,0,0,0,19,1,0,2,0,0,0,0,0,0,0,3,4,0,5,0,0,9,0,0,0,0,0,4,0,1,1,0,0,0,0,0,0,0,0,4,0,0,0,0,0,0,0,0,0,0,0,0,0,0,0,0,0,0,0,0,0,0,0,0,0,0,0,0,0,0,0,0,0,0,0,0,0,0,0,0,0,0,0,0,0,0,0,0,0,0,8,0,0,0,0,0,3,0,6,0,0,0,8,0,0,0,0,0,13,0,0,8,0,0,0,0,0,0,0,0,0,0,1,0,0,0,1,0,0,0,0,0,0,0,0,0,0,12,0,10,0,0,0,0,0,1,0,0,0,0,0,0,0,0,0,0,0,8,0,0,5,8,0
"1963x1937",0,0,0,0,0,0,0,7,0,0,0,0,13,0,0,0,0,0,0,1,0,0,0,0,0,0,0,0,0,0,0,0,0,4,0,1,0,0,0,0,0,0,1,0,0,0,24,6,0,0,0,0,0,0,0,0,0,0,0,0,0,0,0,0,2,0,0,0,0,0,0,0,0,0,1,0,0,0,0,0,0,0,0,0,0,0,0,0,0,0,0,0,0,0,11,7,0,0,0,4,0,0,0,0,0,1,11,0,0,0,18,10,0,6,0,0,0,0,0,0,0,0,7,5,0,3,0,0,0,0,0,0,0,0,0,0,0,0,0,0,0,0,0,0,0,0,0,0,0,0,0,0,0,0,0,0,0,0,0,0,0,0,0,0,1,0
"2114x1968",0,0,2,0,1,1,0,0,0,0,0,0,37,0,0,0,0,0,0,0,0,0,0,0,8,0,0,0,0,0,7,0,1,0,0,0,0,0,0,0,4,0,18,0,0,0,30,0,1,0,0,0,0,0,0,0,0,0,0,0,0,0,0,0,0,0,0,0,0,0,0,0,0,0,14,0,0,0,0,0,0,0,0,0,0,0,2,0,0,0,0,0,0,0,8,6,0,0,0,2,0,0,0,0,0,0,2,0,0,0,0,0,13,0,0,0,0,0,0,0,12,0,0,0,0,2,0,0,0,0,0,0,0,0,0,0,0,1,0,0,0,0,7,0,0,0,11,0,0,0,0,0,0,0,0,0,0,0,0,0,0,0,0,0,0,0
"2100x5513",0,0,3,0,0,0,0,0,35,0,9,0,5,0,0,0,0,0,9,0,0,0,0,0,11,0,24,0,5,1,0,0,1,0,0,0,97,0,4,0,0,14,35,0,0,0,0,49,19,0,0,0,2,0,58,11,0,0,0,0,1,0,0,2,0,0,0,2,4,0,4,0,3,0,0,0,0,0,7,0,5,0,0,0,1,0,0,0,0,0,0,0,0,0,4,0,13,1,2,0,2,0,9,11,0,0,0,0,0,0,8,8,0,0,24,0,0,0,0,0,0,0,13,0,0,0,1,0,0,0,0,0,0,0,0,0,0,0,0,0,2,0,8,0,3,0,0,0,0,0,7,0,0,0,0,0,0,0,0,0,0,0,0,15,0,0
"2169x1422",0,0,7,0,0,0,0,0,0,0,0,0,1,0,0,0,0,0,0,5,0,10,0,0,0,0,0,0,7,0,0,0,0,3,0,0,0,0,0,0,0,0,2,0,0,0,0,0,0,0,0,0,0,0,4,1,0,0,0,0,0,0,0,0,0,0,0,0,0,0,0,0,0,0,0,0,0,0,0,0,0,0,0,0,0,0,0,0,5,2,0,0,0,0,0,2,11,0,0,9,0,0,0,0,3,0,0,0,1,0,0,3,0,0,5,0,0,0,0,0,0,0,2,0,0,1,0,0,0,14,0,0,7,0,0,0,0,0,0,0,0,0,10,0,0,0,0,0,1,0,0,1,0,0,0,0,0,0,0,0,0,0,0,0,0,0
"2201x2033",0,0,22,10,0,0,0,0,1,0,9,0,31,0,0,0,0,0,1,0,0,0,0,0,1,0,0,0,0,0,2,0,0,0,0,0,0,0,0,3,7,0,13,0,0,12,30,0,0,0,0,0,0,1,0,6,0,0,0,0,0,0,0,0,1,0,0,0,0,0,0,0,0,0,9,0,0,0,0,0,0,1,0,0,6,0,0,0,0,0,0,0,0,0,0,0,0,0,0,0,0,0,0,0,0,0,1,0,0,0,0,0,0,0,0,0,0,0,0,0,19,0,0,0,0,0,0,0,0,0,0,0,0,0,0,1,0,0,0,0,0,0,0,0,0,0,14,0,0,0,0,1,0,0,0,0,0,0,0,0,0,0,0,0,3,0
"2196x3567",0,0,10,4,0,0,0,0,5,0,12,0,0,0,0,0,0,0,0,0,0,13,0,0,0,0,0,0,2,0,0,0,0,8,0,0,0,0,7,0,0,15,13,0,0,0,0,1,0,0,0,0,0,0,0,0,0,0,0,0,0,0,0,0,0,0,0,0,0,0,0,0,0,0,0,0,0,0,0,0,0,0,0,0,0,0,0,0,0,0,0,2,0,0,15,0,0,0,0,1,0,0,0,0,0,0,0,0,0,0,0,0,0,0,9,0,0,0,0,0,0,0,0,0,0,0,0,0,0,0,0,0,0,0,0,0,0,0,0,0,0,0,0,0,0,0,0,0,0,0,0,0,0,0,0,0,1,0,0,0,0,12,0,0,0,0
"2316x578",0,0,0,0,0,0,3,13,22,0,7,3,0,0,0,0,0,0,0,0,0,0,0,0,0,7,0,0,0,0,0,0,2,1,0,1,0,0,0,4,0,0,7,0,0,0,0,0,1,0,0,0,0,0,154,61,1,0,0,0,0,0,9,0,2,0,1,4,0,0,0,0,0,0,0,0,0,0,2,0,0,0,18,0,0,0,0,0,0,5,0,0,0,0,3,1,0,1,0,5,2,0,0,2,0,0,1,0,0,67,0,7,0,0,0,0,0,0,11,0,0,0,0,0,0,0,0,0,0,0,0,0,0,0,2,0,0,0,0,0,0,0,1,0,0,0,0,0,0,0,0,0,21,0,0,0,0,0,0,0,0,0,0,0,0,0
"2336x4662",0,0,1,0,0,0,0,1,4,0,0,0,22,0,0,0,0,0,0,5,0,0,0,0,0,0,0,0,0,0,0,0,0,0,6,0,15,0,0,0,0,0,22,0,0,0,3,0,0,0,0,0,0,0,0,0,0,2,0,0,0,0,0,0,0,0,0,0,0,0,0,0,0,14,5,0,0,0,0,0,0,0,0,0,0,0,0,0,0,0,0,0,0,0,0,0,0,0,0,1,0,0,0,0,0,0,0,0,0,0,0,0,1,0,9,0,0,0,0,0,2,1,0,5,0,0,0,0,0,0,0,0,17,0,0,0,0,0,3,0,0,0,0,0,0,0,0,0,0,0,0,0,0,0,0,0,0,0,0,0,0,0,0,0,0,1
"2359x1998",0,0,0,5,2,0,1,0,0,0,0,0,46,0,2,0,0,0,0,2,0,0,0,0,0,0,0,0,0,0,7,3,0,3,0,0,0,0,0,6,0,7,0,0,0,0,2,0,0,0,0,0,0,0,0,0,0,2,0,0,0,0,0,0,3,0,0,0,0,1,0,0,0,0,5,0,0,0,0,0,0,0,0,0,0,0,0,0,0,0,0,0,0,14,12,0,0,0,0,1,0,7,0,0,0,0,0,0,0,0,0,4,6,0,0,0,0,0,0,0,0,0,0,8,0,0,1,0,0,0,0,2,0,0,3,0,0,0,0,0,0,0,0,0,0,0,0,0,0,0,0,0,6,0,0,0,0,0,0,0,0,0,0,0,0,0
"2440x5942",1,13,0,0,1,0,0,1,13,0,5,2,0,3,2,1,0,0,2,8,0,0,0,1,0,1,0,0,0,0,0,0,0,0,0,0,0,0,0,0,19,2,0,0,0,0,6,5,1,0,0,0,0,0,0,0,8,0,0,0,0,0,0,0,5,0,1,0,0,0,0,0,0,0,0,0,2,0,0,0,0,0,0,0,0,0,0,0,0,0,1,0,0,0,0,0,0,0,0,0,0,1,0,0,0,0,6,0,1,0,0,0,0,0,0,0,0,0,0,0,0,0,0,0,0,0,0,3,0,0,0,0,2,0,0,0,0,0,0,0,0,0,0,0,0,0,0,5,0,0,0,0,0,0,0,0,0,3,0,0,1,0,0,0,0,0
"2494x1911",0,0,0,9,0,0,0,0,10,0,22,0,0,0,0,0,0,0,0,0,0,0,0,0,0,0,0,0,0,0,0,0,0,4,0,0,0,0,0,0,0,0,0,0,0,0,0,23,0,0,0,0,0,0,0,0,0,0,0,0,0,0,0,0,0,0,0,1,0,0,0,0,0,0,0,0,0,0,0,0,0,0,0,0,0,0,0,0,0,0,0,0,0,2,0,22,3,0,0,18,14,0,0,0,8,0,0,0,0,0,0,0,2,0,0,0,0,0,0,0,0,0,0,0,0,5,0,0,0,0,0,0,0,0,0,0,0,0,0,2,0,0,0,0,0,0,0,0,0,0,0,0,0,0,0,0,0,0,0,0,0,0,0,0,0,0
"2512x6574",0,0,0,0,1,0,0,0,0,0,0,0,0,0,0,0,0,0,3,0,0,0,0,0,0,0,4,0,0,0,0,0,7,0,0,0,0,1,0,0,0,15,1,0,0,0,0,0,0,0,0,0,0,0,0,0,0,0,0,0,0,0,0,0,1,0,0,0,0,0,0,0,0,0,0,0,0,0,0,0,0,0,0,1,0,0,1,0,0,0,0,0,0,0,0,0,0,0,0,1,0,0,0,0,0,0,0,0,0,0,3,0,0,0,0,0,0,0,0,0,0,0,0,0,0,0,0,0,0,0,0,0,6,0,0,0,0,0,167,0,0,0,0,0,0,0,0,0,0,0,0,0,0,0,0,0,0,0,0,0,0,0,0,0,0,0
"2533x2102",0,0,1,0,0,0,3,1,10,0,0,0,25,0,0,0,0,0,3,0,0,0,2,0,0,0,0,0,0,0,27,0,1,6,0,0,0,0,0,0,0,0,0,0,0,0,0,0,0,0,0,0,0,0,0,0,0,0,0,0,0,0,0,0,0,0,0,0,0,1,0,0,0,0,0,0,0,0,0,0,0,0,3,0,3,0,0,0,0,0,0,0,0,14,0,6,0,0,0,1,0,0,0,0,0,0,0,0,0,0,0,0,0,0,0,0,0,0,0,0,0,0,0,0,0,0,0,0,0,0,0,0,4,0,0,0,0,0,0,1,0,0,0,0,0,0,19,0,0,0,0,1,0,0,0,0,0,0,0,0,0,0,1,0,0,0
"2613x5940",0,46,17,0,15,2,0,1,39,0,2,58,0,3,0,0,1,0,1,27,0,8,0,0,48,0,0,7,0,0,0,0,0,9,0,0,29,0,17,3,1,0,14,0,0,12,2,39,41,0,0,2,0,0,0,0,6,0,0,0,67,0,0,0,0,0,2,3,0,0,0,0,0,23,0,0,0,0,0,0,8,0,0,0,5,0,7,3,0,0,1,0,0,2,16,4,1,8,0,11,0,6,0,10,0,0,0,12,0,0,5,2,0,0,3,1,0,0,0,0,0,0,0,0,0,3,0,3,6,0,0,0,181,5,0,14,0,0,0,3,11,0,4,0,0,0,0,0,1,2,0,0,0,0,4,0,0,23,0,0,5,0,9,8,19,0
"2576x2620",0,0,0,0,0,0,0,2,7,0,0,0,1,0,0,0,0,0,0,0,0,0,0,0,0,0,0,0,0,0,0,0,8,0,0,0,0,0,0,0,0,5,14,0,0,14,0,0,0,0,0,0,0,1,37,116,0,0,0,5,0,0,0,2,0,0,0,0,0,0,0,0,0,0,0,0,0,0,0,0,0,0,0,0,0,5,0,0,0,0,0,0,0,13,12,16,0,0,0,3,0,2,0,7,8,0,0,0,5,3,1,6,0,0,0,0,0,1,16,2,0,0,0,0,0,4,0,0,9,0,0,3,0,9,0,0,0,0,0,0,0,0,0,0,0,0,10,0,0,0,0,0,26,0,0,0,0,0,0,0,0,0,0,0,0,0
"2591x6509",0,0,10,0,10,0,0,0,15,0,0,0,0,0,0,0,0,0,2,9,0,0,0,0,0,0,0,0,0,0,0,0,30,0,0,0,0,1,0,11,0,0,9,0,0,0,0,0,0,0,0,0,0,0,0,0,3,0,0,0,0,0,0,3,0,0,0,0,0,0,0,0,0,0,0,0,2,0,0,0,0,0,0,0,0,0,9,0,0,1,0,4,0,0,0,0,0,2,0,0,0,5,0,0,0,0,1,0,0,0,0,0,0,0,4,0,0,0,0,0,0,2,0,0,0,0,0,0,0,0,0,0,14,0,0,0,0,0,0,0,0,0,1,0,0,0,1,0,0,0,0,0,0,0,0,0,0,0,0,0,0,0,0,4,0,0
"2600x752",0,0,15,2,2,4,0,0,0,0,3,0,0,1,0,0,0,0,0,0,0,0,0,0,0,0,0,0,0,0,0,0,0,4,1,0,0,0,0,0,1,0,19,0,0,0,2,0,0,0,0,0,0,0,1,7,0,0,0,0,0,0,0,0,11,0,0,0,0,0,0,0,0,0,0,0,0,0,4,2,3,0,0,0,0,0,0,0,0,0,0,0,0,0,0,0,0,0,0,2,0,0,0,10,0,0,0,0,0,0,0,0,0,0,0,0,0,0,0,0,0,0,0,0,0,0,0,0,0,0,0,0,0,0,0,0,0,0,0,0,0,0,0,0,0,0,3,0,0,0,0,1,0,0,0,0,0,0,0,0,0,0,0,0,5,0
"2635x3853",0,0,2,1,5,7,0,2,18,2,0,2,0,0,0,0,0,0,7,2,0,0,0,0,0,7,0,0,0,1,4,0,7,0,0,0,45,5,0,2,0,0,17,0,10,0,0,7,0,0,0,0,0,0,0,0,5,0,0,0,11,0,0,0,0,0,0,0,0,0,0,0,0,0,0,0,0,0,6,0,0,0,0,0,1,1,4,0,0,0,0,23,0,0,15,0,0,1,0,0,0,7,0,2,1,0,0,1,0,0,8,8,10,5,0,0,0,0,0,0,0,3,0,0,0,11,0,1,0,0,0,0,203,0,0,0,0,0,4,0,0,4,0,0,0,0,0,0,2,0,0,0,0,0,0,0,8,1,0,0,13,6,18,4,0,0
"2610x5600",0,0,0,0,0,0,0,0,12,0,0,0,0,0,0,0,0,0,0,0,0,0,0,0,0,0,0,0,0,0,0,0,0,1,0,0,0,0,5,0,0,24,8,0,0,0,0,0,0,0,0,0,0,0,0,0,0,0,0,0,0,0,0,0,0,0,0,0,0,0,0,0,0,0,0,0,0,0,0,0,0,0,0,0,0,19,0,0,0,0,0,1,0,5,3,0,0,0,0,1,0,4,0,12,0,0,0,0,0,0,17,9,0,0,0,0,0,0,0,0,0,0,0,4,0,3,0,0,0,0,0,0,13,0,0,1,0,0,0,0,0,0,0,0,1,0,0,3,0,0,1,0,0,0,0,0,0,0,0,0,6,0,0,16,0,0
"2690x5500",0,0,3,4,1,1,0,0,0,0,0,0,0,0,0,0,0,0,2,0,0,0,0,0,1,0,10,0,0,0,1,0,0,13,0,0,0,0,0,0,0,0,12,0,0,0,0,0,4,0,0,0,0,0,0,0,0,0,0,0,0,0,0,0,0,0,0,0,0,0,0,0,0,0,0,0,0,0,0,0,0,0,0,0,0,4,0,0,2,0,0,10,0,1,0,0,5,0,0,2,0,4,0,4,0,0,0,0,1,0,5,1,0,0,0,0,0,0,0,0,0,0,0,0,0,0,0,0,0,0,0,0,7,6,0,0,0,0,0,0,0,0,0,0,0,0,16,0,0,0,0,2,0,0,0,0,0,0,0,0,1,0,0,0,6,0
"2697x2166",0,0,0,0,0,0,0,1,0,0,0,0,0,0,1,0,0,0,0,0,0,0,0,0,7,0,0,0,0,0,26,0,0,5,0,0,0,5,0,0,0,0,1,0,0,0,13,0,2,0,0,0,0,0,0,0,0,0,0,0,0,0,0,0,0,0,0,0,0,0,0,0,0,8,0,0,0,0,0,0,0,0,0,0,0,0,0,0,0,0,1,3,0,0,0,0,3,0,0,8,0,0,0,0,0,0,0,0,0,0,0,0,10,0,1,0,0,0,0,0,0,3,0,0,0,0,0,0,0,0,0,0,0,0,0,0,0,0,0,0,0,0,0,0,0,0,10,0,0,0,0,0,0,0,0,0,0,0,0,0,0,0,0,0,0,0
"2770x3565",0,22,4,0,0,0,0,0,28,0,0,15,0,1,0,0,0,0,2,11,0,0,0,0,12,0,0,0,0,0,3,0,0,0,0,0,14,4,15,0,10,7,7,0,13,2,0,8,2,0,0,0,0,0,0,0,8,0,0,0,20,0,3,0,0,0,1,3,0,0,0,0,0,0,0,1,0,0,0,0,0,1,0,0,4,0,4,0,7,0,0,0,0,0,8,26,22,1,0,0,0,9,0,11,0,0,0,0,0,0,0,0,7,1,0,0,0,0,0,0,3,0,0,0,0,2,0,0,0,0,0,4,35,0,0,0,0,0,2,0,6,0,2,0,0,0,0,2,0,0,0,2,0,1,0,0,0,4,0,1,17,2,0,12,5,0
"2748x217",0,2,5,0,0,1,0,0,2,0,3,0,0,0,0,0,0,0,0,7,2,0,0,6,0,10,0,0,1,0,0,0,1,0,0,1,0,0,0,0,0,0,37,0,0,0,0,18,0,0,0,0,0,1,44,119,4,0,0,0,0,1,0,6,1,0,0,0,0,0,0,0,0,2,0,0,0,0,0,0,0,2,1,0,0,3,0,0,0,0,0,0,0,14,24,24,0,0,0,5,0,0,0,0,0,0,0,0,5,36,1,6,0,0,0,0,0,3,20,0,0,0,0,0,4,0,3,0,3,0,0,0,0,0,0,3,0,0,0,3,0,0,0,0,0,0,0,0,0,0,0,0,0,0,0,0,0,0,0,0,0,0,2,0,0,0
"2875x491",0,0,0,1,0,0,0,0,0,0,0,0,6,0,0,0,0,0,2,5,0,0,0,20,0,0,0,0,0,0,0,0,0,0,14,0,0,0,0,0,8,5,2,0,0,0,29,0,0,0,0,0,0,0,6,0,0,1,0,0,0,0,0,0,13,0,0,2,0,0,0,0,13,0,16,0,0,0,1,1,0,0,0,0,1,0,0,0,0,0,0,0,0,0,0,0,0,0,0,0,0,1,0,0,0,0,0,0,5,0,5,4,0,0,6,0,1,0,0,0,0,0,0,0,0,0,0,0,0,0,0,0,5,1,0,16,0,0,0,0,0,0,0,0,0,0,0,8,0,0,2,0,0,0,0,0,0,0,0,0,1,0,0,1,0,0
"2753x4334",0,1,14,0,0,0,2,5,8,0,0,0,2,0,0,0,1,0,14,0,0,0,0,0,0,9,8,0,0,0,0,0,9,8,0,0,0,0,0,0,0,0,10,0,0,0,0,0,0,0,0,0,0,0,0,0,20,0,0,0,10,1,1,3,12,3,0,0,0,0,0,0,0,0,0,0,3,1,0,0,0,0,2,0,4,6,17,0,0,0,0,7,0,12,20,7,2,5,0,23,1,14,4,29,0,0,0,0,0,0,15,2,1,3,0,0,1,1,0,0,0,0,4,2,0,2,0,0,0,0,0,6,45,1,0,97,0,0,0,2,14,0,14,0,0,0,4,10,0,6,10,0,0,0,0,0,0,0,7,0,58,0,4,9,0,0
"2803x6419",0,0,8,0,0,2,0,0,9,2,0,0,0,1,0,0,0,0,6,0,0,0,0,0,0,0,1,0,0,0,0,0,5,0,0,0,0,0,0,5,0,4,12,0,0,0,1,0,0,0,0,0,0,0,2,0,3,6,0,0,2,0,0,2,2,0,0,1,0,0,0,0,0,0,0,0,0,0,0,0,0,0,7,0,0,0,7,0,0,0,0,2,0,0,6,0,1,0,0,1,0,1,0,6,0,0,0,0,0,0,27,4,0,0,4,0,0,0,0,0,0,0,1,0,0,0,0,0,0,0,0,14,42,0,0,2,0,0,0,0,0,2,9,0,0,0,0,2,0,0,0,0,0,0,0,0,0,0,0,1,18,9,0,0,0,0
"2866x125",0,0,6,0,1,3,3,2,4,0,15,0,0,0,0,0,0,0,1,0,0,0,0,0,0,0,0,0,0,0,0,0,0,18,0,0,0,0,0,0,0,8,6,0,0,0,10,0,10,0,0,0,0,0,1,0,0,0,0,0,0,0,0,0,0,0,0,0,0,0,0,0,0,0,0,0,0,0,0,0,0,0,0,0,0,0,0,0,0,0,0,0,0,0,0,0,0,0,0,4,0,0,0,0,0,0,0,0,0,1,19,0,0,0,4,0,0,0,0,0,0,2,0,0,0,0,0,0,0,0,0,0,0,0,0,0,0,0,0,0,0,0,0,0,0,0,0,0,0,0,0,0,0,0,0,0,0,0,0,0,11,0,0,0,0,0
"2880x4466",0,7,1,0,1,3,0,0,0,0,0,0,0,0,0,0,0,0,14,0,0,0,0,0,0,0,15,0,0,0,0,0,10,0,0,0,31,0,0,0,0,1,0,0,0,0,0,0,0,0,0,0,0,0,0,0,7,0,0,0,0,0,0,0,0,0,0,1,0,0,0,0,0,0,0,0,1,0,0,0,0,0,0,0,0,0,3,0,7,0,0,3,0,0,0,10,11,0,1,0,0,8,0,0,0,0,0,0,2,0,0,0,0,0,1,0,0,0,0,0,0,0,4,0,0,1,0,0,0,0,0,0,50,0,0,1,0,0,0,0,0,0,6,0,0,0,4,0,0,0,0,0,0,0,0,0,0,0,0,0,0,0,0,0,0,0
"2916x5260",0,0,2,0,0,0,0,0,0,0,8,1,0,0,0,0,0,0,2,0,0,0,0,0,0,0,0,0,0,0,0,0,0,2,0,0,0,0,0,2,2,0,4,0,0,0,0,3,0,0,0,0,0,0,10,6,2,0,0,0,0,0,0,0,1,0,0,2,0,0,0,0,0,0,0,0,1,0,4,0,0,0,0,0,6,0,0,0,0,1,0,1,0,1,1,0,0,2,0,1,0,0,0,0,0,0,0,0,0,0,2,4,0,0,0,0,0,1,0,0,0,0,0,0,0,2,0,0,0,0,0,0,6,0,0,4,0,0,0,0,0,0,0,0,0,0,0,0,3,0,0,0,1,0,0,0,0,1,0,0,11,4,0,0,0,0
"2927x4651",0,65,4,0,1,3,0,3,31,0,3,12,0,0,0,0,0,0,21,3,0,3,0,0,0,0,0,0,9,0,0,0,0,0,0,0,92,10,15,1,0,0,30,0,0,0,0,47,11,0,0,0,0,0,0,0,3,0,0,0,16,0,0,0,0,0,0,2,0,0,0,0,0,0,0,0,3,0,6,0,0,0,0,0,0,0,3,0,10,0,3,0,0,22,0,7,0,12,3,0,0,8,0,7,0,0,5,3,9,0,9,15,2,8,0,0,0,0,0,0,0,0,13,0,0,0,3,0,2,0,0,0,153,1,0,2,0,0,2,0,0,1,10,0,0,0,0,0,1,0,0,0,0,0,0,0,0,1,0,0,22,0,20,0,0,0
"2926x2674",5,0,4,0,0,0,0,5,7,0,0,0,0,0,0,0,6,0,5,1,0,7,9,0,0,0,5,0,0,0,0,0,5,0,0,0,0,0,0,15,0,0,5,0,0,0,0,0,0,0,0,0,0,1,0,0,5,0,0,0,1,0,0,0,13,0,2,0,0,0,2,0,0,4,0,0,8,0,0,0,0,0,5,0,2,0,6,0,3,0,0,6,0,0,14,0,5,4,0,9,0,8,0,12,0,0,6,3,0,0,10,3,14,0,4,0,0,8,0,0,0,0,6,0,0,3,0,2,0,0,0,0,34,9,0,6,0,0,0,0,0,0,7,0,0,0,0,0,1,0,0,0,0,0,0,0,0,0,0,0,29,0,0,0,0,0
"2960x6102",0,0,15,0,1,0,0,0,26,0,8,0,2,1,2,0,0,0,6,0,0,0,0,0,0,2,26,0,0,0,0,0,0,2,0,0,0,0,0,1,0,0,15,0,0,0,4,0,3,0,0,0,0,0,1,0,0,0,0,0,21,0,0,1,0,0,0,1,0,0,0,0,0,1,0,0,20,1,0,0,0,0,12,0,0,0,10,0,0,0,0,10,0,10,18,0,0,0,1,0,2,0,0,0,0,0,1,3,0,0,30,2,0,0,7,0,0,0,0,0,0,10,0,0,0,3,2,0,0,0,0,0,30,0,0,1,1,0,0,0,0,2,4,0,0,0,0,0,0,0,0,0,0,0,0,0,0,0,0,0,5,0,0,0,0,0
"2973x5110",0,0,2,0,0,0,0,0,4,0,2,0,0,0,0,0,0,0,7,3,0,2,1,0,0,0,4,0,12,0,0,0,5,0,0,2,0,0,1,0,0,0,1,0,0,0,0,0,0,0,0,2,0,0,0,0,0,0,0,0,0,0,1,0,0,0,0,0,0,0,0,0,0,0,0,0,0,0,0,0,0,0,0,0,0,0,0,0,0,0,10,0,0,0,20,0,0,0,2,4,0,0,0,0,3,0,0,0,0,0,1,0,0,0,0,0,0,1,0,0,0,2,0,0,0,0,0,0,0,0,0,0,10,0,0,1,0,0,0,0,0,0,1,0,0,0,0,0,0,0,0,0,0,0,0,0,0,0,0,0,0,0,0,0,0,0
"3025x3692",7,13,16,0,11,1,1,1,22,0,0,27,0,1,0,0,0,0,15,4,0,9,0,0,4,2,0,1,0,0,0,0,5,1,0,0,11,0,6,4,0,9,14,0,0,0,0,81,12,0,0,0,0,0,6,1,4,0,0,0,1,0,0,0,2,0,4,3,0,1,0,0,4,8,0,1,0,0,0,0,0,0,11,0,0,0,1,6,0,2,0,23,0,1,17,7,0,1,1,2,0,9,1,16,0,1,0,4,0,0,3,7,0,14,0,0,0,0,2,0,0,3,5,1,0,6,0,0,0,0,0,4,59,0,0,11,0,0,0,0,0,8,0,0,0,0,0,0,0,0,0,0,0,0,0,0,0,0,0,0,3,0,0,0,0,0
"3074x5257",0,0,4,0,0,0,0,0,2,0,3,0,0,0,0,0,0,1,5,4,0,0,8,0,0,4,0,0,0,0,0,0,8,1,0,0,0,0,3,0,0,5,5,0,0,0,0,12,0,0,0,0,0,4,90,34,2,0,1,0,1,0,0,20,1,0,0,0,0,0,0,0,0,0,0,0,3,0,0,0,0,0,0,0,0,17,0,0,0,1,0,1,0,2,6,1,0,0,0,7,0,0,0,0,0,0,0,0,0,1,5,3,0,0,8,0,0,3,6,0,1,0,0,0,0,0,0,0,0,0,2,3,2,0,0,0,0,0,0,0,0,0,1,0,0,0,0,0,0,0,0,0,0,0,0,0,0,0,0,0,0,0,0,0,0,0
"3080x5841",0,0,5,0,0,2,0,0,12,0,8,0,0,0,0,0,0,0,4,0,0,0,1,0,1,0,3,0,0,0,0,0,8,0,0,0,7,0,2,0,0,0,6,0,0,0,0,0,2,0,0,0,0,1,0,0,0,0,0,0,0,0,0,1,0,0,0,0,0,0,0,0,0,0,0,0,7,0,0,0,0,0,2,3,0,2,6,0,0,0,0,0,0,0,26,0,0,0,0,0,0,0,0,3,0,0,0,0,0,0,12,0,7,0,0,0,0,2,0,0,0,0,0,0,0,4,0,0,0,0,0,0,49,0,0,1,0,0,0,0,0,0,5,0,0,0,0,0,0,0,0,3,0,0,0,0,0,0,4,0,3,0,0,0,0,0
"3126x2749",0,0,30,0,1,0,1,2,10,0,0,0,0,0,7,0,0,0,2,0,0,0,0,0,0,0,0,3,0,0,0,0,0,0,0,0,0,0,0,6,0,0,6,0,0,2,0,0,0,0,0,0,0,0,0,0,8,0,0,0,0,0,0,0,5,0,0,4,0,0,0,0,0,11,0,0,0,0,0,0,0,0,6,0,0,3,0,0,0,1,0,0,0,0,13,0,0,0,0,1,0,0,0,3,0,0,0,0,5,0,3,0,0,0,0,0,0,1,0,0,0,14,0,0,0,0,3,0,0,0,0,0,23,1,0,0,0,0,0,0,0,0,0,0,0,0,14,0,0,0,1,0,0,0,0,0,0,0,0,0,0,0,0,0,0,0
"3071x3935",0,0,18,4,2,0,0,0,27,0,0,4,0,0,0,0,4,0,2,5,0,4,1,2,0,0,0,0,0,0,0,0,2,12,0,0,0,0,0,6,1,45,29,0,0,0,0,0,0,0,0,0,0,0,0,0,0,0,0,0,0,0,0,0,0,0,0,0,1,0,0,0,0,0,0,1,0,0,0,2,20,0,4,0,2,3,1,0,0,0,0,0,0,0,0,1,0,0,0,15,1,0,0,0,0,1,0,0,0,0,9,16,0,0,0,0,0,0,0,0,0,0,0,0,0,0,2,0,0,0,0,0,31,0,0,0,0,0,0,0,0,0,2,0,0,0,0,0,0,0,1,5,1,0,0,0,0,0,0,0,0,0,0,0,0,0
"3096x4369",1,0,4,0,0,2,0,0,8,0,0,0,0,0,0,0,0,1,4,3,0,0,0,0,5,0,0,1,0,0,0,0,4,0,0,0,0,0,0,0,0,1,19,0,0,0,0,0,0,0,0,1,0,1,0,0,4,0,0,0,0,0,0,0,4,0,9,0,0,1,0,0,0,0,0,0,0,0,1,0,0,0,0,0,10,0,0,0,0,0,0,0,0,16,7,0,0,0,4,0,0,9,0,10,0,0,0,0,0,0,1,3,0,0,0,0,0,0,2,0,0,0,0,0,0,1,0,0,0,0,0,5,60,12,0,1,3,0,0,0,0,0,1,0,0,0,0,0,0,0,0,0,0,0,0,0,0,0,0,0,0,0,0,0,0,0
"3120x1105",0,0,0,0,0,0,0,0,7,0,3,0,1,0,0,0,0,0,0,0,0,0,0,0,0,4,0,0,0,0,0,0,7,0,0,0,0,0,0,0,0,0,4,0,0,0,0,0,0,0,0,0,0,0,126,21,4,0,0,0,0,0,0,8,0,0,0,0,0,0,0,0,0,0,0,0,1,0,0,0,0,2,1,0,0,1,0,0,0,4,0,0,0,0,0,4,0,3,0,0,0,1,0,0,2,0,0,0,0,25,13,0,1,0,5,0,0,0,16,0,0,0,0,0,0,1,0,0,0,0,0,0,0,2,0,0,0,0,3,4,0,0,0,0,0,0,1,0,0,0,0,1,0,0,0,0,0,0,0,0,0,0,0,4,0,0
"3122x4726",0,0,7,0,0,0,0,0,6,0,0,10,0,0,0,0,0,0,3,3,0,4,0,0,2,0,2,0,0,0,0,0,4,3,0,0,0,0,0,0,0,5,0,0,0,0,0,0,0,0,0,0,0,0,0,0,1,0,0,0,0,0,0,0,0,0,0,1,0,0,0,0,0,0,0,0,0,0,0,0,0,0,0,0,0,1,0,0,0,0,1,0,0,1,3,0,0,0,0,0,0,1,0,0,0,0,0,0,1,0,10,4,6,0,0,0,0,2,0,0,0,2,0,0,0,4,0,0,0,0,0,0,19,0,0,2,0,0,0,0,0,4,0,0,0,0,1,0,1,0,0,0,0,0,0,0,0,0,0,0,18,0,0,0,0,0
"3111x6412",0,0,6,0,0,0,0,0,1,0,0,0,0,0,0,0,0,0,5,0,0,2,0,0,0,4,2,0,0,0,0,0,3,0,0,0,0,0,0,0,0,0,9,0,0,0,0,0,0,0,0,0,0,0,0,0,0,0,0,0,0,0,0,0,0,0,1,0,0,0,0,0,0,0,0,0,0,0,4,0,23,0,2,0,0,2,18,3,0,0,0,0,0,0,13,0,0,0,0,0,0,1,0,9,0,0,0,0,0,0,4,12,0,0,0,0,0,8,0,0,0,0,0,0,0,10,0,0,0,0,0,0,18,9,0,2,0,0,0,0,0,1,1,0,0,0,0,0,0,0,0,0,0,0,0,4,0,0,0,0,0,0,0,0,0,0
"3084x3109",0,0,12,0,2,7,0,0,12,0,1,0,0,1,0,0,1,0,3,1,0,0,0,0,0,5,8,2,0,0,0,0,33,2,0,0,0,0,0,0,0,0,3,0,0,0,0,0,8,0,1,0,0,0,0,11,10,0,0,0,0,0,0,0,9,0,0,2,0,0,2,0,0,1,0,0,0,0,0,0,0,0,0,0,1,1,8,0,0,0,0,2,0,3,3,6,0,0,0,2,0,4,0,22,0,0,0,0,0,0,11,1,13,1,0,0,0,0,0,0,0,0,2,0,0,24,3,0,0,0,0,0,121,0,0,1,0,0,0,0,0,1,3,0,0,0,0,1,0,0,0,8,0,0,0,0,0,2,0,1,0,0,8,0,0,0
"3166x5661",0,0,0,0,2,0,1,0,2,0,0,1,0,0,5,0,0,0,2,2,2,0,0,0,0,0,0,0,0,0,0,0,18,2,0,0,17,0,11,0,0,1,7,0,3,0,0,0,0,0,0,0,0,0,0,12,5,0,0,0,3,0,0,0,1,0,5,0,0,0,0,0,0,0,0,0,0,0,0,0,0,0,1,0,0,0,0,0,0,0,0,0,0,0,20,0,0,0,0,0,0,0,0,0,0,0,0,0,0,0,7,0,0,0,0,0,0,1,0,0,0,0,0,0,0,0,0,0,0,0,0,0,38,0,0,0,0,0,0,0,0,0,0,2,0,0,0,1,0,0,0,1,0,0,0,0,0,0,0,2,6,0,0,0,14,0
"3203x1510",0,3,0,0,5,0,0,0,9,0,3,0,0,0,0,0,0,0,0,0,0,0,10,0,0,0,0,0,0,0,0,0,0,0,0,0,0,0,1,0,0,0,1,0,0,2,0,0,0,0,0,0,0,0,0,0,6,1,0,0,0,0,0,0,0,0,0,4,0,0,0,0,0,2,0,0,3,0,0,0,0,0,1,0,5,6,7,0,1,0,0,3,0,0,0,0,0,1,13,1,0,0,0,4,0,0,0,0,0,0,0,11,2,0,0,0,0,4,4,0,0,0,0,0,0,0,8,0,1,0,0,0,43,0,0,6,0,0,0,0,0,0,0,0,0,0,4,0,0,0,0,0,0,0,0,0,0,0,0,0,0,0,0,2,0,0
"3148x2309",0,4,2,2,0,1,0,13,20,0,0,0,4,0,0,0,0,0,28,2,0,0,0,0,0,0,0,0,0,0,0,0,0,5,0,0,7,0,0,0,0,2,5,0,0,0,0,0,0,0,0,0,0,0,1,0,6,2,0,0,0,11,0,0,2,0,0,5,0,1,0,0,0,0,0,0,12,0,1,0,0,0,0,0,1,0,2,0,0,0,0,1,0,0,0,0,0,0,6,2,0,1,0,0,0,0,20,1,0,0,19,9,0,0,0,0,0,0,0,0,0,0,1,0,0,10,6,0,0,0,0,3,94,1,0,9,1,0,0,0,0,0,1,0,0,0,2,4,0,0,0,0,0,0,0,0,0,0,0,0,1,0,3,0,2,0
"3222x5513",0,0,2,0,2,1,0,0,5,0,13,21,3,16,0,0,2,0,3,13,0,0,15,0,0,0,1,0,0,0,0,0,5,0,0,0,28,8,9,0,0,11,10,0,0,9,0,7,0,0,0,0,0,0,0,0,6,0,0,0,0,1,0,0,0,0,3,0,0,0,0,0,0,0,0,0,0,0,0,0,0,0,9,0,0,0,5,0,2,0,0,6,0,0,6,0,0,4,0,0,0,0,0,0,0,0,0,0,0,0,3,0,0,17,1,0,0,4,0,0,0,0,0,0,2,3,0,0,0,0,0,0,60,0,0,0,0,0,0,0,0,0,6,0,0,0,0,0,0,0,0,0,0,0,0,0,0,0,0,0,12,0,1,0,0,0
"3197x2950",0,0,25,0,2,0,0,0,10,0,0,0,0,6,1,0,0,0,6,6,0,0,3,0,0,0,6,0,0,0,0,0,8,1,0,0,0,1,0,0,0,11,3,0,0,0,0,0,0,0,0,0,0,0,0,9,0,0,0,0,2,0,2,0,0,0,0,0,0,0,0,0,0,5,0,0,0,0,0,0,0,0,15,0,0,0,12,0,0,0,0,4,0,5,20,0,0,0,0,0,0,3,2,0,0,0,1,0,0,0,0,6,0,0,20,0,0,0,0,0,0,0,0,0,0,4,0,0,0,0,0,0,30,0,0,1,0,0,0,0,0,0,13,0,0,0,0,1,0,0,0,3,0,0,0,0,0,0,0,0,8,0,0,2,0,0
"3214x5916",0,3,4,0,0,0,0,0,19,0,0,0,0,0,0,0,0,0,4,0,0,5,0,0,18,0,4,0,0,0,0,0,7,0,0,0,0,0,0,3,0,1,9,0,0,2,0,0,0,0,0,0,1,2,0,0,9,0,0,0,4,0,0,0,4,0,0,0,0,0,0,0,0,0,0,0,0,0,0,0,0,0,1,0,2,1,7,0,0,0,0,4,0,1,0,0,0,0,0,0,1,3,0,6,0,0,0,0,0,0,24,0,5,0,5,0,0,3,1,0,0,0,0,0,0,0,0,0,0,0,0,9,99,0,0,10,0,0,0,0,0,0,7,0,0,0,0,0,0,0,0,1,0,0,0,0,0,0,0,0,0,0,0,0,0,0
"3218x4490",0,0,0,0,5,0,0,0,8,7,8,0,0,0,0,0,0,0,1,2,0,0,0,0,0,0,0,0,0,0,0,0,5,0,0,0,0,0,5,0,0,1,1,0,0,2,0,0,0,0,0,0,0,0,0,0,2,0,0,0,0,0,0,0,0,0,0,0,0,0,0,0,0,0,0,0,0,0,0,0,0,0,0,0,0,14,13,0,0,0,0,0,0,3,1,0,0,1,0,5,0,0,0,6,0,0,0,0,0,0,0,0,3,0,0,0,0,0,0,0,0,0,15,0,0,1,1,0,0,0,0,0,33,0,0,14,0,0,0,0,0,0,7,0,0,0,0,0,0,0,0,0,0,0,0,0,0,0,0,0,2,0,0,0,0,0
"3228x5280",0,0,9,2,3,0,0,0,0,0,0,0,0,0,0,0,0,0,2,0,0,0,0,0,0,2,0,0,0,0,0,3,0,11,30,0,0,0,0,0,0,3,3,0,0,0,0,0,0,0,0,0,0,0,34,15,0,0,0,0,0,0,0,0,0,0,0,0,0,0,0,0,0,11,1,0,0,0,0,0,0,0,0,0,0,0,0,0,0,0,0,6,0,0,0,1,0,0,0,8,0,0,0,4,0,0,0,0,0,0,0,0,0,0,0,0,0,0,0,0,0,0,0,0,0,3,0,0,0,0,0,0,6,0,0,0,0,0,0,0,0,0,0,0,0,0,0,0,0,0,0,0,0,0,0,0,0,0,0,0,0,0,0,2,0,0
"3270x4186",0,0,0,0,0,0,0,0,0,0,3,0,0,0,0,0,0,0,4,0,0,0,0,0,0,0,0,0,0,0,0,0,8,6,0,0,0,0,0,0,0,0,14,0,0,0,0,0,0,0,0,0,0,0,0,0,3,0,0,0,0,0,0,0,0,0,0,0,0,0,0,0,0,0,0,0,3,0,1,0,0,0,0,0,0,3,0,0,0,0,0,0,0,0,11,0,0,0,0,0,0,4,8,1,0,0,0,0,2,0,5,0,0,4,0,0,0,0,0,0,0,0,0,4,0,8,1,0,0,0,0,0,34,0,0,15,0,0,0,0,0,1,0,0,0,0,0,0,0,0,0,0,0,0,0,0,0,0,0,0,1,0,0,0,0,0
"3300x4308",0,0,15,0,0,0,0,1,41,0,1,0,0,0,0,0,0,0,2,1,0,0,0,0,1,0,20,0,0,0,0,0,0,0,0,0,0,0,0,0,0,0,8,0,0,0,0,0,0,0,0,0,0,0,0,0,9,0,0,0,0,0,1,0,0,0,0,0,0,0,0,0,0,11,0,0,2,0,3,0,0,0,11,0,1,4,3,0,0,0,0,0,0,1,10,12,0,0,0,0,0,7,0,0,0,0,0,0,0,0,0,1,0,0,4,0,0,0,0,0,0,0,3,0,0,6,0,0,0,0,0,0,22,0,0,13,0,19,0,0,0,3,5,0,0,0,0,0,0,1,0,3,0,0,0,0,0,0,0,0,26,0,0,0,4,0
"3260x3440",0,3,20,0,13,5,0,7,2,7,1,1,1,0,0,0,1,0,15,4,0,0,0,0,0,0,4,0,0,0,0,0,23,0,0,0,4,0,8,0,1,1,18,0,0,0,0,0,0,0,0,0,1,1,0,0,5,0,0,0,0,0,0,0,0,0,0,1,0,0,0,0,0,0,1,0,3,0,0,0,2,0,11,0,2,9,14,0,0,0,3,19,0,0,9,3,0,0,0,4,0,22,0,1,0,0,0,0,0,0,30,3,0,0,0,0,0,0,0,0,0,0,8,0,0,3,0,0,0,0,0,0,84,11,0,14,0,0,0,0,0,0,0,0,0,0,0,0,0,0,0,5,0,0,0,0,0,0,0,0,9,0,1,0,0,0
"3324x4576",2,0,0,0,4,2,0,0,17,0,4,0,0,0,0,1,0,0,2,2,0,0,0,0,0,0,1,0,0,0,0,0,8,0,0,0,11,1,0,0,0,0,0,0,0,4,0,0,0,0,0,0,0,0,0,0,6,0,0,0,22,0,0,3,0,1,0,0,0,0,0,0,0,5,0,0,0,0,0,0,0,0,19,0,0,8,13,0,0,0,0,9,0,2,1,0,1,1,0,0,0,8,0,11,0,0,0,0,0,0,9,0,0,0,0,0,0,0,0,0,0,0,9,0,0,1,0,0,0,0,0,0,28,0,0,15,0,0,0,0,0,1,4,0,0,0,7,0,0,0,0,0,0,0,0,0,0,0,0,0,0,0,0,0,0,0
"3301x3734",0,0,3,0,1,0,0,0,26,4,22,0,2,0,3,0,0,0,1,2,0,0,0,0,6,0,8,0,0,0,0,0,1,9,0,0,0,0,1,10,0,14,6,0,0,0,0,0,3,1,0,0,0,0,0,0,1,0,0,0,0,1,0,5,0,0,0,3,0,0,0,0,0,0,0,0,7,0,0,0,0,0,24,0,1,0,19,1,0,0,0,22,0,0,16,0,5,0,0,0,0,17,0,2,0,0,0,0,6,0,57,20,2,0,4,0,1,1,1,0,0,0,1,0,0,3,0,0,1,0,0,0,66,0,0,21,0,0,0,0,0,11,25,0,0,0,0,0,2,0,4,0,0,0,0,0,0,0,0,0,36,0,0,5,8,1
"3320x6058",1,0,18,0,0,2,0,0,3,0,7,0,15,0,0,0,0,0,1,0,0,14,4,0,5,0,1,0,0,0,0,0,1,0,0,0,2,0,6,0,0,0,13,0,0,9,0,0,0,0,0,0,0,0,0,0,3,0,0,0,0,0,0,11,2,0,0,1,0,0,0,0,0,0,0,0,0,0,0,0,19,0,4,9,1,0,16,6,0,0,2,6,0,0,4,0,0,13,0,7,0,4,0,2,0,0,0,0,0,0,21,10,0,3,18,0,0,0,0,0,0,0,2,0,0,4,0,0,0,0,0,0,53,0,0,7,0,0,0,0,0,0,6,0,0,0,0,5,0,0,0,0,0,0,0,0,0,0,0,0,14,0,0,1,0,0
"3352x4070",0,0,1,0,2,2,0,0,32,0,3,1,0,5,0,0,0,0,11,0,0,0,0,0,4,0,2,0,0,0,3,0,2,0,0,5,0,0,0,0,0,3,10,0,0,0,0,0,7,0,0,0,0,0,0,0,8,0,0,0,0,0,2,5,0,0,0,3,0,0,0,0,0,0,0,0,5,0,0,0,0,0,2,0,1,7,5,0,0,1,0,13,0,8,13,0,0,0,5,14,0,11,0,6,0,0,12,0,0,0,8,0,0,5,1,0,0,0,0,0,0,0,0,0,0,5,1,0,0,0,0,0,92,5,0,16,0,0,0,0,0,1,7,0,0,0,3,0,2,0,0,0,0,0,0,0,4,0,0,0,22,0,0,2,0,0
"3335x5021",2,1,3,0,0,0,0,0,10,0,0,4,0,0,0,0,0,0,4,1,0,0,0,0,0,0,0,0,0,0,0,0,1,0,0,0,0,0,0,0,0,0,2,0,0,4,0,0,0,0,0,0,0,0,0,0,17,0,0,0,0,0,0,0,5,0,0,0,0,0,0,0,0,0,0,0,0,0,0,0,0,0,0,1,0,0,4,0,0,0,0,0,0,0,1,0,0,0,0,0,0,1,0,0,0,0,1,0,2,0,0,0,4,0,0,0,0,0,0,0,0,0,0,0,0,0,0,0,0,0,0,3,19,0,0,0,0,0,0,0,0,0,2,0,0,0,0,0,0,0,0,4,0,0,0,0,0,0,0,0,7,0,0,0,0,1
"3359x1091",2,0,3,0,1,4,0,3,16,6,1,1,0,0,0,0,0,0,6,19,0,0,0,0,38,2,20,0,0,0,1,0,9,3,0,0,0,2,1,0,10,0,27,0,0,0,0,28,0,0,0,0,0,0,0,0,34,0,0,0,7,0,4,0,0,1,0,0,0,0,0,0,0,0,0,0,7,0,0,0,0,0,0,0,0,10,17,0,0,0,0,8,0,10,14,0,3,3,0,9,0,6,3,2,0,0,0,1,0,0,8,14,0,0,0,0,0,0,0,0,2,2,7,0,0,3,0,0,0,0,0,3,50,4,0,6,0,0,0,0,1,5,13,0,2,1,4,0,0,0,0,0,4,0,0,0,0,1,0,1,39,0,2,0,0,0
"3323x6465",0,0,3,0,1,0,0,0,12,2,17,0,0,0,0,0,0,0,5,6,0,0,0,0,7,0,2,0,1,0,0,0,12,5,0,0,0,0,0,5,0,0,10,0,0,0,0,0,3,0,0,0,0,0,0,0,13,0,0,0,3,0,0,0,0,0,2,0,0,0,0,0,0,2,0,0,7,0,6,0,0,0,0,0,1,22,19,0,7,0,0,4,0,1,18,0,0,4,2,7,0,16,0,4,0,0,0,0,0,0,3,0,5,0,0,0,0,0,0,0,1,0,0,0,0,19,0,0,0,2,0,0,54,1,1,1,0,0,0,0,0,0,2,0,0,0,0,5,0,0,0,0,0,0,1,0,0,0,0,0,24,0,0,0,0,0
"3364x5937",0,0,0,0,0,0,0,0,0,0,0,0,0,2,0,0,0,0,1,6,0,5,0,0,0,0,2,0,0,0,0,0,4,0,0,0,0,0,0,0,0,0,23,0,0,3,0,0,0,0,0,0,0,0,0,0,1,0,0,0,1,0,0,11,0,0,0,0,0,0,0,0,0,1,0,0,1,0,0,0,0,0,14,0,0,18,4,0,0,0,0,0,0,0,4,0,0,0,1,2,0,3,0,0,0,0,0,0,0,0,0,5,0,0,0,0,0,0,0,0,0,0,0,0,0,0,0,0,0,0,0,7,46,0,0,8,0,0,0,0,0,2,3,1,0,0,0,5,1,0,5,0,0,0,0,0,0,0,0,0,32,0,0,0,0,0
"3359x5256",0,0,21,0,5,1,6,1,4,0,7,0,0,0,1,0,0,0,4,10,0,0,0,0,0,0,0,0,0,0,0,0,4,4,10,0,0,2,0,2,2,1,5,0,0,0,0,0,0,0,0,0,0,0,19,0,2,0,0,0,0,0,0,0,2,0,0,0,0,0,0,0,11,0,0,0,0,0,0,0,2,0,0,0,8,0,8,0,0,0,0,0,0,0,0,0,0,0,0,0,0,0,0,0,0,0,0,0,0,0,16,0,0,0,1,0,0,0,0,0,6,0,1,0,0,0,0,0,0,0,0,0,11,0,0,0,0,0,0,0,1,0,0,1,0,0,0,0,0,0,6,0,0,0,0,0,0,0,0,1,2,0,0,0,0,0
"3362x3568",0,0,1,0,2,8,0,7,6,0,0,0,0,0,0,0,0,0,5,3,0,15,0,1,0,1,12,0,7,0,0,0,35,0,0,0,3,0,11,5,0,0,25,0,0,0,0,0,8,0,0,0,0,0,0,0,0,1,0,0,0,0,0,1,0,0,1,7,0,0,0,0,0,7,0,0,5,0,0,0,0,0,9,0,2,11,49,1,0,0,0,0,0,0,21,0,0,3,0,0,0,16,0,0,0,0,0,0,0,4,7,6,0,0,4,0,0,0,0,0,0,0,5,0,0,4,1,0,0,0,0,0,68,4,0,17,0,0,0,0,7,1,7,0,0,0,1,3,0,0,0,0,0,0,0,0,0,0,0,0,44,0,0,0,0,1
"3385x6253",0,0,16,2,2,1,1,7,7,5,8,0,0,0,0,0,0,0,4,0,0,0,0,0,22,2,8,0,0,0,0,0,8,3,0,0,0,0,0,10,0,0,2,0,0,0,0,0,0,0,0,0,0,0,0,0,0,0,0,0,0,0,0,0,0,0,0,0,0,0,0,0,0,0,0,0,0,0,0,0,0,0,0,0,7,6,21,0,0,0,0,22,0,0,25,0,0,0,0,15,0,25,0,0,0,0,0,0,0,0,22,13,7,0,0,0,2,0,0,0,0,0,0,0,0,1,0,0,0,0,0,0,60,0,0,14,0,0,0,0,0,0,25,0,0,0,1,1,1,4,0,3,0,0,0,0,0,0,0,0,11,0,0,4,0,0
"3383x5417",0,0,13,0,2,0,0,0,2,0,0,0,0,5,0,0,0,0,5,1,0,0,0,0,1,4,10,0,0,0,0,0,0,0,0,0,0,0,0,0,0,0,1,0,0,1,0,0,0,0,0,0,0,0,0,0,3,0,0,0,0,0,0,0,0,0,0,0,0,0,0,0,0,0,0,0,2,0,0,0,0,0,10,0,2,0,0,0,0,0,0,0,0,0,1,0,0,0,0,11,0,1,3,1,0,0,2,0,0,0,0,10,0,0,3,0,0,0,0,0,0,0,0,0,0,0,0,0,0,0,0,0,24,0,0,1,0,0,0,0,0,6,0,0,0,0,0,0,0,0,1,0,0,0,0,0,0,0,0,0,0,0,0,0,0,0
"3414x4881",0,0,0,3,0,0,0,0,15,0,10,0,0,0,0,0,0,0,4,6,0,0,0,0,6,4,0,0,0,0,0,0,0,9,0,0,0,0,0,0,0,0,11,0,0,3,0,0,0,0,0,0,0,0,0,0,1,0,0,0,0,0,0,2,0,0,0,1,0,0,0,0,0,0,0,0,0,0,7,0,0,0,0,0,0,0,3,0,0,0,0,1,0,0,0,3,0,0,0,17,0,0,0,16,0,0,7,0,0,0,7,0,0,0,5,0,0,0,0,0,0,0,0,0,0,1,0,0,4,0,0,3,66,1,0,0,0,0,0,0,0,0,13,0,0,4,2,0,0,0,0,0,7,0,0,0,1,0,5,0,7,0,3,13,3,0
"3386x1833",0,0,4,0,0,0,0,0,0,0,0,0,0,0,0,0,0,0,1,1,0,14,1,0,0,0,0,2,0,0,0,0,23,0,0,0,0,0,3,0,0,0,7,0,0,0,0,0,0,0,0,0,0,0,0,0,0,0,0,0,1,0,0,0,0,0,0,0,0,0,0,0,0,0,0,0,2,0,1,0,0,0,1,0,0,2,3,0,0,0,0,0,0,0,8,0,0,0,0,11,0,0,0,0,0,0,0,0,0,0,0,0,5,0,0,0,0,0,0,0,0,0,0,0,0,0,0,0,0,0,0,0,4,0,0,0,0,0,0,0,0,0,1,0,0,0,0,1,0,0,0,0,0,0,0,0,0,0,0,0,0,0,0,5,0,0
"3389x3123",1,0,39,0,1,1,0,4,17,0,0,0,0,3,4,0,0,0,6,0,0,0,0,0,0,4,3,0,1,0,0,0,22,0,0,0,28,7,0,4,0,5,11,0,0,5,0,13,0,0,0,0,0,0,0,0,2,0,0,0,5,0,0,1,0,0,0,0,0,0,0,0,0,0,0,0,0,0,3,0,0,0,0,0,1,5,13,0,0,0,0,27,0,0,7,0,6,14,0,0,0,2,0,6,0,0,0,2,0,0,21,1,7,0,1,0,0,0,2,0,0,0,3,0,0,2,0,0,0,0,0,2,67,0,0,11,0,0,0,0,0,0,10,0,0,0,0,0,0,0,0,0,0,0,0,0,0,0,0,0,0,0,0,0,12,0
"3416x4672",0,2,0,0,0,1,0,0,2,0,2,0,0,0,0,0,0,0,0,0,0,4,0,0,0,1,0,0,0,0,0,0,0,0,14,0,9,0,0,0,0,0,20,0,0,0,0,0,0,0,0,0,0,0,0,0,0,0,0,0,0,0,0,0,0,0,0,5,0,0,0,0,0,0,0,0,3,1,0,0,0,0,0,0,1,0,9,0,0,0,0,0,0,0,25,0,0,4,0,4,0,4,0,3,0,1,0,0,0,0,2,0,0,0,0,0,0,0,0,0,0,0,1,0,0,0,0,0,0,0,0,0,8,0,0,4,0,0,10,0,0,0,2,0,0,0,0,0,0,0,0,0,0,0,0,0,0,0,0,0,0,0,0,1,0,0
"3411x5640",0,0,5,0,5,1,0,0,25,2,4,0,0,0,0,0,0,0,13,1,0,0,0,0,0,0,11,0,0,0,0,0,5,0,1,0,62,7,8,15,0,0,15,0,0,0,0,7,6,0,0,0,0,0,0,0,4,0,0,0,3,0,1,2,0,0,0,0,0,0,0,0,0,0,0,0,8,0,0,0,0,0,0,0,0,0,1,0,0,0,0,19,0,0,0,0,2,6,0,2,0,24,0,13,0,0,0,6,0,0,5,29,0,0,13,0,0,0,0,0,0,0,0,0,0,0,0,0,0,0,0,0,56,2,0,2,4,0,1,0,0,19,10,0,0,0,0,0,1,0,0,1,0,0,0,0,2,0,0,0,2,0,2,8,0,0
"3427x4528",0,2,6,0,5,0,0,0,2,0,3,2,0,0,0,0,0,0,4,0,0,3,0,0,0,4,12,0,0,0,0,2,3,0,0,0,56,0,13,0,0,0,30,0,0,0,0,1,0,0,0,0,0,0,0,0,7,0,0,0,11,0,0,7,9,0,0,1,0,0,0,0,0,12,0,0,1,1,0,0,0,0,1,0,0,8,0,0,0,0,0,7,0,2,22,0,4,0,1,13,0,1,0,5,0,0,0,0,0,0,3,0,0,0,0,2,0,0,0,0,0,0,7,0,0,1,0,0,0,0,0,4,50,0,0,11,0,0,0,0,0,0,0,0,7,0,0,0,0,0,0,0,0,0,0,0,0,0,0,0,10,0,0,3,0,0
"3453x878",0,0,0,0,2,0,0,0,18,0,2,8,0,0,0,0,0,0,3,3,0,13,0,0,0,0,8,0,0,0,0,0,0,1,0,0,0,0,4,3,0,0,2,0,0,0,0,1,4,0,0,0,0,0,0,0,0,0,0,0,0,0,0,2,0,0,0,0,0,0,0,0,0,0,0,0,0,0,0,0,0,0,0,0,0,0,0,0,2,0,0,9,0,0,1,1,0,0,0,2,0,1,0,0,0,0,0,0,0,0,1,0,0,0,0,0,0,0,0,0,0,0,14,0,0,0,0,0,0,0,0,0,7,3,0,0,0,0,0,0,0,0,0,0,0,0,0,0,0,0,0,0,0,0,0,0,0,0,0,0,13,0,0,2,0,0
"3466x2740",0,0,0,1,0,3,0,0,16,0,0,0,0,0,9,0,0,0,6,5,0,0,0,0,1,0,0,0,0,0,0,0,2,3,0,0,0,0,0,1,0,0,5,0,0,0,0,0,0,0,0,1,0,0,0,0,10,0,0,0,1,0,7,0,0,0,1,0,0,0,0,0,0,0,0,0,5,0,1,0,0,0,0,0,2,0,11,0,0,0,0,0,0,0,5,0,0,0,0,12,0,1,0,15,0,0,0,16,0,0,6,25,0,0,0,0,0,0,0,0,0,0,2,0,0,0,0,0,0,0,0,4,27,0,0,0,0,0,0,0,0,1,7,0,0,0,2,0,0,0,0,0,0,0,0,0,0,0,0,0,1,0,1,0,0,0
"3466x3930",5,0,14,0,2,2,0,2,15,0,0,2,1,0,0,0,3,0,6,4,0,0,0,0,0,0,0,0,0,0,0,0,1,0,0,0,0,0,0,7,0,0,9,0,0,0,0,0,0,0,0,0,0,0,0,1,11,0,0,0,3,0,0,14,0,0,0,0,0,0,0,0,8,0,3,0,1,0,8,0,0,0,0,0,0,13,9,0,0,0,0,7,0,0,0,0,0,0,0,0,0,31,0,9,0,0,0,0,0,0,42,19,4,1,0,0,0,0,0,0,0,0,0,0,0,0,0,0,0,0,0,0,48,0,0,3,0,0,0,0,0,0,18,0,0,0,5,0,8,0,0,0,0,0,0,0,0,0,0,0,25,0,0,4,0,0
"3511x5866",0,0,0,0,2,0,0,0,2,0,3,0,0,0,24,0,0,0,3,5,0,0,0,0,0,4,9,0,0,0,0,0,48,7,0,0,41,0,14,1,0,9,9,0,0,3,0,40,32,0,0,0,0,0,13,0,0,0,0,0,6,0,0,7,0,0,0,3,0,0,0,0,0,0,0,0,0,0,0,0,0,0,0,0,0,0,4,2,0,0,0,38,0,1,5,8,1,6,0,11,0,0,0,5,0,0,0,13,0,0,4,30,15,0,5,0,0,0,0,0,1,4,6,0,0,0,0,0,4,0,0,0,39,0,0,0,0,0,0,0,1,21,10,0,0,0,0,0,0,0,0,0,0,0,0,0,6,1,80,0,0,1,0,1,3,0
"3493x6025",0,0,7,0,0,0,0,6,18,0,0,0,0,0,2,0,2,0,5,2,0,7,0,0,0,4,2,0,0,0,0,0,12,0,0,5,10,0,7,0,0,0,17,0,0,0,0,1,0,0,0,0,0,0,0,0,1,0,0,0,4,0,0,0,0,0,0,0,0,0,0,0,0,4,0,0,20,0,0,0,0,0,2,1,1,4,4,0,0,0,0,6,0,0,1,1,4,13,0,1,0,7,0,12,0,0,1,0,1,0,32,1,0,0,0,0,0,0,0,0,0,0,1,0,0,1,0,0,0,0,0,0,55,1,0,1,0,0,0,0,0,1,5,0,0,0,0,0,0,0,0,1,0,0,0,0,0,0,0,0,8,1,1,0,0,0
"3487x4430",0,0,1,0,3,0,0,0,15,0,0,0,0,0,0,0,0,0,3,0,0,0,0,0,0,0,7,0,0,0,0,0,0,0,0,0,3,0,3,2,0,0,16,0,0,0,0,0,0,0,0,0,0,0,0,0,7,0,0,0,2,0,0,4,0,0,0,0,0,0,0,0,0,9,0,0,2,0,0,0,0,0,0,0,0,0,2,0,0,0,0,3,0,1,3,0,0,0,1,0,0,0,0,2,0,0,0,0,0,0,3,0,0,4,0,0,0,0,0,0,0,8,7,0,0,1,0,0,0,0,0,0,3,0,0,10,0,0,0,0,0,0,7,0,0,1,0,0,1,0,0,0,0,0,0,0,0,0,0,0,6,0,0,0,0,0
"3497x5218",0,0,0,0,0,0,8,0,15,0,3,0,1,0,0,0,0,0,4,0,0,0,4,0,9,0,7,0,0,0,0,0,0,1,0,5,0,0,0,9,0,0,8,0,0,0,0,2,0,0,0,0,0,1,0,0,14,1,0,0,0,0,0,0,0,0,0,0,0,0,0,0,0,16,0,0,0,0,0,0,0,0,0,0,0,16,5,0,0,0,0,0,0,0,32,0,0,0,4,1,0,2,0,6,0,0,0,0,0,0,7,6,0,0,0,0,0,0,0,0,0,2,3,0,0,0,0,0,0,0,0,0,27,0,0,3,0,0,0,0,2,1,9,0,0,0,0,0,0,0,0,0,0,0,0,0,0,0,0,0,10,0,0,0,0,0
"3507x2973",0,0,0,0,0,0,0,0,21,0,0,0,0,0,0,0,0,0,2,8,0,0,0,0,0,0,0,0,0,0,0,0,0,0,0,0,0,0,0,5,0,0,0,0,0,7,0,0,0,1,0,0,0,0,0,0,2,0,0,0,0,0,0,0,0,0,0,3,0,0,0,0,0,0,0,0,1,0,0,0,1,0,0,0,4,11,17,0,0,4,0,0,0,0,28,0,0,0,0,0,0,0,0,0,0,0,0,0,0,0,11,3,0,0,8,0,0,0,0,0,0,0,7,0,0,2,0,0,0,0,0,6,45,0,0,1,0,0,0,0,0,0,5,0,0,0,10,0,0,0,0,0,0,0,0,0,0,0,0,1,8,0,0,0,0,0
"3542x5733",0,0,13,0,12,3,0,0,26,0,21,2,0,0,0,0,0,0,6,0,0,0,0,0,0,5,7,0,0,2,0,0,19,1,1,3,46,0,6,4,0,0,12,0,0,11,0,3,0,0,0,0,0,0,0,0,8,12,0,0,4,0,0,0,0,0,0,3,0,0,0,0,0,0,0,0,0,0,11,0,0,0,0,0,0,0,7,2,0,0,0,34,0,1,0,7,0,6,1,2,0,14,0,20,0,0,0,6,9,0,24,24,3,1,4,0,3,1,0,0,0,0,0,0,0,0,0,0,0,0,0,0,92,0,0,2,1,0,25,0,1,7,12,0,0,0,0,0,1,0,0,0,8,0,0,0,0,0,1,0,1,3,16,0,0,0
"3531x5104",0,0,1,0,1,1,0,0,7,0,0,0,0,0,0,0,3,0,2,0,0,1,3,0,6,0,0,0,7,0,0,0,5,7,0,0,34,1,0,11,0,0,1,0,0,6,0,17,0,0,0,0,0,0,0,0,9,0,0,0,0,0,0,0,0,0,2,0,0,0,0,0,5,5,0,0,4,0,0,0,0,0,0,0,0,3,2,0,0,0,0,4,0,3,39,0,0,0,4,0,0,4,0,5,0,0,0,0,0,0,1,16,0,1,5,0,0,0,0,0,0,2,0,1,0,0,0,0,0,0,0,1,51,0,0,6,0,0,0,0,1,2,11,0,0,0,0,0,3,0,0,0,0,0,0,0,0,0,0,6,0,0,0,10,0,0
"3521x3696",3,0,6,0,3,1,0,4,7,0,10,0,0,0,0,0,0,0,6,3,0,0,0,0,10,0,9,0,5,0,0,0,15,0,0,1,26,0,6,0,0,0,4,0,0,2,0,0,0,0,0,1,0,0,0,0,3,0,0,0,1,0,1,0,0,0,0,3,0,0,1,0,0,0,0,3,1,0,0,0,0,0,8,0,0,0,12,0,4,0,0,2,0,0,2,0,0,0,0,2,0,7,1,0,0,0,0,0,0,0,8,9,0,5,0,0,0,0,0,0,0,2,0,1,0,1,0,0,0,0,0,0,75,0,0,0,0,0,0,0,0,2,10,0,0,0,1,0,0,0,0,1,0,0,0,2,1,0,0,0,16,0,3,0,0,0
"3546x6184",2,0,6,1,3,0,0,0,22,10,13,1,2,5,0,0,0,0,5,0,0,0,0,0,0,11,8,0,0,0,0,0,2,0,0,0,11,0,0,14,0,0,5,0,0,14,0,0,0,0,0,0,0,0,0,2,2,0,0,0,0,0,0,0,0,0,0,14,0,0,0,0,0,0,0,0,0,0,0,1,0,0,0,0,5,0,21,0,3,0,0,28,0,0,16,0,0,0,0,2,0,9,0,0,0,0,0,0,0,0,19,6,0,0,0,0,0,0,0,0,0,0,21,0,0,0,0,0,0,0,0,0,46,0,3,4,0,0,0,0,0,0,19,0,0,0,0,1,1,0,0,0,0,0,0,0,0,3,0,0,23,0,9,0,0,0
"3541x2110",0,0,28,0,2,3,0,14,26,0,8,0,0,0,0,0,0,0,3,11,0,0,0,0,4,13,0,0,1,0,0,0,4,0,0,0,0,0,1,2,0,2,17,0,0,0,0,0,0,3,0,0,0,0,0,0,2,0,0,0,0,0,0,0,13,0,0,1,0,0,0,0,4,0,0,0,5,0,0,0,0,0,14,0,4,9,33,0,4,0,0,7,0,9,33,0,0,0,0,0,0,0,0,11,0,0,0,0,0,0,8,27,4,0,0,0,0,0,0,0,0,2,2,0,0,5,0,0,0,0,0,0,80,0,0,33,0,0,0,0,0,3,18,0,0,0,0,0,6,0,0,8,0,0,0,0,0,0,1,0,6,0,0,4,0,0
"3543x4744",0,0,1,0,3,1,0,0,31,0,0,0,1,0,0,0,0,0,2,0,2,0,0,0,0,0,4,0,0,0,0,0,11,6,0,0,0,0,11,0,0,0,15,0,0,0,0,0,2,0,0,0,0,0,0,0,5,0,0,0,0,1,0,0,0,0,0,0,0,0,0,0,0,0,1,0,2,0,0,0,0,0,1,0,0,15,11,0,0,0,0,0,0,0,1,0,0,0,0,0,0,5,0,0,0,0,0,4,0,0,0,1,14,0,0,0,0,0,0,0,0,0,0,0,0,0,0,0,0,0,0,0,25,0,0,0,0,0,0,0,0,0,3,0,0,0,0,0,0,0,0,0,0,0,0,0,0,0,0,1,14,0,0,11,0,0
"3573x4973",1,0,9,0,1,0,0,0,18,0,12,0,0,3,0,0,0,0,5,0,0,1,0,0,4,0,4,0,0,0,0,0,0,0,0,0,43,0,0,5,1,0,11,0,0,3,0,1,6,0,0,0,0,0,0,0,19,0,0,0,32,0,0,0,0,0,0,1,0,0,0,0,0,2,6,0,4,0,0,0,0,0,6,0,0,12,10,0,0,0,0,0,0,0,4,0,0,0,2,0,0,4,0,7,0,0,0,0,0,0,46,1,0,4,0,2,0,0,0,0,0,0,0,0,0,0,0,0,0,0,0,0,18,3,0,5,0,0,4,0,0,0,1,0,0,0,0,0,0,0,0,3,0,0,0,2,0,0,0,0,36,0,0,0,0,0
"3572x1917",0,0,14,0,6,3,5,2,1,0,7,13,0,5,0,0,1,0,13,3,0,2,0,0,11,14,0,0,1,5,0,0,1,0,0,0,60,8,13,0,0,3,30,0,5,0,0,19,2,0,0,0,0,0,0,0,14,0,0,0,20,0,0,0,0,0,1,0,0,0,0,0,0,0,0,0,0,0,0,0,0,0,0,0,0,14,7,2,6,0,0,12,0,1,4,0,1,4,0,0,0,5,0,14,4,0,0,0,0,0,6,11,0,12,0,0,0,0,0,0,0,0,0,0,0,11,0,0,0,4,0,17,111,0,0,3,0,0,5,0,0,0,10,0,0,0,0,0,0,0,0,13,0,0,0,0,0,0,0,0,8,0,0,1,0,0
"3591x2599",0,8,5,0,0,4,4,36,17,0,14,1,0,2,0,0,0,0,10,7,0,0,0,0,46,12,9,0,0,0,0,0,30,6,0,0,0,0,0,1,0,0,24,0,1,1,0,1,4,3,0,0,4,0,0,1,10,0,0,0,0,3,4,0,0,0,1,1,0,0,0,0,0,0,0,0,6,0,0,1,0,0,1,3,15,20,29,0,0,0,0,0,0,2,27,0,0,4,0,17,0,7,0,12,0,0,0,9,9,0,24,3,0,1,6,0,0,0,0,0,0,0,40,0,0,0,1,0,0,0,0,12,76,0,0,1,0,0,1,0,0,2,19,0,0,0,0,0,0,0,0,0,10,0,0,0,0,0,0,0,6,0,0,3,0,0
"3598x997",0,0,0,1,0,1,0,0,9,0,15,0,1,1,55,0,1,0,0,4,0,0,0,0,0,0,0,0,0,0,1,0,0,27,0,0,6,0,1,0,0,0,2,0,0,0,0,5,1,0,2,1,0,0,8,1,0,0,0,0,1,0,0,0,0,1,0,0,0,0,0,0,0,0,0,0,0,1,0,0,0,0,5,0,0,0,0,0,9,0,1,0,0,0,0,0,6,0,0,8,0,0,0,3,0,0,7,10,0,0,24,2,5,0,3,0,0,0,0,0,1,0,2,2,0,3,0,0,0,0,0,0,27,1,0,3,0,0,2,0,0,3,2,0,2,0,0,0,0,0,0,1,0,0,0,0,0,0,382,0,0,0,0,0,4,0
"3587x1792",0,2,1,0,0,1,0,0,5,0,0,6,0,0,0,0,0,0,7,2,0,0,0,0,0,11,0,0,0,0,0,0,13,0,0,0,18,1,3,0,0,0,1,0,0,0,0,0,2,0,0,0,0,0,0,0,1,0,0,0,1,0,0,0,0,0,0,0,0,0,0,0,0,0,0,0,4,0,0,0,0,0,3,0,2,0,7,0,0,0,0,2,0,0,1,0,2,0,0,0,0,3,0,0,0,0,0,0,0,0,7,0,0,0,10,1,0,0,0,0,0,0,2,0,0,0,0,0,2,0,0,0,81,2,0,3,0,0,0,0,0,2,1,0,0,0,0,0,0,0,0,0,0,0,0,0,3,0,0,0,8,0,4,0,11,0
"3621x3884",0,0,1,0,0,1,0,28,11,6,0,0,0,0,0,0,0,0,3,1,0,0,0,0,18,0,0,0,0,0,0,0,4,1,0,0,4,0,3,0,0,0,20,0,0,0,0,0,0,0,0,0,0,0,0,0,8,0,0,0,6,0,0,0,0,3,0,2,0,0,0,0,0,0,0,0,0,0,4,0,0,0,2,1,0,16,8,0,0,0,0,1,0,1,13,0,0,0,0,2,0,2,0,0,0,0,0,0,0,0,6,21,3,0,5,0,0,0,0,0,0,0,0,0,0,0,0,0,0,0,0,0,73,0,0,14,0,0,5,0,0,0,17,0,0,0,0,0,0,0,0,0,0,0,0,0,0,0,0,0,12,0,0,0,0,0
"3612x4320",3,0,23,0,5,2,0,0,22,2,3,3,0,0,0,0,0,0,6,1,0,0,0,0,14,0,11,0,0,0,0,0,5,12,0,0,13,4,11,0,0,0,17,0,0,0,0,9,8,0,0,0,0,0,0,0,14,0,0,0,4,1,0,0,0,0,0,0,0,0,2,0,0,0,0,0,4,0,0,0,0,0,0,0,1,15,6,0,1,0,0,24,0,0,2,2,1,9,0,1,0,12,0,2,0,0,4,0,0,0,14,0,0,4,2,0,0,0,0,0,4,0,10,0,0,9,0,0,0,0,0,1,98,10,0,0,0,0,0,0,0,0,13,0,0,0,0,0,0,0,0,0,1,0,0,0,0,0,0,0,9,0,0,0,0,0
"3638x1640",0,0,2,0,8,1,0,4,9,0,1,13,0,0,0,0,0,0,11,0,0,0,0,0,0,1,12,0,0,0,0,0,6,0,0,0,17,0,0,0,0,0,13,0,0,9,0,0,5,0,0,0,0,0,0,0,0,0,0,0,0,0,0,0,0,0,0,4,0,0,0,0,0,0,0,0,0,0,0,0,0,0,0,0,3,0,6,0,2,0,0,23,0,7,0,2,0,1,0,10,0,5,0,16,0,0,1,0,0,0,4,18,0,0,0,0,0,0,0,0,0,1,0,0,0,9,0,0,0,0,0,0,92,8,1,0,0,0,0,0,0,0,2,0,0,0,0,0,0,0,0,0,0,0,0,0,0,0,0,0,5,0,0,0,8,0
"3665x3543",0,0,23,6,1,0,0,0,9,0,0,0,0,3,0,0,0,0,5,7,0,3,19,4,0,0,1,0,0,0,0,0,5,17,0,0,0,0,0,7,1,1,2,0,0,19,0,0,0,0,0,0,0,0,0,0,10,0,0,0,0,0,0,0,0,0,1,0,0,0,0,0,0,10,2,0,0,0,0,6,0,0,4,0,2,6,17,0,0,0,0,0,0,0,7,2,0,0,0,8,0,6,0,15,0,0,0,0,0,0,13,8,0,0,6,0,0,0,0,0,0,0,0,0,0,0,0,0,0,0,0,0,32,35,0,11,0,0,0,0,0,0,3,0,0,0,0,0,2,0,0,0,12,0,0,0,5,0,0,0,15,0,0,1,5,0
"3672x3705",0,0,12,5,5,1,0,28,1,0,5,0,3,0,0,0,1,0,3,6,0,0,0,0,5,1,2,0,0,0,0,0,1,2,0,0,46,4,0,6,0,1,19,0,0,3,0,0,0,0,0,0,0,0,0,0,6,0,0,0,26,0,0,1,0,0,0,1,0,0,0,1,1,0,0,0,1,0,0,0,0,0,9,1,0,7,8,0,0,0,0,2,0,0,17,0,0,0,0,3,0,7,0,15,0,1,0,0,0,0,6,0,9,0,11,0,0,0,0,0,0,0,0,0,0,1,0,0,0,0,0,2,37,0,0,3,0,0,0,0,0,4,11,0,0,0,0,0,0,0,0,0,2,0,0,0,0,0,0,0,2,0,0,7,1,0
"3662x1282",0,0,19,2,0,0,0,0,0,0,0,0,0,0,0,0,0,0,1,2,0,0,0,0,0,0,0,0,0,0,0,0,0,11,5,0,0,0,0,0,0,5,0,0,0,2,0,0,8,0,0,0,0,0,0,0,5,0,0,0,0,0,2,0,0,0,0,2,0,0,0,0,0,6,0,0,0,0,0,0,0,0,0,0,0,0,1,0,0,0,0,6,0,0,0,0,0,0,0,0,0,1,0,0,0,0,0,0,0,0,0,0,0,2,2,0,0,0,0,0,0,0,6,0,0,0,0,0,0,0,0,0,19,0,0,0,0,0,0,0,0,0,1,0,0,0,0,0,0,0,0,0,0,0,0,0,0,0,0,0,12,0,0,0,0,0
"3662x4119",15,4,4,0,0,1,1,0,5,0,0,0,2,0,0,0,0,0,8,7,0,7,0,0,16,0,0,0,0,2,0,0,19,0,0,9,40,1,12,8,0,1,11,0,0,0,0,21,14,0,0,0,0,0,0,0,14,0,0,0,14,0,0,0,0,0,0,4,0,0,0,0,2,0,0,0,6,0,12,0,0,0,0,0,0,0,13,0,0,0,0,27,0,0,1,1,0,1,2,4,0,17,0,29,0,0,0,3,0,0,53,19,0,0,0,0,0,0,0,0,0,0,7,6,0,0,0,0,3,0,0,18,86,13,0,0,0,0,0,0,8,10,12,0,0,0,0,0,0,0,0,0,0,0,0,0,0,1,4,0,3,0,7,0,4,0
"3690x3439",1,0,8,0,0,1,0,0,9,0,1,0,0,0,0,0,0,0,0,5,0,0,0,0,0,0,0,0,1,0,5,0,3,2,0,0,5,0,0,6,0,26,11,0,0,0,2,0,0,0,0,0,0,1,0,0,0,0,0,0,0,0,0,0,0,0,0,0,0,0,0,0,0,7,5,0,5,0,0,6,0,0,0,0,0,0,1,0,0,0,0,2,0,0,0,3,0,0,0,3,0,0,0,0,0,0,0,0,0,0,0,9,0,0,6,0,0,0,0,0,0,0,0,0,0,0,0,0,0,0,0,0,2,1,0,0,5,0,0,0,0,0,0,0,0,0,0,0,2,0,0,0,0,0,0,0,0,0,0,0,7,0,0,0,0,0
"3689x1991",0,0,0,3,0,0,0,0,6,0,5,17,0,0,0,0,0,0,2,0,0,0,0,0,4,3,0,0,0,0,0,0,0,14,4,0,42,2,12,0,0,2,8,0,0,6,0,9,8,0,0,0,0,0,0,0,1,0,0,0,16,1,0,0,0,0,0,0,0,0,0,0,0,0,0,0,0,0,0,0,0,0,0,0,0,0,0,0,1,0,0,19,0,0,0,0,0,0,0,1,4,5,0,6,0,0,0,0,0,0,0,7,0,0,7,0,0,0,0,0,7,0,0,0,0,0,0,0,0,0,0,2,18,0,0,0,0,0,0,0,0,0,7,0,0,0,0,0,0,0,0,2,3,0,0,0,0,0,0,0,0,0,0,8,2,0
"3687x2908",0,0,6,0,0,0,0,0,41,0,6,0,0,0,0,0,0,0,2,0,0,0,0,0,18,0,0,0,0,0,0,0,0,17,0,0,0,0,0,0,0,0,5,0,0,0,0,0,0,0,0,0,0,0,0,0,0,0,0,0,0,0,0,0,0,0,0,5,0,0,0,0,0,0,0,0,0,0,0,0,0,0,0,7,0,26,14,0,0,0,0,0,0,0,0,0,0,1,1,0,0,5,0,0,0,0,0,0,1,0,26,3,13,5,0,0,0,0,0,0,0,0,0,0,0,0,0,0,0,0,0,2,32,0,0,0,0,0,0,0,0,0,17,0,0,0,0,0,0,0,0,0,0,0,0,0,0,0,0,0,0,0,0,4,0,0
"3680x4808",0,0,6,0,3,0,0,0,16,0,5,0,0,0,0,0,0,0,3,1,0,0,4,0,1,0,0,0,0,0,0,0,27,0,0,0,3,0,0,4,4,0,6,0,0,0,0,0,0,0,0,0,0,0,0,0,0,0,0,0,7,0,0,0,0,0,2,0,0,0,0,0,0,0,0,0,7,0,0,0,0,0,0,0,1,0,4,0,0,0,0,2,0,0,41,0,0,3,0,1,0,0,0,0,0,0,4,0,0,0,1,0,4,0,0,0,0,0,0,0,0,0,6,0,0,0,0,0,0,0,0,0,32,0,0,5,0,0,0,0,0,0,15,0,0,0,0,0,0,0,4,0,0,0,0,0,0,4,0,0,2,0,0,11,0,2
"3710x1762",7,4,2,0,1,0,0,4,13,0,3,0,1,0,0,0,0,0,12,3,0,1,0,0,0,1,11,0,0,0,0,0,22,0,0,1,7,0,0,0,0,0,17,0,0,9,0,0,2,0,0,1,0,0,0,0,11,0,0,0,0,0,0,0,0,0,2,1,0,0,0,0,4,2,0,0,2,0,1,0,0,0,0,0,4,0,18,0,0,0,0,3,0,7,0,0,0,0,0,1,0,0,0,10,0,0,1,0,0,0,2,5,0,1,0,0,0,0,0,0,0,0,0,1,0,0,3,0,0,0,0,0,40,0,0,0,0,0,0,0,0,2,4,0,0,0,0,0,0,0,0,0,0,0,0,0,0,0,0,0,5,0,0,0,1,0
"3720x2151",0,0,2,0,0,1,0,0,27,0,2,0,0,0,0,0,0,0,5,2,0,0,0,0,10,0,2,0,0,0,0,0,0,0,0,0,0,0,0,0,0,15,5,0,0,0,0,0,12,0,0,0,0,0,0,0,31,0,0,0,9,0,0,0,0,1,0,7,1,0,0,0,0,12,0,0,0,0,1,0,0,0,0,0,0,7,18,0,0,0,0,5,0,0,36,0,1,0,0,15,0,19,0,4,0,0,0,0,0,0,5,1,0,0,3,1,0,0,0,0,2,3,1,5,0,0,0,0,0,0,0,0,41,2,2,6,0,0,0,0,0,1,12,0,0,0,0,10,0,0,0,0,4,0,0,0,12,0,2,0,10,0,0,1,0,0
"3696x4553",0,0,0,0,7,0,0,0,15,0,0,1,0,0,0,0,0,0,0,0,0,0,0,0,0,0,2,0,2,0,0,0,15,0,0,0,3,0,0,0,0,0,37,0,0,0,0,0,1,0,0,0,0,0,7,0,9,0,0,0,0,0,0,0,0,0,0,0,0,0,0,0,0,0,0,0,3,0,0,0,0,0,0,0,2,0,10,0,0,0,0,8,1,3,4,0,0,6,0,0,0,2,0,6,0,0,0,0,0,0,20,11,1,0,0,0,0,0,0,0,0,0,0,0,0,0,0,0,0,0,0,0,32,0,0,8,0,0,0,0,0,1,5,0,0,0,0,0,0,0,2,0,0,0,0,0,1,0,0,0,9,0,0,0,0,4
"3711x4679",0,0,18,0,0,0,0,0,16,0,0,1,0,0,0,0,0,0,0,1,0,0,0,0,1,0,9,0,8,0,0,0,10,7,0,0,0,0,0,3,0,0,13,0,0,0,0,0,0,0,0,0,0,0,0,0,0,0,0,0,3,0,0,6,0,0,0,1,0,0,0,0,0,10,0,0,1,0,0,0,0,0,0,2,8,2,17,0,0,0,0,1,0,0,8,0,0,6,0,1,0,9,0,2,0,0,0,2,0,0,3,8,0,0,0,0,0,0,0,0,0,0,7,0,0,2,0,0,0,0,0,0,15,1,0,5,0,0,0,0,0,0,2,0,0,0,0,0,0,0,0,0,0,0,0,0,0,3,0,9,6,0,0,1,0,0
"3753x6514",0,6,4,0,0,0,0,0,5,0,0,1,0,1,0,0,0,0,11,0,0,0,0,0,0,10,8,0,0,0,2,0,1,3,0,0,35,0,0,1,0,0,1,0,0,0,0,4,0,0,0,0,0,0,0,0,1,0,0,0,10,0,0,8,0,0,0,0,0,0,0,0,0,0,0,0,0,0,0,0,0,0,0,0,0,0,0,0,0,0,0,7,0,3,0,0,0,3,0,1,0,1,0,26,0,0,0,0,0,0,11,0,0,0,0,0,0,0,0,0,0,0,0,0,0,1,0,0,0,0,0,0,6,0,0,0,0,0,0,0,3,4,2,0,0,5,14,0,0,0,0,1,0,2,0,0,0,0,0,0,14,0,0,0,4,0
"3719x2629",0,0,1,6,1,1,0,0,5,0,5,7,0,0,0,0,0,0,7,3,0,0,0,0,0,0,6,0,4,9,0,0,2,10,0,0,9,0,0,0,0,0,10,0,0,0,0,1,0,0,0,0,0,1,0,0,15,0,0,0,3,0,0,0,0,0,0,1,0,0,0,0,0,0,0,0,0,0,0,0,0,0,1,4,0,7,11,0,0,0,0,0,0,0,12,0,0,0,1,4,0,0,0,8,0,0,0,0,0,0,0,0,0,0,4,0,0,0,0,0,0,2,0,0,0,0,0,0,0,0,0,13,10,0,0,0,0,0,0,0,0,0,0,0,0,0,8,0,0,0,2,3,0,0,0,0,0,0,0,0,0,0,0,0,0,0
"3733x4309",3,0,0,0,0,1,0,1,2,0,17,0,0,0,0,0,0,0,0,3,0,0,0,0,0,17,0,0,0,0,0,0,6,0,0,2,15,0,2,0,0,29,3,0,0,1,0,0,0,0,0,0,0,0,0,0,1,0,0,0,3,0,3,0,0,6,3,0,0,0,0,0,0,0,0,0,0,0,0,0,0,0,0,0,0,1,6,0,0,0,0,4,0,0,1,1,0,0,0,0,0,0,0,0,0,0,0,0,2,0,0,2,0,0,0,0,0,1,0,0,0,0,0,0,0,0,0,0,0,0,0,0,46,1,0,1,0,0,0,0,0,4,13,0,0,0,0,0,0,0,0,0,0,0,0,0,5,0,0,0,4,0,0,0,0,0
"3766x5297",0,1,18,0,14,2,0,9,64,0,16,4,1,0,0,0,0,0,22,0,0,1,0,0,0,10,1,0,0,0,0,0,22,5,0,0,29,13,2,8,0,2,11,0,0,21,0,24,4,0,0,0,0,0,0,0,3,3,2,0,13,0,1,0,0,0,0,4,0,0,0,0,0,7,2,0,4,0,1,0,3,0,1,5,0,0,19,0,3,0,0,7,0,4,28,0,0,0,4,0,10,9,0,7,0,0,13,0,0,0,0,3,0,0,1,0,0,0,0,0,0,0,7,2,0,1,0,0,0,0,0,1,130,0,0,11,0,0,0,0,1,1,12,0,0,0,0,3,0,0,0,0,0,0,0,0,0,1,1,4,10,15,8,3,0,0
"3761x1123",0,6,21,1,2,2,0,0,29,0,5,0,0,0,12,0,0,0,5,6,0,18,0,0,1,0,0,0,0,0,0,0,26,23,2,13,3,0,0,6,0,0,18,0,0,3,0,12,2,0,0,0,2,0,6,0,8,0,0,0,10,0,2,9,0,0,0,2,0,2,0,0,0,0,0,0,1,0,0,0,0,0,0,0,0,4,13,0,0,0,0,9,0,0,0,3,0,0,3,6,0,0,0,14,0,0,0,3,0,0,5,0,0,0,2,0,0,0,0,0,0,4,5,0,0,1,0,0,0,0,0,0,54,0,0,25,0,0,0,2,0,1,18,0,0,0,0,0,0,0,0,0,0,0,4,0,0,0,68,0,9,0,6,0,0,0
"3727x6042",0,0,0,6,3,0,0,16,0,0,0,0,0,0,0,0,0,0,1,0,0,0,1,0,0,19,0,0,0,0,0,0,1,19,0,0,0,0,0,0,0,0,0,0,0,0,0,1,0,0,0,0,0,0,0,0,0,0,0,0,0,0,0,0,0,0,0,0,0,0,0,0,0,0,0,0,0,0,0,0,0,0,0,0,0,0,0,0,2,0,0,0,0,0,4,0,0,6,0,1,0,0,0,0,0,0,0,0,0,0,0,0,0,0,2,0,0,0,0,0,0,0,0,2,0,0,0,0,0,0,0,0,0,0,0,2,0,0,0,0,0,0,1,0,0,0,0,12,0,0,0,0,0,0,0,0,0,0,0,0,4,0,0,1,0,0
"3814x5458",0,0,14,0,5,0,0,1,4,0,2,0,0,5,0,0,1,0,2,0,0,0,0,0,0,0,1,0,0,0,0,0,5,10,0,0,2,0,11,2,0,0,8,0,0,0,0,2,0,0,0,0,0,1,6,0,0,0,0,0,5,0,0,0,6,0,0,1,2,0,0,0,0,0,0,0,1,0,0,0,17,0,0,0,0,0,0,0,0,0,0,0,0,0,0,0,1,0,1,7,0,0,0,0,0,0,0,0,0,0,4,10,1,0,9,0,0,0,0,0,0,0,0,0,0,0,3,0,0,0,0,0,44,5,0,7,0,0,0,0,0,0,0,10,0,0,20,0,1,0,0,1,0,0,0,0,0,0,0,0,18,0,0,0,0,0
"3795x3235",0,1,0,0,0,0,0,0,6,0,0,0,0,0,0,0,0,0,0,6,0,0,0,0,0,0,2,0,0,0,0,0,0,5,0,2,0,0,0,0,0,0,3,0,0,0,0,0,3,0,0,0,0,0,0,0,10,0,0,0,0,0,0,13,0,0,0,11,0,0,0,0,0,7,0,0,0,0,0,0,0,4,0,0,2,0,5,0,0,0,0,1,0,0,6,0,0,0,0,0,0,4,0,0,0,0,0,1,4,0,0,4,0,0,6,0,0,0,0,0,0,2,0,0,0,15,0,0,2,0,0,0,75,0,0,0,0,0,0,0,0,5,6,0,0,0,5,0,0,0,0,0,0,0,0,0,0,0,5,0,9,0,0,2,0,0
"3805x5811",0,3,1,0,1,2,0,0,11,0,14,3,2,3,1,0,0,0,13,2,0,5,0,0,0,0,0,0,5,0,3,0,0,0,0,0,93,19,18,0,0,0,40,0,0,8,0,34,4,0,0,0,0,0,0,0,10,0,0,0,18,0,0,0,0,0,0,0,0,0,0,0,0,0,0,0,0,0,0,3,0,0,0,0,0,7,4,0,1,0,3,7,0,1,0,1,0,4,2,11,0,4,0,18,0,0,0,0,0,0,6,14,0,0,0,0,0,0,0,0,0,0,0,0,0,5,0,0,0,0,0,6,107,0,0,13,0,0,0,0,1,1,7,1,0,0,0,0,5,0,0,0,0,0,0,0,0,0,0,0,2,0,6,0,9,1
"3795x751",0,0,5,0,0,1,0,0,16,0,4,0,1,2,0,0,0,0,6,0,0,0,21,0,0,0,0,0,0,0,0,0,1,2,0,0,0,0,0,0,0,0,10,0,0,0,0,0,0,0,0,0,0,0,0,0,0,5,0,0,0,0,0,0,0,0,0,2,0,0,0,0,0,0,0,0,0,0,0,0,0,0,0,0,6,2,0,0,0,0,0,6,0,15,2,0,0,0,0,5,0,0,0,0,0,0,0,0,0,0,0,0,6,0,4,0,0,0,0,0,0,0,0,0,0,0,0,0,0,0,0,0,49,0,1,0,0,0,0,0,0,0,8,0,0,0,2,0,0,0,0,0,0,0,0,0,0,0,0,0,3,0,0,12,3,0
"3800x2317",0,0,0,0,3,0,0,0,5,13,0,0,0,0,0,0,0,0,1,3,0,0,0,0,0,21,0,0,0,0,0,0,7,3,0,0,0,0,0,0,1,0,5,0,0,0,0,0,0,0,0,0,0,0,0,0,1,0,0,0,0,0,0,0,0,0,0,0,0,0,0,0,0,2,0,0,0,0,0,0,0,0,1,0,0,8,3,0,0,0,0,1,0,0,0,0,0,12,0,10,1,2,6,3,0,0,1,0,0,0,3,0,4,0,0,0,0,0,0,0,0,0,6,0,0,0,0,0,0,1,0,0,9,0,0,0,0,0,0,0,0,0,0,0,17,0,0,0,0,0,0,1,0,0,0,0,0,0,12,0,4,0,0,18,0,0
"3799x4039",0,0,0,0,0,0,1,0,0,0,0,0,0,4,0,0,0,0,3,0,0,5,0,0,0,0,0,0,0,0,0,0,11,0,0,0,6,0,0,0,0,2,24,0,0,0,0,0,0,0,0,0,0,0,4,0,12,0,0,0,0,0,0,2,0,0,0,0,0,0,0,0,0,0,0,0,5,0,4,0,0,0,0,0,0,0,4,0,0,0,0,3,0,0,0,0,0,0,0,6,0,0,0,0,0,0,0,0,0,0,2,8,1,0,0,0,1,0,0,0,0,0,4,0,0,0,1,0,0,0,0,0,45,0,0,0,0,0,23,0,0,1,1,0,0,0,5,0,0,0,0,1,0,0,0,0,0,0,2,0,0,0,0,0,1,0
"3833x4772",0,0,18,0,2,0,0,0,12,0,0,0,0,0,0,0,1,0,8,0,0,0,0,0,0,13,4,0,0,0,0,0,11,4,0,0,5,0,0,0,0,0,20,0,0,20,0,0,2,0,0,0,0,0,0,0,0,0,0,0,1,0,0,0,0,0,1,0,0,0,0,0,0,0,0,3,0,0,7,0,0,0,1,1,1,0,2,16,2,0,0,21,0,1,9,2,0,0,0,0,0,5,0,16,0,0,2,2,0,0,9,5,0,0,1,0,0,0,0,0,0,0,17,0,0,12,0,0,0,0,0,13,32,0,0,4,0,0,0,0,4,4,10,1,0,0,0,0,0,0,0,1,0,0,0,0,0,0,0,2,4,0,6,0,4,0
"3831x1304",0,0,34,0,1,5,2,0,52,0,16,1,0,0,5,0,0,0,12,9,0,0,0,0,10,0,0,0,0,0,0,0,0,1,0,0,0,5,0,0,1,14,27,0,0,0,0,0,9,0,0,0,0,0,0,0,39,0,0,0,1,0,0,0,0,0,0,21,0,0,0,0,0,0,0,0,2,0,0,0,4,0,0,1,0,20,5,0,2,0,0,23,0,3,22,7,0,0,0,2,0,3,0,2,0,0,0,0,0,0,27,12,2,10,8,0,0,0,0,0,0,0,0,0,0,8,0,0,8,0,0,0,131,2,0,28,0,0,2,2,0,3,3,0,0,2,0,0,0,0,0,0,1,0,0,0,5,0,1,0,0,0,14,0,0,0
"3867x5191",0,0,11,0,3,1,0,3,26,3,16,9,0,0,0,0,1,0,12,12,0,3,0,0,5,4,4,0,0,0,0,0,23,0,0,0,55,12,27,0,0,0,19,5,0,15,4,12,2,0,0,0,0,0,0,0,8,0,0,0,32,0,0,0,0,0,1,0,0,0,0,0,4,8,0,0,0,0,0,3,0,0,0,2,0,0,6,9,1,0,2,19,0,4,8,0,0,2,0,0,0,8,0,4,0,0,15,0,6,0,15,17,0,0,1,0,0,0,0,0,0,1,2,4,0,5,0,0,0,0,0,0,73,0,0,4,0,0,6,0,1,1,12,12,0,0,0,0,0,0,0,0,0,0,0,0,0,8,0,0,15,7,11,28,6,0
"3843x3447",0,0,0,0,0,0,0,0,0,0,2,0,7,0,0,0,0,0,0,0,0,0,0,0,2,0,0,0,3,0,3,0,0,4,0,0,0,0,0,0,0,0,3,0,0,0,4,0,0,0,0,0,0,0,0,0,0,0,0,0,0,0,0,0,0,0,0,0,0,0,0,1,0,0,41,0,0,0,0,2,0,0,0,0,0,0,0,0,0,0,11,0,0,0,0,0,0,0,12,0,0,0,0,0,0,0,2,0,0,0,0,4,0,0,0,0,0,0,0,0,0,0,0,0,0,0,0,0,0,0,0,0,0,0,1,0,1,0,0,0,0,0,0,0,0,0,0,0,0,0,0,0,0,0,0,0,0,0,0,0,0,0,0,0,0,0
"3902x6520",3,5,2,0,6,10,2,4,27,0,23,0,0,0,0,0,0,0,9,0,1,0,0,2,0,7,7,0,0,0,0,2,1,0,0,18,85,14,22,5,0,0,50,0,0,4,0,89,10,0,0,0,0,0,0,0,16,0,0,0,34,0,2,0,0,0,2,0,0,0,0,0,0,0,0,0,1,0,8,0,0,0,0,0,0,4,1,0,3,0,19,20,0,3,2,3,0,0,0,0,0,2,34,19,0,0,2,0,10,0,15,5,0,0,0,0,0,1,0,0,0,0,0,0,0,1,0,0,0,0,0,6,113,9,0,1,0,0,5,0,0,9,14,1,0,0,6,0,0,0,0,0,0,3,0,10,0,0,0,0,12,9,1,5,35,0
"3927x793",2,7,90,0,12,11,0,23,26,0,5,9,2,0,0,0,0,0,26,3,0,0,18,0,19,0,9,0,7,0,0,0,1,4,0,0,24,0,8,0,0,7,23,0,0,0,0,0,16,0,1,0,0,0,0,0,9,0,0,0,16,0,0,1,0,0,0,2,0,0,0,0,1,1,0,5,2,0,1,0,0,0,10,1,2,20,24,0,1,0,0,8,0,16,12,7,1,1,0,2,0,9,0,27,0,0,0,0,0,0,15,5,0,13,1,0,0,0,0,0,0,2,24,0,0,3,0,0,0,0,0,27,118,1,0,6,0,1,0,0,0,0,5,0,0,0,0,0,8,0,0,9,21,0,0,0,0,0,0,0,14,0,13,14,4,0
"3941x1810",0,0,6,0,3,1,0,11,14,0,8,0,1,0,0,0,0,0,12,0,0,0,0,0,0,0,10,0,0,0,0,0,0,2,0,0,10,10,3,7,0,0,6,0,0,6,0,21,0,0,0,0,0,0,0,0,26,0,0,0,1,0,0,0,4,0,0,0,0,0,0,0,0,0,0,0,1,0,0,0,0,0,0,2,0,1,12,0,0,0,0,10,0,3,0,0,0,0,0,11,0,3,0,11,1,0,0,0,10,0,5,17,7,3,0,0,0,1,5,0,0,0,0,0,0,22,0,0,1,0,0,1,50,0,0,0,0,0,0,0,4,0,4,0,0,0,0,0,0,0,0,0,0,0,0,0,0,0,0,0,0,0,0,0,3,0
"3934x3757",0,0,9,0,0,0,0,1,36,0,1,1,9,0,0,0,0,0,3,5,0,6,0,0,12,0,0,0,0,0,0,0,1,0,0,4,0,0,0,0,0,0,35,0,0,8,1,0,0,0,0,0,0,0,0,0,6,0,0,0,11,5,0,0,0,0,0,3,0,0,0,0,0,0,0,3,9,0,0,0,1,0,0,2,16,4,0,0,0,0,4,0,0,12,0,2,0,0,0,12,0,2,0,12,0,0,0,0,0,0,1,11,0,0,0,0,0,0,0,0,0,0,0,0,0,0,0,2,0,0,0,6,51,6,7,9,0,0,0,0,17,2,25,0,0,0,0,0,0,0,0,0,0,0,0,0,2,1,0,0,18,4,0,28,12,0
"3956x4150",2,0,38,7,8,0,0,2,44,0,21,13,4,2,0,0,0,0,19,10,1,1,0,0,0,0,11,4,0,0,0,0,38,0,0,7,40,0,1,8,0,29,36,0,0,3,0,7,0,0,0,0,0,0,0,0,12,0,0,0,29,8,0,0,0,0,0,0,0,0,0,0,1,0,0,0,4,0,0,0,0,0,0,0,6,31,24,0,3,0,0,19,0,4,7,0,2,0,0,15,0,0,9,19,1,0,4,11,0,0,13,12,2,0,2,1,1,2,0,0,0,2,21,1,2,0,1,0,1,0,0,0,223,4,0,14,0,0,2,0,1,7,10,0,0,0,0,0,0,0,0,0,0,0,0,0,6,0,8,0,30,6,9,14,5,0
"3943x3148",0,0,20,0,1,2,0,0,36,0,17,0,0,0,0,0,0,0,1,1,0,0,0,0,2,0,10,0,3,0,0,0,4,0,0,0,0,0,0,0,0,1,12,0,0,0,0,3,0,0,0,0,0,0,0,0,7,0,0,0,15,0,0,4,0,0,0,2,0,0,0,0,0,0,0,0,1,0,0,0,0,0,3,0,1,0,16,0,0,0,6,1,0,0,7,0,0,0,1,1,0,7,0,14,0,0,6,0,0,0,35,11,0,0,0,0,0,0,0,0,0,0,1,0,0,2,0,0,0,0,0,0,86,3,0,3,0,0,0,0,0,2,4,0,0,0,0,0,0,0,0,0,0,0,0,0,0,0,0,1,40,0,0,0,2,0
"3974x3879",0,0,13,0,0,0,0,1,17,0,1,0,0,0,0,0,1,0,0,4,0,0,5,0,2,0,0,0,1,0,0,1,0,0,0,2,0,0,0,0,0,2,13,0,0,0,0,0,0,0,0,3,0,0,0,0,11,0,0,0,0,0,0,0,0,0,0,0,0,0,0,0,0,0,0,0,2,0,0,0,0,0,1,0,6,5,0,0,0,0,0,0,0,0,0,3,0,0,0,12,0,4,0,0,0,0,0,0,0,0,6,6,0,0,0,0,0,0,0,0,0,0,0,0,0,0,0,0,0,0,0,2,12,0,0,0,0,0,0,0,6,2,15,0,0,0,0,0,0,0,0,0,0,0,0,0,2,1,0,0,7,0,0,0,6,0
"3940x2689",3,0,8,0,5,2,0,11,18,0,0,0,2,3,0,0,3,0,5,0,2,11,0,0,0,11,0,0,0,0,0,0,3,0,0,0,7,0,2,8,1,0,15,0,0,0,0,6,1,0,0,0,0,0,0,0,0,0,0,0,19,7,0,0,0,0,0,2,0,0,0,0,0,11,1,0,0,0,0,0,1,0,1,0,3,2,2,0,0,0,0,0,0,0,9,0,0,0,4,0,0,2,0,0,0,0,0,0,0,0,0,7,0,4,6,0,0,0,0,0,0,0,5,0,0,3,0,0,0,0,0,0,67,0,0,0,0,0,0,0,0,0,20,0,0,0,0,0,0,0,0,0,0,0,0,0,5,0,0,0,20,0,0,14,0,0
"3947x3581",0,0,0,0,0,1,0,0,0,0,25,0,30,0,0,0,0,0,0,3,0,0,0,0,0,0,0,0,0,0,0,0,0,0,0,0,0,0,0,0,0,0,18,0,0,0,2,0,0,0,0,0,0,0,0,0,0,0,0,0,0,8,0,0,1,0,2,0,0,0,0,0,0,0,176,0,0,0,0,0,0,0,0,0,0,0,0,0,0,0,0,0,0,0,0,0,0,0,0,1,0,0,0,0,0,0,0,0,0,0,0,0,9,0,0,0,0,0,0,0,3,0,0,0,0,0,0,0,0,0,0,5,0,0,0,0,0,3,0,0,0,0,2,0,0,0,0,0,0,0,0,0,0,0,0,0,0,0,0,0,0,1,0,0,0,0
"3972x2174",4,0,33,0,0,0,0,1,28,0,12,0,1,0,1,0,0,0,8,1,0,0,1,0,12,0,4,0,12,0,0,0,0,8,0,0,12,0,0,0,0,27,27,0,0,1,0,0,0,0,0,0,0,0,0,0,7,0,0,0,0,0,0,5,4,0,0,5,0,0,0,0,0,0,0,0,1,0,0,0,0,0,1,0,14,72,15,0,0,0,0,7,0,9,19,0,0,0,2,3,0,3,0,0,0,0,10,0,0,0,0,0,0,0,0,0,0,0,0,3,0,2,8,0,0,0,0,0,0,0,0,0,43,0,0,0,4,0,80,0,0,1,5,0,0,0,0,0,0,0,0,0,0,0,0,0,0,0,0,0,35,0,1,6,2,0
"3992x224",0,0,64,0,3,1,0,11,15,2,13,0,0,6,0,2,0,0,3,17,0,2,0,0,44,4,7,0,9,0,0,0,1,3,0,0,0,0,0,0,2,6,48,0,0,32,2,0,14,0,0,0,1,0,0,0,24,0,0,0,0,0,0,0,0,0,1,17,0,0,0,0,0,0,0,0,1,0,13,0,1,0,0,0,0,0,17,0,4,0,0,0,0,0,19,14,0,2,0,10,0,18,14,0,0,0,16,0,0,0,2,18,4,0,0,0,0,0,0,0,0,0,14,0,0,0,0,0,0,0,0,15,97,0,0,8,0,0,2,3,10,0,28,0,0,0,5,7,5,2,0,2,9,0,2,0,0,0,0,0,44,0,2,1,10,0
"4008x1037",0,0,12,0,1,0,0,0,0,0,13,2,22,0,0,0,0,0,0,24,0,0,0,0,0,0,4,0,0,0,0,0,6,1,4,0,0,0,2,0,0,0,4,0,0,0,0,0,1,0,1,0,0,0,0,0,8,0,0,0,0,0,0,0,5,0,0,0,0,0,0,0,0,18,4,0,0,0,5,0,0,0,0,0,0,0,9,0,0,0,0,0,0,0,0,0,0,0,0,0,0,0,11,1,0,0,4,0,0,0,12,6,1,2,0,0,0,0,0,0,1,0,0,0,0,0,1,0,0,0,0,17,26,0,0,0,0,0,0,0,0,0,0,0,0,0,0,0,0,0,5,3,0,0,0,0,0,0,0,0,3,0,0,0,1,0
"3996x2018",0,0,14,0,0,0,0,0,7,0,8,0,3,0,1,0,0,0,0,23,0,0,0,0,0,0,12,0,0,0,0,0,7,0,0,0,2,0,0,0,0,0,12,0,0,0,0,0,0,0,0,0,0,0,9,12,3,0,0,0,0,1,0,11,0,0,0,1,0,0,0,0,0,0,0,0,0,0,0,0,0,0,0,0,0,3,10,0,0,0,0,0,0,0,0,0,0,0,1,0,3,0,0,0,0,0,0,0,0,0,0,0,6,1,1,0,0,0,0,0,7,0,0,0,0,0,0,0,0,0,0,0,26,0,0,6,1,0,945,0,0,24,0,0,0,0,0,0,0,0,0,0,0,0,0,0,0,0,0,0,2,4,0,0,0,0
"4012x2519",0,17,6,0,1,1,0,1,35,0,4,28,0,3,4,0,0,0,5,2,2,0,0,0,0,0,0,0,0,4,0,0,0,2,0,0,37,2,1,0,0,0,8,0,0,0,0,5,9,0,0,0,1,0,0,0,2,0,0,0,14,2,0,0,0,0,2,1,0,0,0,0,0,1,6,0,1,0,0,0,0,0,0,0,7,2,2,4,26,1,36,16,0,6,8,8,0,1,4,7,0,6,0,6,0,0,0,0,0,0,32,17,1,45,3,0,0,2,0,0,0,6,1,0,0,7,0,0,1,0,0,0,34,1,0,0,0,0,0,0,0,0,24,0,0,0,0,0,0,0,0,1,4,0,4,0,0,0,0,0,7,0,3,7,1,3
"4026x2847",5,0,3,0,4,0,1,0,28,4,30,0,4,0,0,0,0,0,0,11,0,10,0,0,12,1,4,0,0,0,3,0,0,0,0,18,0,4,0,9,0,0,39,0,2,22,0,0,0,2,0,1,0,0,0,0,9,0,1,0,0,0,0,0,0,0,0,3,0,0,0,0,0,11,0,0,0,0,0,0,0,0,1,3,0,4,30,0,0,0,0,0,0,11,19,16,0,14,1,0,8,8,6,5,0,0,0,0,0,0,0,14,1,0,9,0,0,0,0,0,0,0,2,0,0,0,0,5,0,0,0,5,50,2,0,2,0,0,0,0,15,0,21,0,0,0,0,5,0,0,2,0,10,0,5,0,1,0,2,0,26,6,0,7,0,0
"4007x6258",2,0,9,7,8,3,0,0,9,0,0,2,1,0,0,0,0,0,3,2,0,0,0,0,0,0,0,0,7,0,0,0,0,10,0,0,34,6,28,0,0,0,35,0,0,0,9,49,1,0,0,0,0,0,0,0,3,0,0,0,19,0,0,0,0,0,0,1,0,0,0,8,0,0,0,0,0,0,4,0,0,0,0,0,0,2,0,0,0,0,5,0,0,1,2,0,0,0,0,0,0,0,0,0,0,0,0,0,0,0,0,20,6,9,0,0,0,0,0,0,0,0,0,0,0,1,0,0,0,0,0,0,29,1,0,0,0,0,0,0,0,3,0,0,0,0,0,0,0,0,0,0,0,0,0,0,0,0,0,0,0,5,3,0,0,0
"4003x4792",0,0,0,0,5,2,0,0,41,3,0,0,0,0,0,0,0,0,5,0,0,0,0,0,0,0,2,0,0,0,0,0,0,0,0,0,44,0,1,10,0,0,20,0,0,0,0,9,3,0,0,0,0,0,0,0,3,0,0,0,0,0,0,0,0,0,2,0,0,1,0,0,0,0,0,0,1,0,0,0,0,0,0,0,0,0,3,0,0,0,0,2,0,2,0,0,6,0,0,4,0,1,27,0,0,0,0,0,0,0,27,0,0,0,13,0,0,0,0,0,0,0,0,0,0,3,0,0,0,0,0,0,30,0,4,1,0,1,0,0,0,3,3,0,0,0,0,0,0,0,0,0,0,0,0,2,3,0,0,0,0,0,0,0,16,0
"4056x1245",0,0,7,0,0,0,0,0,3,0,6,0,0,0,0,0,0,0,12,1,0,0,0,0,0,0,0,0,0,0,0,0,0,1,0,0,0,0,0,0,0,0,6,0,0,10,0,0,0,0,0,0,0,0,0,0,6,0,0,0,0,0,0,0,1,0,0,0,0,0,0,0,0,0,0,0,2,0,0,0,0,0,1,0,0,0,6,0,0,0,0,14,0,1,0,1,7,0,2,0,21,0,0,0,0,0,0,0,0,0,31,0,0,0,0,0,0,0,0,0,0,0,0,0,0,4,0,0,1,0,0,3,68,1,0,1,0,0,0,0,1,0,5,0,1,0,10,0,0,0,0,1,0,0,0,0,0,0,0,0,1,0,2,5,0,3
"4063x3450",0,0,0,0,0,0,0,0,0,0,0,0,31,0,0,0,0,0,0,0,0,0,0,0,0,0,0,0,0,5,2,0,0,2,26,0,0,0,0,0,0,0,4,0,0,0,25,0,0,0,0,0,0,0,0,0,0,0,0,0,0,0,0,0,1,0,0,0,0,0,0,0,0,0,78,0,0,0,0,16,1,0,0,0,0,0,0,0,0,0,0,5,0,0,0,11,0,0,0,0,0,0,0,0,0,0,6,0,0,0,0,3,0,0,0,0,0,0,0,0,0,0,0,0,0,0,0,0,0,0,0,0,0,0,0,0,0,0,0,0,0,0,0,0,0,0,0,0,0,0,1,0,0,0,0,0,0,0,0,0,0,0,0,0,0,0
"4052x4572",0,0,9,0,4,0,0,0,0,0,0,0,0,0,0,0,0,0,5,0,0,0,0,0,0,0,0,0,0,0,0,0,0,2,0,0,13,0,3,0,0,29,8,0,6,0,0,0,0,0,1,0,0,0,0,0,0,0,0,0,0,0,0,0,0,6,0,0,0,0,0,0,0,0,0,0,0,0,2,0,0,0,0,0,0,0,5,0,0,0,0,0,0,0,0,0,0,0,0,0,0,1,7,0,0,0,0,0,0,7,3,0,0,0,0,0,0,1,0,0,1,0,6,0,0,0,0,0,0,0,0,0,15,0,0,0,2,0,0,2,0,0,1,0,0,0,0,0,0,0,0,0,0,0,0,0,0,0,0,0,0,4,0,0,0,0
"4091x1491",6,5,9,0,0,1,4,0,8,0,14,0,0,0,0,0,0,0,6,11,0,0,0,0,5,0,0,0,1,0,0,0,0,0,0,0,15,0,0,0,0,0,12,0,0,0,0,0,0,0,0,0,0,0,0,0,0,0,0,0,0,0,0,0,0,0,1,0,0,0,0,0,0,0,0,0,0,0,0,0,0,0,0,4,0,0,0,0,0,0,0,27,0,0,0,0,0,0,0,0,0,3,0,5,0,0,0,0,0,0,9,10,2,0,0,0,0,0,0,0,3,9,0,0,0,1,0,0,0,0,0,0,96,0,0,2,0,0,0,0,0,0,16,0,0,0,0,0,0,0,0,0,0,0,0,0,0,0,0,0,2,0,3,3,3,0
"4099x2666",0,9,2,0,17,2,0,1,14,4,0,23,4,19,0,0,0,0,9,17,0,4,0,0,0,0,0,0,0,0,0,0,0,0,0,0,63,0,16,0,0,6,23,0,0,0,0,41,7,0,0,0,0,0,0,0,14,0,0,0,37,10,0,0,0,0,2,0,0,0,0,0,0,9,0,0,2,0,12,10,0,0,0,0,15,0,6,4,0,1,4,6,0,0,1,0,0,0,0,3,0,1,0,0,0,0,0,4,1,0,23,3,1,15,0,0,0,0,1,0,0,4,6,0,0,9,0,6,4,0,0,0,46,0,0,12,0,0,0,0,0,0,11,0,0,0,16,0,0,0,0,0,0,0,0,0,0,0,0,0,9,0,3,0,4,2
"4064x6440",0,0,0,0,0,0,0,1,4,7,2,0,0,1,0,0,0,0,6,1,0,0,0,0,0,0,0,0,0,0,0,0,0,5,3,0,13,0,2,0,0,0,18,0,0,0,0,7,0,0,0,0,0,0,0,0,0,0,0,0,0,0,0,1,0,0,1,4,0,0,0,0,35,0,0,0,0,0,3,0,0,0,3,0,0,7,2,0,0,0,0,2,0,0,2,6,0,1,2,3,0,0,0,0,0,0,3,0,0,0,0,0,0,0,0,0,0,0,0,0,0,0,0,2,0,0,0,3,0,0,0,0,21,0,0,0,0,0,0,0,0,5,6,0,0,0,0,0,0,2,0,0,0,0,7,0,0,0,0,1,4,0,4,15,3,0
"4084x6565",1,2,0,0,15,0,0,0,12,0,0,23,0,2,0,0,0,0,0,0,0,0,0,0,0,0,3,0,0,0,0,0,13,3,0,0,8,0,3,0,0,0,4,0,0,0,2,3,7,0,0,0,0,0,0,0,1,0,0,0,8,0,0,0,0,0,0,1,0,0,0,0,0,0,0,0,0,0,0,0,0,0,0,0,5,4,0,4,0,0,0,2,0,4,0,4,0,12,0,1,0,0,2,10,0,0,2,0,0,0,0,0,0,0,0,0,0,0,0,0,0,0,2,0,0,0,0,0,0,0,0,0,38,0,0,0,0,0,0,0,0,5,0,0,0,0,0,0,0,0,0,0,0,0,0,0,0,0,0,0,0,3,5,0,23,0
"4097x6103",0,0,0,0,1,1,0,0,3,0,7,0,0,11,0,0,0,0,2,0,10,1,0,0,0,0,0,0,0,0,0,0,0,0,0,0,2,2,4,0,1,0,5,0,0,0,0,0,0,0,0,0,0,0,0,0,0,0,0,0,0,0,0,0,19,0,0,0,0,0,0,0,0,0,0,0,0,0,3,0,0,0,1,0,0,0,0,0,0,0,16,1,0,0,8,0,0,0,0,0,0,0,0,0,0,0,0,0,0,0,0,0,6,0,0,0,0,0,0,0,0,0,0,0,0,0,1,0,0,0,0,0,14,0,0,1,0,0,0,0,21,0,6,0,0,0,0,0,0,0,0,0,0,0,0,0,0,0,0,0,11,3,0,0,2,0
"4104x5106",0,0,4,2,4,0,0,0,26,0,7,0,7,0,0,0,0,0,27,1,0,0,0,0,0,12,5,0,0,0,0,0,0,8,0,0,21,0,3,0,0,0,45,0,0,1,0,0,1,0,0,0,0,2,0,0,6,0,0,0,1,0,0,0,0,0,0,0,0,0,0,0,0,2,0,0,1,0,1,3,0,0,0,0,0,0,5,0,10,0,0,6,0,0,5,6,0,0,4,0,0,4,2,16,0,0,0,0,18,0,16,0,0,0,0,0,0,0,0,10,0,0,0,0,0,4,0,0,0,0,0,0,232,3,0,0,0,0,0,3,6,9,6,0,1,0,3,0,0,0,0,1,0,0,0,0,0,3,0,3,2,0,23,13,9,1
"4097x2291",0,0,3,0,6,0,0,0,2,0,4,16,0,0,35,0,0,0,2,0,0,0,0,0,0,5,0,0,0,0,0,0,0,0,0,0,8,0,0,0,0,9,3,0,0,0,0,2,0,0,0,0,0,0,1,0,0,0,0,0,0,0,0,0,0,0,0,0,0,0,0,0,0,0,0,0,0,0,0,0,0,0,0,0,0,0,0,0,0,0,4,6,0,0,0,0,0,0,2,0,0,1,0,0,0,0,0,3,9,0,29,8,0,2,7,0,0,0,2,0,0,0,0,0,0,0,0,0,0,0,0,0,8,0,0,0,0,0,4,0,0,0,5,0,0,0,0,0,0,0,0,0,0,1,0,0,0,8,68,2,12,0,6,0,0,0
"4089x528",5,2,32,1,6,7,0,22,32,14,5,2,1,2,4,0,0,0,49,27,0,2,0,4,22,0,8,0,0,14,15,0,7,5,0,0,40,2,14,2,0,28,26,0,0,2,0,8,7,0,1,2,0,0,0,5,4,0,0,0,43,6,1,1,0,0,0,0,0,1,0,0,0,5,0,0,2,0,0,0,0,0,1,0,0,8,35,0,1,0,7,3,0,1,6,5,0,6,0,0,0,27,0,17,0,0,0,3,0,0,0,2,0,11,6,0,0,0,0,0,0,0,0,14,0,0,0,0,0,0,0,0,166,16,0,10,0,0,1,4,2,0,32,0,2,0,0,0,0,0,0,12,1,0,0,0,0,0,5,0,26,2,34,0,10,0
"4110x3586",0,0,2,0,0,0,0,0,0,0,0,0,11,0,0,0,0,0,0,0,0,0,0,0,0,0,0,0,0,0,7,0,0,6,0,0,0,0,0,0,0,0,7,0,0,0,2,0,0,0,0,0,0,0,0,0,0,0,0,0,0,0,0,0,0,0,0,0,0,0,0,0,0,0,78,0,0,0,1,8,0,0,0,0,0,2,0,0,0,0,2,0,0,0,0,0,0,0,0,0,0,0,0,7,0,0,0,0,0,0,0,0,0,0,0,0,0,0,0,0,0,0,0,0,0,0,0,0,0,0,0,0,0,0,0,0,0,0,0,0,0,0,0,0,0,0,0,0,0,0,0,0,0,0,0,0,0,0,0,0,0,0,0,1,1,0
"4108x5879",0,0,0,0,2,3,0,0,4,0,0,0,1,0,0,0,0,0,12,3,0,0,0,0,1,0,3,0,0,0,0,0,10,3,0,3,57,3,18,12,0,0,29,0,0,0,0,43,4,0,0,0,0,0,0,0,3,0,0,0,12,0,0,0,0,0,0,3,0,0,0,0,0,0,0,0,3,0,0,0,0,0,0,0,0,0,2,0,0,0,7,22,0,2,2,1,3,0,0,0,0,2,5,1,0,0,0,0,0,0,15,0,1,1,0,0,0,0,0,0,0,0,0,0,0,1,0,0,0,0,0,0,99,0,0,0,0,0,0,0,2,20,2,0,0,0,1,0,0,0,0,0,0,0,0,0,0,0,0,0,8,10,8,0,10,0
"4147x2123",0,0,0,2,6,0,0,0,7,0,6,0,0,0,0,0,0,0,0,1,0,1,0,0,0,0,0,0,0,0,0,0,0,1,0,0,14,0,3,0,0,0,0,0,0,0,0,10,0,0,0,0,0,0,1,0,12,0,0,0,0,0,0,0,0,0,0,7,0,0,3,0,0,0,0,0,0,0,0,0,0,0,0,0,0,0,0,0,0,0,0,7,0,7,0,0,0,0,0,0,0,0,0,0,0,0,0,0,0,0,25,0,0,0,0,0,0,0,0,0,1,0,14,2,0,0,0,0,0,0,0,0,27,0,0,0,0,0,30,0,0,0,6,0,0,0,0,0,0,0,0,0,0,0,0,0,0,0,0,0,3,0,0,0,0,0
"4135x2429",0,6,13,0,2,0,0,6,33,0,1,1,0,0,12,0,0,0,3,8,0,2,1,0,21,12,5,0,0,0,5,0,23,0,0,0,21,0,1,0,0,22,33,0,1,6,0,2,4,0,0,0,0,0,0,0,17,0,0,0,11,0,13,0,0,0,0,4,0,0,0,0,0,0,0,0,0,0,0,1,0,0,0,0,0,10,1,12,0,0,0,11,0,24,16,3,5,2,0,2,0,7,0,0,0,0,4,0,9,0,43,4,8,14,0,0,0,0,1,0,0,6,6,0,0,0,0,0,0,0,0,0,38,1,0,0,0,0,0,0,0,0,13,0,0,0,0,0,0,0,0,1,0,0,0,0,0,0,0,0,0,0,6,5,0,0
"4180x4528",3,0,0,0,4,2,0,0,13,0,0,0,0,0,0,0,0,0,7,0,0,0,0,0,0,0,0,0,0,0,0,0,0,2,0,0,40,3,3,8,0,0,14,0,7,9,0,0,0,0,1,0,0,0,0,0,1,1,0,0,1,0,0,0,0,0,1,1,0,0,0,0,0,0,0,0,0,0,2,0,0,0,0,0,2,0,0,0,0,0,0,15,0,0,25,0,0,0,0,1,0,4,8,0,0,0,2,1,2,8,24,4,0,0,20,0,0,1,0,0,1,0,0,0,0,2,0,0,0,0,0,0,74,0,0,8,6,0,23,0,0,9,1,0,0,0,0,1,0,0,0,0,0,0,0,3,0,0,0,1,10,0,0,14,0,0
"4177x5444",0,18,26,0,19,0,14,4,25,0,2,9,0,0,0,0,3,1,2,0,0,1,0,0,0,0,25,0,0,0,0,0,19,7,0,0,191,10,37,0,0,1,34,0,2,4,0,52,35,0,0,0,3,0,0,0,2,0,0,0,41,0,0,0,0,0,1,1,0,0,1,0,0,0,0,0,0,0,2,0,0,0,9,0,0,1,0,16,2,0,6,59,0,9,5,11,0,0,0,1,0,7,39,21,0,0,5,0,0,0,19,6,3,0,5,0,0,1,0,0,2,0,3,0,0,0,7,0,0,0,0,0,85,3,0,3,0,0,0,0,0,3,1,0,0,0,0,1,4,2,0,0,0,0,0,0,1,2,0,0,0,9,1,15,14,0
"4199x1841",0,0,7,0,0,0,0,0,20,0,0,0,0,0,0,0,0,0,5,0,0,0,0,0,0,0,1,0,0,0,0,2,0,0,0,0,0,0,0,0,0,26,6,0,0,3,0,0,0,0,0,0,0,0,0,0,3,0,0,0,0,0,0,0,0,0,0,0,0,0,0,0,0,8,0,0,0,0,0,0,0,0,4,0,0,0,0,0,0,0,0,6,0,0,0,0,0,2,0,0,0,0,0,0,0,0,0,0,0,0,0,0,0,0,2,0,0,0,0,0,0,0,3,0,0,16,0,0,0,0,0,0,18,0,0,43,0,0,0,0,0,0,0,0,0,0,0,0,0,0,0,0,0,0,0,0,1,0,0,0,0,0,0,12,0,0
"4241x4940",0,0,0,0,1,0,0,0,1,0,6,0,0,1,0,0,0,0,1,0,0,0,0,0,0,0,0,0,0,0,0,0,0,0,0,0,0,0,2,0,0,14,0,0,0,0,5,0,0,0,0,0,0,0,0,0,0,0,0,0,0,0,0,0,0,0,0,1,0,0,0,0,0,6,0,0,0,0,0,0,0,0,0,0,8,0,0,0,0,0,0,3,0,0,0,0,0,6,0,0,0,0,0,10,0,0,0,0,0,0,13,0,0,0,1,2,0,0,1,0,0,7,1,0,0,0,0,0,0,0,0,0,12,5,0,0,0,0,0,0,0,0,9,0,7,0,0,0,0,0,0,0,0,0,0,0,0,0,0,0,0,0,10,0,0,0
"4274x970",0,0,15,0,25,0,0,0,16,0,18,1,5,1,3,0,0,3,8,18,0,0,0,0,13,12,5,0,0,0,0,0,0,10,3,0,25,19,19,0,0,4,16,0,0,2,5,16,12,0,0,0,0,0,0,0,16,2,0,0,4,0,0,14,0,0,0,0,0,0,0,0,0,0,12,0,2,0,0,0,0,0,0,0,0,0,14,0,10,0,0,24,0,3,12,0,0,0,4,26,0,2,0,4,0,0,6,5,0,0,46,1,0,9,17,0,0,0,0,0,1,0,9,0,0,4,0,1,0,0,0,0,66,0,0,19,0,1,0,1,0,0,7,0,0,0,0,3,0,0,0,0,0,0,0,0,2,1,0,0,42,0,10,0,3,0
"4244x3612",0,0,0,0,0,0,0,0,14,0,0,0,44,0,0,0,0,0,0,0,0,0,0,0,0,0,0,0,2,4,7,0,0,0,0,0,0,0,0,0,0,4,10,0,0,0,11,0,0,0,0,0,0,0,0,0,0,0,0,0,0,0,0,0,0,0,0,0,0,0,0,2,0,0,89,0,1,0,0,15,1,0,2,0,0,27,0,0,0,0,0,0,0,0,2,0,0,0,0,11,0,0,0,8,0,0,0,0,0,0,0,0,0,1,0,0,0,0,0,0,0,0,0,0,0,0,0,0,0,0,0,0,0,0,0,0,2,0,0,0,0,0,0,0,0,0,0,0,0,0,0,0,0,0,0,0,0,0,0,0,2,0,0,0,1,0
"4235x6338",1,0,2,3,0,1,0,13,1,0,1,0,0,2,1,0,0,0,4,0,0,4,0,0,0,0,12,0,0,0,0,0,0,2,0,0,33,11,6,0,0,0,11,0,0,15,0,2,10,0,0,0,10,0,0,0,0,0,0,0,1,0,0,0,0,0,0,0,0,0,0,0,0,0,0,0,0,0,0,0,5,0,2,0,0,0,0,0,0,0,9,14,0,2,1,4,0,0,0,15,0,0,4,17,0,0,0,0,0,0,0,0,8,5,0,0,0,0,0,0,0,0,8,0,0,0,0,0,0,0,0,0,14,9,0,0,0,0,0,0,2,3,0,0,1,0,0,0,0,0,0,0,0,0,0,0,0,0,0,0,0,1,3,0,9,0
"4237x3037",0,0,3,0,1,0,0,1,7,0,4,0,3,3,0,0,0,0,4,10,0,2,0,0,86,0,8,0,0,0,0,0,2,5,0,0,0,0,0,0,0,2,33,0,0,0,5,0,15,0,0,0,0,0,0,0,2,0,0,1,0,1,0,0,0,1,0,0,0,0,0,0,1,9,0,0,0,0,0,0,0,0,0,0,0,12,28,0,0,0,0,21,0,16,5,4,0,0,0,0,0,4,0,10,0,0,0,0,0,0,0,0,0,0,3,0,0,0,0,0,0,0,11,0,0,2,0,0,0,0,0,0,88,0,0,11,0,0,0,0,0,0,17,0,11,0,0,0,0,1,0,0,0,0,0,0,0,0,0,0,0,0,1,0,3,5
"4311x4318",0,5,0,0,17,0,0,0,18,0,1,0,0,0,0,0,0,0,19,9,0,0,0,0,0,0,2,0,0,0,0,0,0,13,0,14,3,0,0,0,0,3,14,0,0,3,0,0,0,0,0,0,0,0,0,0,13,19,0,0,2,0,0,0,6,0,0,3,0,0,0,0,0,11,0,0,0,0,0,0,0,0,0,0,0,14,5,0,0,0,0,5,0,1,1,0,0,4,0,0,0,17,0,0,0,0,0,0,0,0,15,16,3,7,0,0,0,0,0,0,0,0,5,0,0,4,0,0,7,0,0,0,134,14,0,9,0,0,0,1,6,0,9,0,0,0,0,0,1,0,0,3,0,0,0,0,2,0,0,0,1,13,12,4,0,0
"4388x1954",3,0,13,0,2,1,0,1,24,3,5,3,0,6,1,0,0,0,6,13,0,4,0,0,48,0,5,0,2,0,0,5,5,8,0,0,15,1,7,0,0,0,45,0,0,16,0,4,0,0,0,0,0,1,0,0,13,1,0,0,5,0,1,5,0,0,0,5,0,0,0,0,0,0,0,0,2,5,2,0,0,0,0,0,2,4,0,0,4,0,1,17,0,0,29,0,5,4,0,14,0,4,0,5,0,0,0,20,0,0,30,47,0,1,5,0,0,0,1,0,0,4,2,0,0,14,0,20,0,0,0,0,157,0,8,40,7,3,2,0,1,0,38,0,0,0,0,0,0,9,0,0,0,0,0,0,2,0,1,5,6,0,10,1,6,0
"4284x825",2,13,39,0,10,2,0,1,39,3,17,5,0,10,10,0,0,0,6,34,0,0,0,0,34,0,0,0,0,0,0,0,20,13,0,6,18,5,17,1,1,5,6,0,0,10,0,9,14,3,0,0,0,0,0,0,8,6,0,0,5,0,0,0,0,3,0,5,0,0,0,0,0,0,4,0,0,0,0,0,0,0,0,0,3,0,22,0,6,0,3,8,0,3,17,2,0,0,1,17,4,10,0,17,0,0,1,8,0,0,37,5,7,3,11,0,0,0,0,0,0,0,14,0,0,1,0,8,0,0,0,8,35,0,8,29,0,0,1,1,3,0,19,0,0,0,1,0,2,1,0,1,0,0,2,0,0,7,0,2,56,0,0,7,4,0
"4342x3036",0,0,6,0,0,0,0,0,4,0,12,0,0,0,0,0,0,0,0,0,0,0,0,0,1,2,5,0,0,0,3,0,0,0,0,0,0,0,0,0,0,0,12,0,0,0,0,0,8,3,0,0,0,0,0,0,3,0,0,0,0,1,0,0,0,0,0,0,0,0,0,0,0,0,0,0,0,0,0,0,0,0,0,0,0,4,9,0,0,0,0,1,0,10,8,4,0,0,0,0,0,0,0,6,0,0,0,0,0,0,9,8,0,0,0,0,0,0,0,0,0,0,1,0,0,0,0,0,0,0,0,1,27,0,0,0,0,0,0,0,1,0,13,0,0,0,0,0,0,0,0,0,0,0,0,0,0,0,0,0,1,0,0,0,0,0
"4345x3674",0,0,2,0,1,0,0,0,2,0,1,0,29,0,0,0,0,0,0,0,0,0,0,0,0,0,0,0,0,0,7,0,0,1,0,0,0,0,0,0,0,0,8,0,0,0,0,0,0,0,0,0,0,0,0,0,0,0,0,0,0,0,0,10,0,0,0,0,0,0,0,0,0,0,36,1,0,0,0,7,1,0,0,0,0,0,0,0,0,0,0,0,0,0,0,5,0,1,0,0,0,0,0,0,0,0,1,0,0,0,0,6,0,0,0,0,0,0,0,0,0,0,0,0,0,0,0,0,0,0,0,0,9,0,0,0,10,0,0,0,0,0,1,0,0,0,0,0,0,0,0,0,0,0,0,0,0,0,0,0,2,0,0,0,0,0
"4342x3202",0,0,8,4,0,0,0,0,14,1,3,7,0,0,0,0,0,0,0,0,0,1,0,0,8,0,5,0,0,0,5,0,0,1,0,0,16,6,5,0,0,0,22,0,0,0,0,64,21,0,0,1,0,0,0,0,0,0,0,0,4,0,0,0,1,0,0,2,0,1,0,0,0,0,0,0,0,0,12,0,0,0,0,0,0,0,3,4,0,0,0,4,0,0,0,0,0,0,1,0,1,0,9,0,0,0,0,0,1,0,4,4,0,0,5,0,0,0,0,0,0,0,0,0,0,0,0,0,0,0,0,0,53,0,0,9,0,0,0,0,0,0,0,0,0,0,0,0,0,0,0,0,0,0,1,1,1,0,0,0,6,0,0,5,20,0
"4379x6351",0,2,0,0,12,5,1,0,6,0,7,1,0,3,0,0,0,0,6,0,0,6,5,0,0,0,11,0,0,0,0,0,1,9,0,0,78,5,2,5,0,13,10,0,0,13,0,0,1,0,0,1,0,1,0,4,23,0,0,0,1,0,4,4,9,0,1,1,0,0,0,0,0,0,0,0,0,0,0,0,0,0,1,6,0,0,7,1,0,1,1,42,0,0,14,8,0,0,4,0,1,19,7,4,0,0,0,0,0,0,29,15,0,0,0,0,0,0,0,0,0,0,6,0,0,0,0,2,0,0,0,0,97,2,0,18,0,0,0,0,5,1,16,0,0,0,5,2,0,0,0,0,0,0,0,0,1,4,0,0,1,0,3,5,5,0
"4326x699",0,3,25,2,1,2,8,0,10,0,17,0,0,3,4,0,0,0,9,10,0,0,1,0,0,0,0,0,0,0,0,0,1,5,4,0,12,0,0,0,0,2,8,0,0,5,0,7,2,3,0,0,0,0,0,0,2,0,0,0,6,0,0,0,4,0,0,0,0,0,0,0,0,0,0,0,1,0,14,0,0,0,0,0,0,0,5,0,0,0,0,0,0,3,0,1,0,0,0,11,0,2,0,4,0,0,0,0,1,0,14,2,1,0,0,0,0,0,0,0,0,0,6,16,0,0,0,0,0,0,0,7,38,0,0,6,0,0,1,0,0,0,0,1,0,0,0,0,0,0,0,2,0,0,4,0,0,2,0,0,17,18,0,0,0,0
"4427x3354",0,7,13,0,7,2,3,0,14,7,0,26,0,0,0,0,10,2,3,0,0,1,0,0,0,0,5,14,0,0,0,0,0,1,0,0,44,0,37,0,0,0,4,0,0,13,0,175,23,0,0,0,0,0,0,0,0,0,0,1,22,0,0,0,0,0,3,0,0,0,0,0,0,0,0,0,0,0,0,0,0,0,0,0,0,0,3,1,3,0,0,0,0,4,1,0,0,0,0,0,0,8,0,4,0,0,0,6,0,0,4,7,0,9,0,0,0,0,0,0,0,0,5,0,0,0,0,4,1,0,0,0,4,0,0,8,0,0,0,0,0,1,0,0,0,0,0,0,0,0,0,0,0,0,0,0,0,0,0,0,3,0,0,0,2,0
"4395x5349",0,0,9,2,7,0,0,19,36,0,3,3,3,0,0,0,0,0,20,0,0,0,1,0,0,8,6,0,0,0,0,0,0,14,0,0,58,0,5,4,0,2,28,0,0,3,0,9,4,0,0,0,1,0,0,0,1,0,0,0,8,0,0,0,3,0,0,0,0,0,0,0,1,0,0,0,0,0,0,0,0,0,0,0,0,18,5,0,0,0,0,26,0,0,11,1,3,0,0,7,0,2,21,8,0,0,0,2,0,0,2,9,1,0,16,0,0,0,0,0,0,0,3,0,0,0,0,0,0,0,0,0,124,0,8,15,0,0,0,0,12,4,9,0,0,0,0,0,0,0,0,0,0,0,0,0,3,5,0,0,7,6,4,0,10,0
"4419x2438",0,0,1,0,3,4,0,0,1,0,1,3,0,0,0,0,0,0,14,0,0,0,0,0,0,0,0,0,0,0,0,0,0,1,0,0,15,0,8,0,0,0,20,0,0,0,0,24,6,0,0,0,0,0,0,0,1,0,0,0,1,0,0,0,0,0,0,0,0,0,0,0,0,0,0,0,0,0,0,0,0,0,0,0,0,0,1,0,0,0,0,0,0,0,0,0,0,1,0,0,0,2,0,0,0,0,0,3,0,0,0,0,0,0,0,0,0,0,0,0,0,0,3,6,0,0,0,0,0,0,0,0,5,0,0,3,0,0,1,1,0,0,2,0,0,0,0,0,9,0,0,0,0,0,1,0,0,0,0,0,2,2,0,0,0,1
"4417x4556",9,1,9,1,5,0,0,0,34,0,0,3,0,0,2,0,2,0,4,6,0,0,0,0,1,0,5,0,0,0,0,0,0,1,0,0,19,0,0,1,0,0,0,0,0,2,0,0,0,1,0,0,0,0,15,22,2,0,0,0,0,0,0,9,1,0,0,0,0,0,0,0,0,0,0,0,0,0,0,0,0,0,0,0,0,0,0,0,0,0,0,0,0,0,9,0,0,0,0,9,0,0,0,15,0,0,0,0,0,0,12,1,0,0,1,0,0,0,0,0,0,0,0,0,0,0,0,0,0,0,0,4,16,0,10,0,0,0,600,0,2,31,0,0,0,0,0,0,1,0,0,0,0,0,0,0,0,0,0,0,6,0,0,5,1,0
"4434x102",0,0,2,6,0,0,0,10,11,0,3,0,0,0,0,0,0,0,0,0,0,0,0,0,0,0,0,0,0,0,0,4,0,2,0,1,1,0,0,0,0,0,14,0,0,0,0,0,9,0,0,0,0,0,0,0,0,0,0,0,0,0,0,0,0,0,0,0,0,0,0,0,0,0,0,0,2,0,0,0,0,0,0,0,0,0,4,0,2,0,0,26,0,0,1,0,0,0,2,3,0,0,0,0,0,0,0,0,0,0,0,0,0,0,0,0,0,0,0,0,0,0,0,0,0,0,0,0,0,0,0,0,3,0,0,0,0,0,0,0,1,0,0,0,0,0,0,0,0,0,0,0,0,0,3,0,0,0,0,0,0,0,0,5,0,0
"4445x2701",0,0,0,0,0,0,0,0,21,0,3,0,0,1,0,0,0,0,0,3,0,0,0,0,18,0,0,0,0,0,0,0,0,18,0,0,0,0,0,0,0,0,3,0,0,0,14,6,0,0,0,0,0,0,0,0,1,0,0,0,2,0,0,0,0,0,0,0,0,1,0,0,0,0,0,0,0,0,0,0,0,0,0,0,0,0,6,0,0,0,0,0,0,0,0,0,0,0,0,0,0,0,0,0,0,0,0,0,1,0,9,0,0,0,0,0,0,0,0,0,0,0,0,0,0,0,0,0,0,0,0,0,1,9,0,0,0,0,0,0,0,0,3,0,0,0,23,0,0,0,0,0,0,0,0,0,0,0,0,0,0,0,3,3,1,0
"4443x5876",0,0,24,0,1,1,3,0,47,0,0,0,0,0,1,0,0,0,24,0,0,0,1,0,0,0,5,0,3,5,0,0,4,14,0,9,57,0,15,4,0,0,14,0,0,2,0,60,8,6,0,0,0,1,0,0,30,0,0,0,15,0,3,0,2,0,0,2,0,1,0,0,0,0,0,0,0,0,0,0,0,0,2,0,0,0,1,0,2,0,9,41,0,16,11,0,0,13,0,0,0,9,36,24,10,0,17,0,2,0,0,15,0,0,0,0,0,0,0,0,0,0,0,3,0,0,0,10,0,0,0,0,95,7,0,3,0,0,0,0,4,0,8,0,0,0,4,1,0,0,0,1,0,0,0,0,0,0,0,6,9,0,14,0,43,0
"4439x2236",3,0,3,0,1,0,0,0,1,0,0,0,0,0,0,0,0,0,1,3,0,0,0,0,0,0,1,0,1,0,0,0,0,0,0,1,19,5,0,0,0,0,19,0,0,3,0,0,0,0,0,0,0,0,1,0,4,0,0,0,0,0,0,0,0,0,0,3,0,0,0,0,0,0,0,0,0,0,3,0,0,0,0,0,0,0,0,0,0,0,0,18,0,0,3,0,12,0,0,0,0,7,0,3,0,0,0,0,0,0,22,11,0,0,0,1,0,0,0,0,0,0,0,0,0,9,0,1,0,0,0,0,99,0,0,1,0,0,0,0,0,0,2,0,0,0,0,0,0,0,0,0,0,0,0,0,0,0,0,0,1,0,0,1,1,0
"4475x4708",3,2,0,0,0,2,0,0,11,0,0,0,0,0,0,0,0,2,10,4,0,0,0,0,5,0,3,0,6,0,0,0,0,0,0,0,0,0,0,0,0,0,7,0,0,1,0,11,0,0,1,0,0,0,4,3,0,0,0,0,4,0,0,0,0,0,0,0,0,0,0,0,0,0,0,0,1,0,0,0,0,0,0,0,0,0,2,0,0,0,0,0,0,0,3,0,0,1,0,0,0,1,6,12,0,0,0,2,0,0,19,0,8,0,1,0,0,0,0,0,0,14,15,0,0,0,0,0,0,0,0,0,46,1,0,0,0,0,158,0,0,3,3,0,0,0,0,0,0,0,0,0,0,0,0,0,0,5,0,0,2,0,0,0,0,1
"4479x3955",0,0,4,0,0,0,0,0,18,0,5,0,7,0,0,0,0,0,15,11,0,0,0,0,0,0,6,0,0,0,0,0,0,0,0,0,0,0,0,0,8,0,14,0,0,0,0,0,0,0,0,0,0,0,0,0,1,2,0,0,2,0,0,0,0,0,0,0,0,0,0,0,0,0,0,0,10,0,5,0,0,0,0,0,0,9,8,0,3,0,0,28,0,0,0,1,2,0,1,0,0,6,0,0,0,0,0,0,0,0,12,5,0,0,0,0,0,0,0,0,0,0,0,0,0,7,0,0,1,0,0,0,27,5,0,1,0,0,0,0,0,0,22,0,0,0,0,0,0,0,0,3,0,0,0,0,5,3,0,0,0,7,0,2,1,1
"4506x3823",0,0,0,0,2,0,0,0,8,0,1,0,0,0,0,0,0,0,3,0,0,0,2,0,0,0,0,0,0,0,0,0,0,0,0,12,0,0,0,0,0,0,11,0,0,5,0,0,0,0,0,1,0,0,0,0,4,0,0,0,0,0,0,0,0,0,0,0,0,0,0,0,0,0,0,0,0,0,5,0,0,0,0,0,3,0,8,0,3,0,0,3,0,0,4,4,1,3,0,0,0,0,9,0,0,0,0,0,0,0,0,0,1,0,6,0,0,0,0,0,0,0,0,0,0,0,0,3,1,0,0,0,38,6,0,0,0,0,0,0,4,0,9,0,0,0,0,0,0,0,11,0,0,0,0,0,0,0,0,0,0,8,1,0,7,0
"4491x5739",0,0,0,0,1,0,0,0,7,0,0,0,0,0,0,0,0,0,20,0,0,0,0,0,0,0,2,0,5,5,1,0,9,22,0,3,69,0,0,10,0,0,0,0,0,0,0,37,0,0,0,0,0,1,0,1,0,0,0,0,0,0,0,0,1,0,0,0,0,1,0,0,0,0,0,0,2,0,0,0,0,0,1,0,1,2,0,0,1,0,0,18,0,0,0,1,0,13,0,9,0,0,14,3,0,0,0,0,0,0,9,10,0,0,7,0,0,0,0,0,0,2,8,0,0,0,0,4,0,0,0,0,31,0,0,8,0,0,0,0,4,0,6,0,0,0,0,0,0,0,1,1,0,0,0,0,0,0,0,0,0,0,0,0,8,0
"4493x4359",1,0,14,0,5,0,0,2,5,3,3,5,0,0,1,0,2,0,5,0,0,0,0,0,0,0,0,0,1,0,0,0,0,12,0,0,26,0,3,0,0,15,35,0,1,1,0,0,0,0,0,0,0,0,0,0,10,0,0,0,14,2,0,1,0,0,0,0,0,0,0,0,0,0,0,0,0,0,1,0,0,0,0,0,4,0,3,0,7,0,2,12,0,6,40,2,0,0,0,8,0,0,52,0,0,0,9,0,0,0,21,16,0,0,0,0,0,0,0,0,0,0,0,0,0,6,0,0,0,0,0,13,72,0,0,0,0,0,0,0,10,0,1,0,0,0,0,0,0,0,0,0,0,4,0,0,0,11,0,3,0,0,8,9,9,0
"4502x6429",0,2,0,0,7,1,0,2,16,0,3,0,0,0,0,0,0,0,0,3,0,1,0,0,0,0,0,0,0,0,0,0,0,0,0,0,13,0,2,0,0,0,14,0,0,1,0,0,0,0,0,0,0,0,0,3,2,0,0,0,10,0,4,2,0,0,0,0,0,0,0,0,0,0,0,0,2,0,0,0,0,0,0,3,0,2,2,1,0,0,0,1,0,0,2,0,0,0,0,10,1,1,2,1,0,0,0,2,0,0,2,9,0,0,0,0,0,0,0,0,0,0,0,0,0,0,0,2,0,0,0,0,32,0,0,0,0,0,31,0,0,1,5,0,0,0,5,0,0,0,0,0,0,0,0,0,0,0,0,0,6,0,0,2,3,0
"4530x5152",0,5,0,0,0,0,0,0,26,0,0,0,0,0,0,0,0,0,0,2,0,0,18,0,0,0,0,0,0,0,0,0,0,0,0,0,0,1,2,0,0,0,5,0,0,0,0,0,0,0,0,0,0,0,0,0,11,0,0,0,0,0,0,0,0,0,0,0,0,0,0,0,0,0,0,3,0,0,0,0,0,0,0,0,14,0,1,0,0,0,0,2,0,0,8,0,0,0,0,0,0,0,0,3,0,0,1,1,0,0,1,11,14,0,0,0,0,0,0,0,0,0,7,0,0,3,0,0,0,0,0,0,11,15,0,0,0,0,3,0,0,0,7,0,0,1,0,0,0,0,0,0,0,0,0,0,0,0,0,0,0,0,9,0,13,0
"4559x2733",0,0,3,2,0,0,0,0,11,0,12,1,0,0,0,0,0,0,0,0,0,0,0,0,0,0,2,0,0,0,0,0,0,26,0,0,0,0,0,0,0,0,3,0,0,0,0,4,3,0,0,0,0,0,0,0,1,5,0,0,0,0,0,0,8,0,1,0,0,0,0,0,0,0,0,0,0,0,0,0,0,0,0,0,0,0,0,0,0,0,6,0,0,0,0,0,0,0,0,1,0,0,0,0,0,0,0,0,0,2,8,3,0,0,0,0,0,0,0,0,0,0,0,0,0,0,0,0,0,0,0,0,3,0,0,0,0,0,0,0,0,0,1,0,0,0,0,0,0,5,0,0,0,0,0,0,0,0,0,0,0,0,0,0,0,0
"4549x1439",0,0,2,0,0,1,0,0,10,0,12,37,0,4,0,0,0,0,5,5,0,0,0,0,3,0,1,0,0,0,0,0,0,0,0,0,25,0,7,3,0,11,15,0,0,0,0,70,33,0,0,0,0,1,1,0,16,0,0,0,0,0,0,0,0,0,0,0,0,0,0,0,0,4,1,0,0,0,0,0,0,0,0,0,0,1,5,0,0,0,5,0,0,0,0,0,0,0,0,9,0,0,0,0,1,1,0,0,0,0,6,11,4,0,0,0,1,0,0,0,0,0,1,0,0,0,1,0,0,0,0,0,39,0,0,5,0,0,0,0,3,0,20,0,0,0,0,0,1,0,0,0,0,0,0,0,1,0,0,0,18,0,0,0,10,0
"4573x3050",0,0,4,0,1,4,0,6,31,0,23,0,0,0,0,0,0,0,0,0,0,2,0,0,0,5,0,0,0,0,0,0,11,0,0,0,0,0,5,0,12,0,16,0,0,0,0,0,0,0,0,0,0,0,53,14,0,0,0,0,7,0,0,0,0,0,0,1,0,0,2,0,0,0,0,0,3,0,0,0,0,0,0,0,0,0,0,0,0,0,0,0,0,0,5,1,0,0,1,0,6,0,0,0,0,0,0,0,0,0,0,0,0,2,0,0,0,0,0,0,0,1,0,0,0,0,0,0,0,0,0,0,2,0,0,0,0,0,0,0,0,0,8,0,0,0,0,0,0,4,0,0,0,0,7,0,0,0,1,0,0,0,0,25,7,0
"4584x4796",2,0,1,0,1,4,0,0,5,0,1,0,0,0,0,0,0,2,11,0,1,1,0,0,11,4,3,2,0,0,0,0,0,0,0,0,18,7,0,0,0,0,3,0,0,0,0,28,15,0,0,0,1,1,3,0,1,0,0,0,1,0,0,0,1,0,0,0,0,0,1,0,1,0,0,0,0,0,0,0,0,0,0,0,0,3,1,0,0,0,7,0,0,0,0,0,0,0,0,0,0,1,0,1,0,0,0,4,0,0,2,0,0,0,0,0,0,0,0,0,5,16,7,0,0,0,0,0,0,0,0,0,19,0,0,0,0,0,0,0,0,0,0,0,0,0,0,1,0,0,0,1,0,0,0,0,0,1,0,0,2,0,1,0,0,0
"4616x2498",0,3,7,0,0,5,0,0,15,0,0,2,0,0,0,0,0,0,3,14,10,3,0,0,0,0,1,0,0,0,0,0,0,9,0,0,2,4,2,0,0,14,6,0,0,6,0,0,1,0,0,0,1,0,0,0,17,14,0,0,3,0,2,5,0,0,1,1,0,0,0,0,0,0,0,0,0,0,0,0,0,0,1,0,1,0,16,0,0,0,1,3,0,2,0,1,0,6,1,6,0,17,4,5,0,0,2,4,2,0,3,7,0,5,0,0,0,0,0,0,0,0,2,0,0,11,0,0,3,0,1,0,138,2,0,4,0,0,0,0,0,0,10,0,0,0,0,0,1,0,0,0,0,0,0,0,0,0,0,0,44,0,0,0,0,0
"4588x762",0,0,23,3,7,3,1,3,22,0,14,15,0,1,0,0,0,2,15,23,0,9,0,0,37,0,0,0,0,2,0,0,0,0,0,0,80,3,72,2,0,2,13,0,0,18,0,51,4,0,5,2,0,0,0,0,25,0,0,0,13,0,3,0,0,0,1,2,0,0,0,0,5,0,0,0,0,0,0,0,0,0,0,0,1,0,13,0,0,0,3,5,0,13,5,1,0,0,1,10,0,3,0,8,0,0,3,0,0,0,17,8,7,2,0,0,0,0,0,0,0,0,0,0,0,8,1,0,0,0,0,0,119,5,0,5,0,0,2,4,2,0,0,0,0,0,1,1,2,4,0,0,0,0,0,0,2,7,0,0,14,0,0,1,0,0
"4611x1566",0,0,10,0,0,1,0,0,2,0,6,0,0,0,0,0,0,0,3,8,0,0,0,0,15,0,0,0,0,0,0,2,0,0,0,0,0,0,5,1,0,9,0,0,0,0,0,2,0,0,0,0,0,2,0,0,0,0,0,0,0,0,0,2,0,0,0,1,0,0,0,0,0,0,0,0,1,0,0,0,0,0,0,0,0,0,0,0,0,0,0,0,0,6,0,0,0,0,0,11,0,0,0,6,0,0,0,1,0,0,1,0,0,2,0,0,1,0,0,0,0,0,0,0,0,0,0,0,0,0,0,3,21,0,0,6,0,0,0,0,2,0,4,0,0,0,0,0,0,0,0,0,0,0,0,0,0,0,0,0,3,0,0,3,0,0
"4622x3547",0,0,0,2,0,0,0,0,20,0,4,0,0,0,0,0,0,0,6,2,0,0,0,0,0,0,1,0,0,0,0,0,0,18,0,0,1,0,0,2,0,0,1,0,0,0,0,0,0,0,0,0,0,1,0,0,7,0,0,0,0,0,0,0,0,0,0,1,0,0,0,0,0,0,0,0,4,0,4,0,0,0,0,0,0,0,0,0,0,0,0,2,0,0,0,1,0,0,0,1,0,6,0,0,0,0,0,0,2,0,35,8,0,0,0,0,0,0,4,0,0,0,3,0,0,0,2,0,2,0,0,0,51,0,0,0,0,0,0,0,0,0,6,0,0,0,0,0,0,0,0,0,0,0,0,0,0,0,0,0,0,0,5,0,6,5
"4602x4420",0,0,1,2,0,2,0,0,3,0,5,0,0,0,0,0,2,0,2,1,0,0,0,0,0,0,2,0,0,0,0,0,5,1,0,5,2,0,0,0,0,0,2,0,0,0,0,6,1,0,2,0,0,0,0,0,0,0,0,3,3,2,0,4,0,0,0,0,0,0,0,0,0,0,0,0,4,0,0,0,0,0,0,0,0,0,3,0,1,0,0,5,0,0,6,0,0,11,0,3,0,0,20,0,0,0,5,0,0,0,1,3,1,9,0,0,0,0,0,0,0,0,0,0,0,0,0,0,0,0,0,13,22,1,0,0,0,0,0,0,0,0,3,0,0,0,0,0,0,0,0,0,0,0,0,0,0,0,0,0,0,0,0,8,11,0
"4616x5789",0,0,4,0,2,0,0,0,1,0,6,0,0,0,0,0,0,0,3,0,0,0,0,0,0,0,1,0,0,0,0,0,0,0,0,0,18,0,6,6,0,0,0,0,0,0,0,0,0,0,0,0,0,0,0,0,0,0,0,0,0,0,16,0,1,0,0,0,0,0,0,0,0,2,0,0,0,0,1,0,0,0,8,0,0,0,1,0,0,0,0,0,0,0,0,2,0,1,0,0,0,0,0,0,0,0,0,0,0,0,7,0,4,0,5,0,0,0,0,0,0,0,0,0,0,0,0,0,0,0,0,0,3,4,0,0,0,0,0,0,1,0,1,0,0,0,0,0,0,0,0,0,7,0,0,0,0,0,0,0,10,0,0,0,1,0
"4617x1013",0,0,15,0,4,1,0,0,7,11,1,9,1,0,0,0,0,0,14,1,0,0,0,0,1,0,0,0,8,0,0,0,0,0,0,0,10,4,6,5,0,0,15,0,0,3,0,1,2,1,0,0,0,0,4,0,6,0,0,0,2,2,0,0,8,0,3,0,0,0,0,0,0,0,0,0,0,0,0,0,0,0,0,0,0,0,5,0,0,0,0,1,0,0,0,2,0,0,0,4,0,2,0,2,0,0,4,0,0,0,6,0,6,2,0,0,0,0,0,0,0,0,0,0,0,20,3,0,4,0,0,0,89,0,0,0,0,0,3,0,0,0,13,0,0,0,0,0,4,0,0,0,0,0,0,0,0,6,1,1,12,0,1,4,1,1
"4629x4923",0,0,1,0,2,1,0,0,0,0,1,0,0,0,0,0,0,0,3,0,0,0,0,0,1,0,0,0,0,0,0,0,0,0,0,0,0,1,0,0,0,0,0,0,0,0,0,2,0,0,0,0,0,1,0,0,0,0,0,0,0,0,0,1,6,0,0,1,0,0,0,0,0,1,0,0,0,0,0,0,0,0,0,0,0,0,0,0,0,0,0,0,0,0,0,0,0,0,0,0,0,4,0,1,0,0,0,0,0,0,10,5,0,0,0,0,0,4,0,0,0,4,0,1,0,1,0,8,0,0,0,0,52,2,0,0,0,0,0,0,0,0,0,0,0,0,0,0,0,0,0,0,0,0,0,0,0,0,0,0,0,0,0,1,0,0
"4656x3179",1,7,1,0,0,3,1,1,8,0,0,19,0,0,0,0,0,0,7,3,0,3,0,0,1,0,0,0,4,0,0,0,0,5,0,0,19,0,5,0,0,9,2,0,0,0,0,34,3,0,1,0,1,0,29,7,0,0,2,1,11,0,0,0,2,0,1,3,0,0,3,1,0,0,0,0,0,0,0,0,0,1,0,0,1,0,0,1,0,0,0,2,0,0,0,0,0,1,0,6,0,0,0,0,0,0,0,0,0,0,0,1,0,1,0,0,0,0,0,0,0,0,1,1,0,0,0,0,0,0,0,0,14,0,0,1,0,0,2,0,1,0,2,0,0,0,0,1,4,0,0,0,0,0,0,0,0,3,0,1,0,0,0,15,3,0
"4647x2153",0,0,0,0,1,0,1,2,4,0,0,0,0,0,0,0,0,0,11,4,0,0,0,0,0,0,2,0,0,0,0,0,0,8,0,0,0,0,0,0,0,0,1,0,0,0,0,0,10,0,0,0,1,0,1,0,5,0,0,0,1,0,0,0,0,0,0,5,0,0,0,0,0,8,0,0,0,0,0,1,0,0,0,0,0,0,3,0,0,0,0,6,0,0,0,0,0,0,0,1,0,2,0,0,0,0,5,0,0,0,15,1,0,0,15,3,0,0,0,0,0,16,1,4,0,3,0,0,0,0,0,0,58,0,0,5,0,0,0,0,0,0,12,0,0,0,0,0,0,0,0,2,0,0,0,0,1,0,0,0,1,0,0,0,0,0
"4673x4241",0,0,3,0,2,5,0,5,27,0,3,3,0,0,0,0,0,0,3,1,0,3,0,0,52,0,12,0,7,0,0,0,0,10,0,1,32,0,4,3,0,23,4,0,0,0,14,28,14,0,1,0,0,0,0,0,0,0,0,0,33,0,0,0,0,0,1,0,0,0,0,0,0,0,0,0,0,0,0,0,0,0,0,0,1,0,0,0,5,0,0,2,0,8,0,1,0,0,0,14,0,0,0,9,0,0,0,0,0,0,11,5,0,0,0,0,0,0,0,0,0,0,0,0,0,8,0,0,0,0,0,0,69,0,0,3,0,0,0,0,9,0,7,0,0,0,1,0,0,0,0,0,0,0,0,0,1,0,0,0,0,0,0,0,2,0
"4718x4341",2,0,4,0,5,0,0,0,3,0,0,6,0,0,5,0,0,0,5,1,0,0,0,0,0,0,0,1,5,0,0,0,0,0,0,0,12,0,0,3,0,0,18,0,0,0,0,0,18,0,0,0,0,0,0,0,2,0,0,3,11,0,0,0,0,0,0,0,0,0,0,0,0,0,0,0,0,0,0,0,0,0,0,0,1,0,0,1,5,0,0,4,0,4,18,0,0,7,0,26,0,0,1,0,0,1,0,0,0,0,0,0,0,0,0,0,0,0,0,0,0,0,1,0,0,0,0,0,0,0,0,0,22,0,0,3,0,0,0,0,4,0,0,0,0,4,0,0,0,0,0,0,0,0,0,0,2,2,0,0,2,0,0,0,2,0
"4692x1224",0,2,0,3,1,1,4,0,27,0,5,0,0,0,0,0,0,0,9,2,0,0,0,0,4,0,9,0,0,0,0,0,0,1,0,0,6,0,7,3,0,0,21,0,0,0,0,0,0,0,0,0,0,0,1,8,3,0,0,0,14,0,0,0,0,0,0,0,0,0,0,0,0,3,1,0,0,0,2,0,6,0,0,0,3,0,0,0,0,0,0,0,0,2,5,0,2,0,0,0,0,0,0,0,0,0,0,3,0,0,7,7,0,0,1,3,0,0,0,0,0,5,1,0,0,11,0,0,2,0,0,0,135,0,0,6,0,0,0,0,4,0,0,0,0,0,0,0,1,0,0,0,1,0,0,0,2,0,0,1,2,0,1,24,0,0
"4705x4522",0,2,16,0,1,0,0,0,1,0,5,0,0,0,0,0,0,0,18,3,0,0,0,0,0,1,0,0,0,0,0,0,1,0,0,0,0,0,0,0,0,3,0,0,0,0,0,0,0,0,0,0,0,0,0,0,0,2,0,0,0,0,0,0,0,0,0,0,0,0,0,0,0,0,0,0,0,0,0,0,0,0,0,0,0,0,4,0,0,0,0,0,0,2,0,2,0,0,0,0,0,4,2,0,0,0,0,0,0,0,0,0,1,0,0,1,0,0,0,0,0,0,0,0,0,0,0,7,0,0,0,0,8,0,0,0,0,0,0,0,0,4,8,0,0,0,0,0,0,0,0,0,0,0,0,0,0,0,0,1,8,0,0,0,0,0
"4729x5381",2,0,0,0,2,0,0,0,8,0,0,4,0,2,0,0,0,0,3,3,0,8,0,0,0,0,6,0,0,0,0,0,0,6,16,0,0,0,0,0,1,0,2,0,0,0,0,0,0,0,0,0,0,0,1,0,2,0,0,0,2,0,0,0,0,0,0,2,0,0,0,0,0,3,0,0,0,0,5,0,0,0,0,0,0,0,24,0,0,0,0,0,0,0,21,0,1,0,0,0,0,0,0,0,0,0,0,1,0,0,29,0,0,0,0,0,0,0,0,0,0,0,1,0,0,0,0,2,0,0,0,0,48,0,0,4,0,0,0,0,0,0,1,0,0,0,0,5,0,0,0,0,0,0,0,0,6,0,0,2,21,0,4,1,0,1
"4713x5931",0,0,9,6,0,1,0,0,0,0,8,0,0,0,0,0,0,0,3,7,0,0,0,0,0,0,0,0,2,0,0,0,0,2,0,5,8,0,8,5,0,25,4,0,0,9,0,0,0,1,0,0,0,0,0,0,18,0,0,0,6,1,0,0,0,0,0,0,0,0,0,0,0,8,0,0,1,0,0,0,0,0,0,0,1,0,5,0,0,0,0,0,0,2,0,1,0,0,0,6,0,8,0,10,0,0,0,0,0,0,0,4,5,0,0,0,0,0,0,0,0,0,0,0,0,0,0,0,0,0,0,0,35,0,0,0,0,0,0,0,2,0,4,0,0,0,0,0,1,0,0,0,0,0,2,0,3,1,0,2,10,13,6,0,0,0
"4738x3416",0,0,2,0,2,1,0,0,10,0,0,1,0,0,0,0,0,0,4,2,0,1,0,0,0,6,2,0,9,0,0,0,0,0,0,0,0,0,0,1,0,0,10,0,0,0,0,0,4,0,0,0,0,0,0,0,0,0,0,0,0,0,0,0,0,0,0,0,0,0,0,0,0,0,0,0,0,0,2,0,0,0,0,0,0,0,2,0,0,0,0,0,0,0,0,0,0,10,0,0,0,10,0,3,0,0,0,3,0,0,11,13,0,0,0,0,0,0,0,0,0,2,3,0,0,2,0,0,2,0,0,0,29,0,0,0,0,0,0,0,7,0,19,0,0,0,0,0,0,0,0,0,4,0,0,0,0,0,0,2,3,0,5,5,1,0
"4730x2345",3,0,2,0,4,0,0,4,18,0,0,0,0,0,0,0,0,0,14,3,0,2,0,10,5,22,2,0,0,0,0,0,0,16,0,0,3,0,0,6,0,0,8,0,0,0,0,0,0,0,0,0,0,0,0,0,1,0,0,0,4,0,0,0,0,0,0,0,0,0,0,0,0,0,0,0,1,0,0,0,0,0,0,0,7,2,0,0,0,0,1,25,0,7,0,0,0,1,0,0,0,5,15,17,0,0,0,9,0,0,13,5,0,0,7,0,0,0,0,0,0,3,2,0,0,12,0,7,4,0,0,5,122,3,0,11,0,0,0,1,0,0,11,0,0,0,0,0,1,0,0,0,9,0,0,0,1,0,0,0,0,0,6,18,1,1
"4771x3846",0,0,8,0,5,0,0,0,16,0,0,0,0,0,0,0,0,0,2,5,0,0,2,0,0,0,4,0,0,0,0,0,0,0,0,0,0,0,0,2,0,0,5,0,0,0,0,0,0,0,1,0,0,0,0,3,0,0,0,0,2,0,0,0,0,0,0,3,0,0,0,0,0,0,0,0,3,0,0,1,0,0,0,0,0,5,6,0,0,0,0,10,0,1,0,0,4,0,0,0,0,0,0,0,0,0,0,0,0,0,9,3,0,1,1,0,0,0,0,0,0,0,1,0,0,8,0,0,3,0,0,0,101,0,0,0,0,0,3,0,0,0,5,0,1,0,0,0,0,0,0,0,0,0,0,0,0,0,0,0,2,0,1,0,0,0
"4747x1483",0,0,0,0,0,5,0,0,3,0,8,0,0,0,0,0,0,0,5,2,0,6,0,0,1,0,1,0,0,0,11,0,0,5,0,0,5,0,4,0,0,14,0,0,0,1,11,0,0,2,0,0,0,0,3,11,0,0,0,0,0,0,0,0,0,0,0,0,0,0,0,0,0,0,0,0,0,0,0,0,0,0,0,0,0,7,6,0,0,0,3,0,0,0,0,0,0,0,1,0,0,2,1,0,0,0,0,0,0,0,0,4,0,0,0,1,0,1,0,0,8,0,0,0,0,2,0,0,0,0,0,0,14,0,0,4,0,0,3,0,1,0,0,0,0,0,0,0,0,0,0,1,0,0,0,0,0,0,0,0,7,0,0,2,0,0
"4760x5551",0,0,4,0,2,0,0,3,7,0,0,0,0,0,0,0,0,0,2,2,0,0,0,0,0,0,0,0,0,0,0,0,0,0,0,0,35,0,1,2,1,0,19,0,0,0,0,1,0,0,0,0,0,0,0,0,0,0,0,0,6,0,0,0,0,0,0,2,0,0,1,0,1,0,0,0,0,0,0,0,0,0,0,0,0,0,2,0,0,0,0,23,0,1,10,0,0,0,0,1,0,4,2,0,0,0,0,0,0,0,39,0,7,0,11,0,0,0,0,0,0,0,2,0,0,1,0,0,1,0,0,1,36,0,0,0,0,0,0,0,3,0,0,0,0,0,0,0,2,0,0,0,0,0,0,0,1,2,5,2,0,0,1,2,0,0
"4789x834",6,6,49,0,6,1,0,0,25,4,12,0,6,1,0,0,0,0,3,9,0,0,0,0,29,11,2,0,6,4,0,0,0,0,0,0,0,0,5,0,0,16,43,0,0,18,0,0,0,0,0,2,0,0,0,3,12,0,0,0,26,0,0,0,0,0,0,0,0,0,0,0,0,0,0,0,2,1,1,0,0,0,10,0,0,3,37,0,0,0,0,4,0,13,4,3,0,2,0,20,0,1,5,18,0,0,16,0,4,0,1,7,0,0,21,0,0,1,0,0,0,0,11,0,0,1,0,0,0,0,4,0,103,9,7,9,0,0,12,0,4,0,15,0,0,0,0,8,1,0,0,1,0,0,1,0,3,4,0,0,35,0,7,14,3,0
"4796x6269",0,1,0,0,0,1,0,0,12,0,0,0,0,2,0,0,0,0,5,0,0,5,0,0,0,0,12,0,0,0,0,0,0,8,0,0,4,0,0,0,0,0,18,0,0,0,0,2,0,0,0,0,0,0,0,0,1,0,0,0,8,0,0,0,0,0,1,0,0,0,0,0,0,0,0,0,0,0,0,0,0,0,0,0,0,0,0,0,0,0,0,6,0,1,14,0,0,0,1,0,0,0,2,0,0,0,0,0,0,0,13,0,10,0,0,0,0,0,0,0,0,3,0,0,0,0,0,2,1,0,0,0,33,0,0,0,0,0,0,6,0,0,1,0,0,0,0,0,0,0,0,0,0,0,0,0,0,0,0,0,0,2,0,0,6,0
"4787x335",0,0,87,0,0,1,0,8,47,0,22,0,1,0,1,2,0,0,12,36,0,2,0,0,19,2,3,0,0,0,0,0,0,0,0,0,4,0,13,0,0,0,31,0,1,2,9,0,7,3,0,2,0,0,0,0,14,0,0,0,1,0,0,6,3,0,0,0,0,0,0,0,0,13,0,0,3,0,0,0,0,0,2,3,0,0,10,0,4,0,0,0,0,0,9,7,0,1,0,0,0,1,28,1,0,0,4,1,1,0,20,17,0,0,13,1,0,2,0,0,0,0,1,0,0,10,0,0,0,0,0,5,151,0,6,6,0,0,0,0,21,0,11,0,0,0,8,1,2,0,7,0,0,0,17,0,0,6,0,3,22,0,0,8,4,0
"4831x5702",0,0,14,5,15,1,0,17,48,0,1,2,0,0,0,0,0,0,12,1,0,0,0,0,0,0,0,0,0,0,0,0,0,0,0,0,43,0,4,0,0,0,11,0,0,0,0,0,0,1,0,0,0,0,23,0,1,0,0,0,3,0,0,0,0,0,0,3,1,2,0,0,0,0,0,2,1,0,15,0,0,0,0,0,0,8,2,0,0,0,0,18,0,0,2,0,0,0,0,0,4,2,2,2,0,0,4,1,5,0,10,0,0,0,24,0,0,0,0,0,0,0,0,0,0,0,0,0,5,0,0,0,33,6,0,2,0,1,0,0,0,0,12,0,0,0,0,0,0,0,0,0,0,0,0,0,0,3,0,0,0,0,4,1,7,0
"4805x3969",0,0,0,0,2,0,0,5,5,0,0,0,0,0,0,0,0,0,0,0,0,0,0,0,0,6,1,0,0,0,0,6,0,1,0,0,0,0,0,0,0,0,27,0,0,0,0,0,0,0,0,0,0,0,1,0,8,0,0,0,0,0,0,1,0,0,0,0,0,0,0,0,0,5,0,0,7,0,11,0,0,0,0,0,2,0,0,0,0,0,0,1,0,0,0,0,0,0,0,0,0,0,0,7,0,0,0,0,0,0,0,0,6,0,0,0,0,0,0,0,0,0,12,0,0,0,0,0,0,0,0,0,1,0,0,0,0,6,226,0,0,7,0,0,0,0,0,0,0,0,0,0,0,0,0,0,0,3,0,0,0,0,0,7,0,0
"4785x1351",1,0,2,4,1,0,0,0,5,0,7,0,1,0,0,0,0,0,4,3,0,0,0,0,1,0,1,0,7,0,0,0,0,5,0,0,0,0,0,0,0,1,18,0,0,0,0,0,0,0,0,0,0,0,6,9,0,1,0,0,0,11,0,0,0,0,0,2,0,0,1,0,0,0,0,0,0,0,0,0,0,0,0,0,0,0,0,0,0,0,0,17,0,0,0,0,5,0,2,1,0,1,0,0,0,0,0,0,1,0,1,0,0,0,0,1,0,0,0,0,0,0,0,2,0,1,0,0,1,0,0,9,9,0,0,0,0,0,0,0,0,0,2,0,0,0,6,0,0,0,0,0,4,0,0,0,0,0,0,0,0,0,0,6,0,0
"4824x4588",0,0,17,0,7,1,0,0,15,0,13,0,3,0,0,0,0,0,2,18,0,1,0,0,26,0,0,0,0,0,0,0,0,0,0,3,0,0,0,0,0,19,34,0,0,20,0,0,0,0,0,0,0,0,0,0,12,0,0,0,1,0,1,2,0,0,0,0,0,0,0,0,0,0,0,0,2,0,1,0,0,0,0,0,0,10,7,0,0,0,0,0,0,0,6,0,0,0,1,0,0,3,15,0,0,0,0,3,0,0,9,11,5,13,0,0,0,0,0,0,0,0,5,0,0,0,0,0,0,0,0,5,35,1,0,0,0,0,10,16,15,9,17,0,0,0,0,0,0,0,0,0,0,0,0,5,0,0,0,1,25,0,0,0,7,0
"4832x5816",0,0,29,0,3,1,0,7,18,0,3,0,0,0,0,1,0,0,5,3,0,0,0,4,7,14,4,0,0,0,0,0,0,0,0,0,24,0,4,0,0,0,25,0,0,0,0,0,0,0,0,0,0,0,0,0,8,1,0,0,0,0,0,7,0,0,0,2,0,0,0,0,0,0,2,0,7,0,33,0,0,0,12,0,1,8,3,0,0,0,0,30,0,7,3,5,0,0,0,20,0,2,8,28,0,0,0,1,0,0,17,18,0,0,0,0,0,0,0,0,0,0,3,0,0,0,0,0,0,0,0,0,153,0,0,4,0,1,0,0,0,0,13,0,3,0,11,2,1,0,0,0,0,0,0,0,0,0,8,1,0,3,1,14,3,0
"4837x5961",2,0,6,7,0,0,0,3,4,0,0,0,0,0,0,0,0,0,2,6,0,0,0,0,0,0,0,0,0,0,4,0,0,7,17,1,0,0,0,0,0,8,13,0,0,0,0,0,5,0,0,0,0,0,0,0,1,0,0,0,1,0,0,0,0,0,0,0,0,0,0,0,0,0,0,0,9,0,0,0,0,0,0,0,6,0,1,0,0,0,0,2,0,0,0,0,0,0,0,14,0,1,0,3,0,0,0,0,0,0,5,7,0,0,0,0,0,0,0,0,0,0,0,7,0,0,1,0,3,0,0,0,36,1,0,1,0,0,0,0,0,0,0,0,0,0,0,0,0,0,0,0,0,0,0,0,0,0,0,1,10,0,0,0,3,0
"4834x1072",0,0,10,0,0,0,0,4,29,0,2,0,0,0,0,0,0,0,2,14,0,0,0,0,2,11,1,0,0,0,0,14,0,7,0,0,0,0,0,0,0,0,8,0,0,0,0,0,0,0,0,0,0,0,0,0,7,0,0,0,2,0,0,0,0,0,0,0,0,0,0,0,0,0,0,0,1,0,0,0,0,0,2,0,0,0,6,0,0,0,0,0,0,6,1,0,0,0,0,15,0,0,0,0,0,0,5,6,0,0,21,16,0,0,0,2,0,0,0,0,0,0,0,0,0,7,0,0,4,0,0,0,43,10,0,9,0,0,0,0,0,0,10,0,0,0,0,0,0,0,0,4,0,0,0,0,0,0,0,0,1,1,13,3,7,0
"4843x1919",0,2,55,2,9,1,0,11,38,0,6,1,0,0,0,0,0,0,1,9,0,0,0,0,2,0,1,0,5,0,0,0,0,0,1,0,0,0,7,0,0,0,32,0,0,0,0,0,0,0,0,0,0,2,0,0,9,0,0,0,0,0,0,0,7,0,0,0,0,0,0,0,0,0,0,0,0,0,0,0,0,0,0,0,0,1,1,0,0,0,0,0,0,0,9,0,0,3,6,1,0,1,0,0,0,0,0,0,0,0,14,0,0,0,6,0,0,0,0,0,0,0,0,0,0,0,1,0,0,0,0,0,79,0,5,8,0,0,0,0,0,0,7,0,0,0,3,0,0,0,0,0,0,0,4,2,0,0,0,0,17,0,0,1,1,0
"4852x2271",0,0,21,0,0,0,0,0,0,4,3,0,0,0,0,0,0,0,1,0,0,0,0,0,0,0,0,0,0,0,0,0,0,26,0,0,0,0,0,0,0,0,9,0,0,0,0,0,0,0,0,0,0,2,0,0,0,0,0,0,0,0,0,0,0,0,0,0,0,0,0,0,0,0,0,0,0,0,0,0,0,0,13,0,0,3,0,0,0,7,0,0,0,0,0,0,0,0,0,1,0,0,0,0,0,0,0,0,0,0,0,1,3,0,0,0,0,0,0,0,0,0,1,0,0,1,0,0,0,0,0,0,33,0,0,0,0,0,2,1,0,0,0,0,0,0,0,0,0,0,0,0,0,0,0,0,0,2,0,0,0,0,9,17,0,1
"4849x5153",0,0,11,0,0,0,0,0,5,0,0,0,3,0,0,0,0,0,12,11,0,0,0,6,19,1,0,2,0,0,0,0,0,1,0,0,0,0,8,0,0,41,26,0,0,0,0,0,0,0,0,0,0,0,1,0,11,0,0,0,3,1,0,8,5,0,0,0,0,0,0,0,0,0,0,0,2,0,2,0,0,0,0,0,0,1,0,0,0,0,0,4,0,1,0,2,0,0,0,0,0,0,0,7,0,0,0,1,0,0,0,15,6,0,3,0,0,0,0,0,0,5,0,0,0,0,0,12,7,0,0,0,72,0,0,0,0,0,0,4,0,0,3,0,0,0,0,0,0,0,0,0,0,0,0,0,0,0,0,0,1,0,5,3,0,7
"4894x6374",0,1,7,0,8,0,0,3,25,0,1,0,0,0,0,0,0,0,11,0,0,5,0,0,0,0,8,0,0,0,0,0,0,1,0,0,40,0,14,0,9,0,17,0,0,0,0,3,1,0,0,0,0,0,0,0,6,0,0,0,1,2,0,0,0,0,0,1,0,0,0,0,0,6,0,0,0,0,0,0,0,0,0,0,0,19,6,0,0,0,0,28,0,1,37,0,16,8,0,7,0,7,13,3,0,0,24,6,14,0,11,21,3,0,6,0,0,0,0,0,0,4,8,0,0,12,0,0,1,0,0,0,152,0,0,0,13,0,0,0,4,0,31,0,2,0,3,0,0,0,0,0,0,0,0,0,0,0,0,0,3,14,5,3,5,0
"4862x2753",0,1,0,0,2,3,0,0,0,0,7,2,0,0,0,0,0,0,2,1,0,0,0,0,0,0,0,0,0,0,0,0,0,0,0,0,0,0,0,0,0,0,17,0,0,0,0,0,0,0,0,0,0,0,0,0,1,0,0,0,2,0,0,0,0,0,0,0,0,0,0,0,0,0,0,0,0,0,5,0,0,0,0,0,0,0,3,0,0,0,0,0,0,0,0,0,1,0,0,6,0,0,0,15,0,0,0,0,0,0,5,0,0,0,3,0,0,0,0,0,0,1,0,0,0,0,0,0,0,0,0,0,20,0,0,0,0,0,16,0,0,0,4,0,0,0,0,0,0,0,0,0,0,0,0,0,0,0,0,0,0,0,3,0,4,0
"4897x85",0,14,24,0,2,4,0,2,22,0,4,0,0,0,0,0,0,0,2,12,0,0,0,0,9,0,0,0,0,0,0,0,0,0,0,0,50,0,7,0,0,5,10,0,0,6,0,0,6,0,0,0,0,0,1,0,12,0,0,0,9,0,0,6,0,0,1,7,0,0,0,0,0,0,0,0,3,0,0,2,0,0,0,0,0,0,7,0,0,0,4,0,0,2,3,15,9,0,0,8,0,8,0,27,4,0,22,1,0,0,4,22,11,1,1,0,0,0,0,0,0,0,0,0,0,0,0,0,0,0,0,0,55,0,0,0,0,0,5,0,15,1,21,0,0,0,0,0,0,0,0,0,0,0,2,4,0,8,0,0,27,0,0,1,0,0
"4867x3356",4,0,3,10,4,0,0,0,5,0,13,0,0,0,0,0,0,0,2,5,0,0,0,0,14,0,4,0,0,0,0,0,0,0,0,0,0,0,0,0,0,7,22,0,0,1,0,0,0,0,0,0,0,0,0,0,2,0,0,0,0,0,0,0,0,0,0,3,0,0,0,0,0,0,0,0,2,0,0,0,0,0,0,0,6,1,5,0,4,0,0,1,0,10,0,0,0,20,0,0,0,2,0,5,0,0,1,2,0,0,8,7,0,0,9,0,0,1,0,0,0,0,0,0,0,0,0,1,20,0,0,0,58,0,0,1,0,0,0,0,0,0,7,0,0,0,8,0,0,9,0,0,0,0,0,0,0,0,0,0,1,12,5,0,0,3
"4895x1559",0,0,1,0,0,2,0,0,5,0,0,9,0,0,0,0,0,0,5,3,0,0,0,0,14,0,0,0,0,0,0,0,0,0,0,0,0,0,3,0,0,0,0,0,0,0,0,7,1,1,0,0,0,0,2,0,1,0,0,0,0,0,0,0,0,0,0,0,0,0,0,0,0,14,0,0,0,0,0,0,0,0,1,0,0,1,0,0,0,0,0,0,0,0,0,0,0,0,0,15,0,1,0,0,0,0,0,0,0,0,0,0,7,0,5,0,0,0,0,0,0,0,0,0,0,1,0,0,0,0,0,0,21,0,0,0,0,0,12,0,1,0,0,0,0,0,0,0,0,0,0,0,0,0,1,0,0,0,0,0,4,0,0,0,0,0
"4887x3710",1,4,29,0,9,0,0,0,18,3,12,0,0,3,0,0,0,0,3,8,1,0,0,0,0,3,5,0,0,0,0,0,0,0,0,0,16,0,0,0,0,42,30,1,0,2,0,1,0,0,0,1,0,0,0,0,23,0,0,0,5,0,0,0,0,0,0,0,0,0,0,0,19,8,0,0,0,0,1,0,0,0,1,0,4,0,14,0,0,0,0,0,0,8,0,24,0,0,1,21,1,2,1,5,0,0,0,0,0,0,17,0,0,0,0,0,0,0,0,0,0,0,0,0,0,0,0,3,0,0,0,0,118,0,0,4,0,0,0,0,0,0,12,0,0,0,0,0,3,0,0,1,0,0,10,0,0,0,0,1,14,0,3,0,6,0
"4889x3549",0,0,3,0,6,0,0,0,20,0,0,0,0,0,0,0,0,0,4,2,0,0,0,0,0,0,2,0,0,0,2,0,0,0,0,0,0,0,5,0,0,3,10,0,0,2,0,0,2,0,0,0,0,0,0,0,6,0,0,0,0,0,0,0,1,0,0,0,0,0,0,0,0,16,0,9,0,0,0,0,0,0,0,0,0,3,0,0,1,0,0,2,0,0,0,2,0,0,0,7,0,2,0,10,0,0,0,0,0,0,0,2,0,9,5,0,0,0,0,0,0,0,0,0,0,0,0,0,0,0,0,0,62,0,0,0,0,0,0,0,0,0,5,0,0,0,0,0,0,0,0,2,0,0,0,0,0,0,0,0,0,0,0,0,10,0
"4886x6070",0,0,0,0,0,0,0,0,5,0,4,0,8,0,0,0,0,0,0,0,0,0,0,0,1,0,0,0,1,0,0,0,0,0,0,0,0,0,0,0,0,2,9,0,0,0,8,4,0,0,0,0,0,0,0,0,0,0,0,0,0,0,0,0,0,0,0,0,0,2,0,0,0,0,34,0,0,0,0,1,0,0,18,0,0,1,0,0,0,0,0,0,0,0,0,1,0,0,0,0,0,0,0,0,0,0,0,0,0,0,0,0,0,0,0,0,0,0,0,0,0,0,0,0,0,0,0,0,0,0,0,0,0,0,0,0,1,0,0,0,0,0,0,0,0,0,0,0,0,0,0,0,0,0,0,0,1,0,0,0,0,0,0,0,0,0
"4921x4079",0,7,3,0,7,1,0,0,4,0,0,2,0,0,0,0,0,1,11,10,0,0,0,0,0,0,6,0,0,0,0,0,0,0,0,0,0,0,0,5,0,0,27,0,0,1,0,0,0,0,0,0,0,0,0,0,11,1,0,0,0,0,0,2,0,0,0,2,0,0,0,0,0,0,0,0,3,0,12,0,0,0,0,0,2,0,12,0,0,0,0,1,0,0,7,1,0,0,1,16,0,4,0,1,0,0,0,0,0,0,6,0,0,0,0,0,0,0,0,0,0,0,0,0,0,0,0,0,0,0,0,0,40,0,0,4,0,0,9,1,4,0,1,0,0,1,0,0,0,0,0,0,0,0,11,0,0,1,0,6,11,0,0,1,20,0
"4907x3227",0,0,12,0,6,0,0,0,20,4,19,0,0,3,0,0,0,0,1,2,0,0,6,0,49,2,3,0,0,0,0,0,0,0,0,0,0,0,0,0,0,14,33,0,0,3,0,0,0,0,0,0,1,1,0,0,0,0,0,0,0,0,0,0,0,0,0,3,0,0,0,0,0,0,0,0,0,0,0,0,0,0,0,0,0,0,0,0,0,0,0,28,0,15,8,3,2,0,0,19,0,7,0,13,0,0,0,0,0,0,18,0,0,0,0,0,0,0,0,0,0,0,0,0,0,2,0,0,7,0,0,0,39,3,0,2,0,0,3,0,0,0,12,0,0,0,4,0,1,0,0,0,0,0,0,0,1,0,0,0,0,0,12,4,1,9
"4915x5499",7,0,8,0,0,3,0,1,25,4,0,0,0,0,0,0,0,0,21,7,0,0,0,0,0,0,17,0,0,0,0,0,8,5,0,0,1,0,1,1,0,8,29,0,0,0,0,0,2,0,0,0,0,0,0,0,2,0,0,0,2,0,0,8,0,0,0,2,0,0,0,0,0,0,0,0,0,0,0,1,0,0,22,0,0,0,5,0,0,0,0,7,0,0,2,0,3,0,4,1,2,0,0,8,0,0,0,0,0,0,34,2,7,0,0,0,0,0,0,0,0,1,1,0,0,2,0,0,1,0,0,5,117,0,0,17,0,0,5,0,0,0,14,0,0,0,1,0,2,0,0,0,7,0,0,0,0,2,0,0,0,2,11,0,0,0
"4911x3096",0,0,0,0,0,5,0,2,21,0,4,0,0,0,1,0,0,0,1,1,0,0,0,0,0,0,3,0,0,0,6,0,5,0,0,0,0,0,0,0,1,0,27,0,0,5,0,0,0,0,0,0,0,0,0,9,3,0,0,0,0,0,0,0,1,0,0,0,0,0,0,0,0,0,0,0,0,0,0,0,0,0,3,0,0,0,11,0,5,0,0,16,0,0,0,0,0,0,1,0,0,0,0,0,0,0,6,0,0,1,0,0,0,0,0,0,0,0,1,0,0,0,0,0,0,1,0,0,0,0,0,0,40,0,0,0,0,0,232,0,0,0,2,0,0,0,7,0,0,0,0,0,0,0,0,0,0,0,0,0,0,0,4,0,0,0
"4880x4307",0,1,8,1,7,1,0,0,1,0,7,0,0,0,0,0,0,0,24,1,0,0,2,0,0,0,11,0,0,3,0,0,1,0,0,0,53,10,4,0,0,0,21,0,0,2,0,81,6,0,0,0,0,0,0,0,6,0,0,0,18,0,0,0,0,0,5,1,0,0,0,1,0,0,0,0,0,0,2,0,0,0,0,0,0,4,1,1,0,0,0,27,0,10,1,0,7,1,0,1,0,0,0,6,0,0,1,0,0,0,12,5,0,0,0,0,0,0,0,0,0,8,0,5,0,1,0,0,0,0,0,0,130,0,0,7,0,0,4,0,2,0,6,0,0,0,4,0,0,0,0,1,0,0,0,0,3,0,0,0,4,0,6,0,0,0
"4884x2947",0,0,3,0,0,0,0,3,16,0,0,0,0,0,3,0,0,0,1,6,0,0,0,0,0,0,0,0,0,0,0,6,0,0,0,0,0,0,0,0,0,0,20,0,0,0,0,0,0,0,0,0,0,0,0,0,10,0,0,1,0,1,9,1,0,0,0,6,0,0,0,0,0,0,0,0,1,0,1,0,0,0,0,0,0,3,0,0,0,0,0,0,0,0,3,0,0,0,2,0,0,0,0,7,0,0,1,0,0,0,0,0,1,0,7,0,0,0,0,0,0,0,0,9,0,0,0,0,0,0,0,1,30,0,0,0,0,0,0,0,0,0,0,0,0,0,0,0,0,0,0,0,0,0,0,0,0,0,0,0,0,0,1,0,0,0
"4944x5230",0,2,4,0,0,1,0,0,11,0,0,7,1,0,0,0,0,0,10,23,0,0,0,0,34,1,1,0,0,0,0,0,0,0,0,4,0,0,0,0,0,0,25,0,0,0,0,0,0,0,0,0,1,0,0,0,4,0,0,0,7,1,0,0,3,0,0,0,0,0,0,0,0,5,0,0,1,0,0,0,0,0,0,9,0,0,11,0,0,2,0,14,0,6,0,0,0,0,0,0,0,2,0,9,0,0,10,6,0,0,15,20,1,7,0,0,0,0,0,0,0,5,0,0,0,1,0,8,7,0,0,0,173,3,0,5,0,0,0,0,0,10,1,0,0,0,0,0,0,0,0,0,0,0,0,0,0,0,0,2,1,0,4,0,0,7
"4958x6105",0,0,0,1,0,0,0,0,8,0,3,0,9,0,0,0,0,0,0,0,0,0,0,0,0,0,0,0,1,0,0,0,0,0,0,0,0,4,0,0,0,0,0,0,0,0,16,0,0,0,0,0,0,0,0,0,0,1,0,0,0,0,0,0,0,0,0,0,0,0,0,1,0,0,80,0,0,0,0,0,0,0,0,0,0,0,0,0,0,0,0,0,0,0,0,2,0,0,0,0,0,0,0,0,0,0,0,0,0,0,0,0,0,0,0,0,0,0,0,0,0,0,0,0,0,0,0,0,0,0,0,0,0,0,0,0,7,0,0,0,0,0,0,0,0,0,0,0,0,0,0,0,0,0,0,0,1,0,0,0,0,0,0,0,0,0
"4947x4907",1,0,5,0,5,3,0,1,42,0,15,6,0,2,0,0,0,0,6,7,0,0,0,0,48,5,0,0,2,0,0,0,0,0,3,0,25,0,7,6,0,0,43,0,3,42,0,0,0,0,0,0,0,0,0,0,12,1,0,0,7,0,0,4,0,0,1,4,0,0,0,0,1,0,0,0,3,0,0,0,0,1,0,0,0,0,11,0,0,0,0,0,0,0,1,1,6,1,0,13,0,7,0,23,0,0,10,0,0,0,20,24,0,0,4,0,0,0,0,0,0,4,0,0,0,0,1,0,0,0,0,0,97,0,0,1,0,0,3,0,6,1,15,0,0,0,0,0,0,0,0,0,0,0,0,0,0,3,0,0,12,0,7,0,0,0
"4956x4497",0,0,13,0,1,0,0,2,16,0,17,1,2,0,0,0,0,0,12,16,0,0,0,0,22,0,2,0,7,0,0,0,0,0,0,0,0,0,0,0,0,18,21,0,0,1,0,0,0,0,0,0,0,0,0,0,28,0,0,0,0,0,0,1,0,0,0,2,0,0,0,0,0,0,0,0,0,0,0,0,0,0,0,0,8,4,0,0,0,0,0,0,0,0,6,0,0,0,0,1,0,10,0,17,0,0,0,3,0,0,10,11,0,1,0,0,0,0,0,0,0,0,0,0,0,1,0,16,1,0,0,0,143,5,0,1,0,0,0,0,0,0,6,0,0,0,2,3,1,0,0,0,0,0,0,0,0,0,0,1,2,0,14,0,1,0
"4995x2631",0,18,18,1,4,0,0,0,44,5,29,8,0,0,0,0,0,0,11,20,0,1,0,0,19,6,8,0,0,0,0,0,0,0,0,0,82,1,1,6,2,0,83,0,0,16,0,35,31,0,0,0,0,2,0,0,19,3,0,0,15,1,0,7,4,0,0,1,0,0,0,0,0,0,0,0,2,0,2,0,0,0,4,0,0,0,7,5,0,0,3,1,0,0,2,13,0,0,1,0,0,17,1,10,0,0,8,13,0,0,8,1,0,6,5,0,0,0,0,0,0,0,6,0,1,0,0,0,0,0,0,16,160,0,0,3,0,2,0,3,0,0,0,0,0,0,0,4,0,0,0,0,0,0,0,0,2,15,0,0,68,0,2,6,2,0
"5018x6547",0,0,0,0,3,0,0,0,0,0,0,0,0,0,0,0,0,0,4,0,0,0,0,0,0,0,0,1,0,0,0,0,0,10,1,0,9,4,4,0,0,0,16,0,0,2,0,7,9,5,0,0,1,0,0,2,1,0,0,2,0,0,0,0,2,0,0,0,0,0,0,0,0,0,1,0,1,0,0,0,0,0,0,0,13,0,0,0,0,0,0,14,0,1,0,0,0,0,8,7,0,0,1,0,0,0,0,0,0,0,0,7,1,0,0,0,0,0,0,0,0,0,0,2,0,0,0,0,1,0,0,0,25,3,0,0,0,0,0,0,0,0,1,0,0,0,1,0,0,0,0,0,0,0,0,0,0,0,0,0,0,5,0,0,0,0
"5000x3469",0,0,1,0,9,2,0,7,11,0,2,0,0,0,0,0,0,0,1,6,0,0,0,0,0,5,0,0,0,0,0,0,0,0,0,0,21,5,15,0,0,0,4,0,0,0,0,4,1,0,0,0,0,0,0,0,0,0,0,0,21,0,0,0,0,0,2,3,0,0,0,0,0,0,0,0,0,0,0,0,0,0,0,8,0,24,10,0,9,0,3,5,0,1,0,0,0,0,0,0,0,12,0,10,0,0,5,1,0,0,0,0,0,13,3,0,0,0,0,0,0,0,13,0,0,5,2,0,13,0,0,0,5,3,0,1,0,0,0,0,0,0,4,0,0,0,0,0,0,0,0,0,0,0,0,0,0,0,0,0,0,0,0,7,0,0
"4986x1216",1,1,17,0,4,2,0,0,34,8,12,0,1,1,0,0,0,0,13,15,0,0,0,0,3,0,2,0,0,0,0,0,1,12,0,2,13,2,7,6,1,0,9,0,0,7,9,0,2,0,2,0,0,0,0,1,8,0,0,0,1,0,0,0,0,0,1,0,0,0,0,0,0,1,0,0,1,0,0,0,0,0,0,0,0,0,4,0,0,0,0,1,0,0,44,11,0,0,0,0,0,5,8,8,0,0,0,5,4,0,9,0,1,0,10,0,0,0,0,0,0,0,0,0,0,0,0,0,0,0,0,0,109,4,0,11,0,0,18,0,5,0,7,0,0,0,0,0,5,0,0,0,0,0,0,0,0,2,0,0,19,0,0,13,1,1
"5023x783",0,0,0,0,3,0,0,1,0,0,14,0,0,0,0,0,0,0,0,2,0,3,0,0,0,0,0,0,0,0,0,0,1,2,2,0,0,0,2,0,0,0,0,0,1,0,0,5,0,0,4,0,0,0,0,0,0,0,0,0,15,0,0,0,0,0,0,0,0,0,0,0,0,0,0,0,0,0,0,0,10,0,0,0,0,0,0,0,0,0,0,12,0,0,0,0,1,0,0,0,0,0,0,0,0,0,0,0,0,0,0,1,0,0,2,0,0,0,0,0,0,0,0,0,0,5,1,1,0,0,0,0,46,0,0,0,0,0,0,0,11,0,8,3,0,0,0,0,0,0,0,0,0,0,0,0,0,0,0,0,0,0,5,0,0,0
"5040x1067",0,2,0,0,6,0,0,0,0,0,0,1,0,0,0,0,0,0,3,11,0,0,0,0,0,0,0,0,0,0,0,0,1,1,0,0,10,4,11,0,0,0,0,0,0,0,7,0,3,0,0,0,0,0,0,0,0,0,0,0,0,0,0,0,0,0,0,0,0,0,0,0,0,0,0,0,4,0,0,0,0,0,0,0,0,0,0,1,0,0,0,2,0,0,0,19,0,0,0,0,0,10,0,0,0,0,0,0,0,0,0,0,0,0,0,0,0,0,0,0,0,0,0,0,0,0,0,0,0,0,0,0,15,0,0,13,0,0,0,0,0,0,0,0,0,0,0,0,0,0,0,1,0,0,0,0,0,0,0,0,1,0,0,0,0,0
"5051x3353",0,0,0,0,1,0,0,0,15,0,0,0,0,0,0,0,0,0,3,5,0,0,0,0,0,0,0,0,0,0,0,0,0,2,0,0,16,0,10,0,7,0,4,0,0,9,0,8,6,0,0,0,0,0,0,0,0,0,0,0,28,0,0,0,0,0,0,0,0,0,0,0,0,0,0,0,0,0,2,0,0,0,0,0,0,0,3,0,5,0,2,2,0,0,11,0,0,0,0,0,0,9,0,0,0,0,1,0,0,0,11,0,0,6,3,0,0,0,0,0,0,0,1,0,0,5,0,0,0,0,0,0,26,0,0,1,0,0,1,0,0,0,0,0,0,0,0,0,0,0,0,0,0,0,0,0,0,0,0,0,7,7,8,0,4,0
"5048x5949",0,0,15,0,0,1,0,4,7,0,0,0,13,0,0,0,0,0,0,1,0,0,0,0,0,0,0,0,0,0,0,0,0,7,0,0,0,0,0,0,1,11,8,0,0,5,0,0,0,0,0,0,0,0,0,1,0,0,0,0,0,0,0,0,1,0,0,2,0,0,0,0,0,0,0,0,0,0,17,0,3,0,0,0,0,0,5,0,0,0,0,2,0,0,1,0,0,0,0,22,0,0,8,3,0,0,3,0,2,0,0,3,10,7,0,0,0,0,0,0,0,0,0,0,0,0,0,0,0,0,0,0,34,0,0,0,0,0,0,0,2,0,0,0,0,0,0,1,0,0,0,0,15,0,0,0,0,0,0,1,0,9,0,0,22,0
"5091x630",3,7,10,0,6,2,0,0,27,0,4,0,0,4,0,0,1,0,18,14,0,2,0,0,20,10,0,0,1,0,0,0,0,0,0,5,75,7,42,0,0,0,2,0,0,0,0,83,19,0,6,0,0,0,0,0,16,0,0,0,6,0,6,0,0,0,1,1,0,0,0,0,0,0,0,0,2,0,0,0,0,0,0,0,0,0,16,1,0,0,18,15,0,0,6,4,0,0,0,11,0,14,0,1,0,0,0,0,0,0,5,10,0,0,0,0,0,0,0,0,0,0,0,0,0,5,0,0,7,0,0,0,106,16,0,4,0,0,0,0,0,0,15,0,0,0,0,3,0,0,0,0,0,0,0,0,0,0,0,0,1,1,6,2,3,0
"5078x5550",2,3,19,0,1,0,0,3,27,0,6,0,2,1,0,0,0,0,7,4,0,0,19,0,5,0,16,0,0,0,0,0,0,0,0,1,55,2,4,0,0,0,21,0,0,6,0,13,0,0,0,0,0,2,3,0,13,1,0,0,0,0,0,6,0,0,0,2,0,0,0,0,0,0,0,0,1,0,1,0,0,0,5,0,0,4,0,0,0,0,0,1,0,0,0,3,1,1,0,0,0,1,3,0,0,0,3,0,0,0,13,2,0,0,0,0,0,0,0,0,0,7,0,0,0,1,1,0,0,0,0,0,127,0,0,0,0,0,32,0,0,0,0,0,0,0,4,2,1,0,0,0,0,0,7,0,0,0,0,0,71,0,0,0,0,0
"5116x1531",0,0,11,0,4,2,0,0,32,0,3,0,0,0,0,0,0,0,0,3,2,0,0,0,0,0,0,0,0,0,0,0,0,0,0,0,0,0,1,0,0,7,2,0,0,0,0,5,0,0,1,0,0,0,30,64,4,0,0,0,0,0,0,0,0,0,0,0,0,0,0,0,0,0,0,0,1,0,0,0,0,0,0,0,0,0,0,0,0,7,16,0,0,7,7,1,0,0,0,5,8,1,0,1,0,0,4,0,1,0,14,2,0,0,0,0,0,0,0,0,0,0,0,0,0,0,0,0,0,0,0,6,2,0,0,0,0,0,283,1,6,0,2,0,0,0,15,0,0,1,0,0,0,0,0,0,8,7,0,0,1,0,0,28,0,0
"5118x880",0,0,0,0,3,0,0,0,3,0,4,0,0,0,0,0,0,2,0,0,0,0,5,0,0,0,2,0,0,0,0,0,0,0,0,0,3,0,7,0,0,0,5,0,0,10,0,0,2,0,0,0,0,0,0,0,0,0,0,0,0,0,0,0,0,1,0,0,0,0,0,0,0,0,0,0,0,0,0,0,20,0,16,0,0,0,0,0,0,0,0,3,0,0,0,0,0,0,0,11,0,0,0,0,0,0,0,0,0,0,0,0,0,0,0,0,0,0,0,0,0,0,1,0,0,0,0,0,0,0,0,0,10,0,0,5,0,0,0,0,11,0,2,3,0,0,0,1,0,0,0,0,0,0,0,0,0,0,0,0,0,0,0,0,0,0
"5129x6037",0,0,14,0,0,0,0,0,0,0,0,0,32,0,0,0,0,0,0,0,0,0,0,0,0,0,0,0,0,0,0,0,0,10,0,0,0,0,0,0,0,7,8,0,0,5,1,0,0,0,0,0,3,0,0,0,0,0,0,0,0,0,0,1,0,0,0,0,0,0,0,0,0,0,5,0,0,0,2,0,9,0,0,0,7,6,3,0,0,0,0,0,0,0,5,0,0,0,0,0,0,0,1,0,0,0,0,3,0,0,0,0,0,1,4,0,0,0,0,0,0,0,0,0,0,0,0,0,0,0,0,0,11,0,1,0,0,0,0,0,0,0,0,0,0,0,0,2,0,0,0,0,0,0,0,0,1,0,0,0,0,0,0,0,4,0
"5154x4778",0,0,20,0,6,3,0,17,8,0,10,1,0,0,0,0,0,0,7,0,0,0,0,0,14,2,12,0,0,0,10,0,0,1,0,3,43,0,1,0,0,0,15,0,0,3,0,0,0,0,0,0,0,1,0,0,4,0,0,0,12,0,1,0,0,0,0,0,0,0,0,0,0,1,0,0,1,0,0,0,0,0,0,0,0,0,10,0,0,0,0,15,0,9,0,10,0,1,0,5,0,3,0,11,0,0,0,5,0,0,3,16,1,9,3,0,0,0,0,0,0,6,0,0,0,0,1,0,1,0,0,0,138,3,0,3,0,0,0,0,4,0,5,0,0,0,0,0,0,0,0,0,5,0,0,0,0,1,0,0,0,1,0,0,2,2
"5138x4913",0,1,0,0,0,3,0,3,17,4,0,28,1,0,0,0,0,0,2,0,0,1,0,0,0,0,1,0,0,0,2,0,0,3,0,0,25,0,3,7,0,28,1,0,0,0,14,0,0,0,0,0,0,0,0,0,10,0,0,0,6,0,0,0,4,0,0,1,0,0,0,0,0,0,2,0,1,0,1,0,0,0,0,0,0,0,3,0,0,0,0,5,0,0,0,1,0,0,0,0,0,0,0,6,0,0,0,0,0,0,15,5,0,0,0,0,0,0,0,0,0,4,0,0,0,0,1,0,0,0,0,0,49,0,0,0,0,0,0,0,0,0,0,0,0,0,0,0,1,0,0,0,0,0,0,0,0,0,0,0,0,0,0,0,0,0
"5184x994",0,2,19,0,2,0,3,7,8,0,6,3,0,0,0,0,0,0,12,11,0,0,5,0,12,7,8,0,0,0,0,0,0,0,0,0,54,0,34,1,0,0,4,0,0,0,0,59,62,0,0,0,0,0,0,0,0,0,0,0,25,0,11,0,0,0,1,0,0,0,0,0,0,0,0,0,0,0,0,0,0,0,0,0,6,0,4,0,3,0,1,7,0,2,6,6,0,0,0,1,0,9,1,3,0,0,0,0,0,0,8,6,0,0,0,0,0,0,0,0,0,0,36,0,0,0,0,4,0,0,0,3,37,8,0,0,0,0,0,0,0,1,6,0,0,3,0,9,0,0,0,0,0,0,0,0,0,1,0,0,27,6,7,0,5,4
"5172x5235",0,11,17,2,2,0,2,2,26,0,10,0,0,0,0,0,0,0,3,24,0,0,0,0,17,2,1,0,0,0,8,0,0,3,0,0,56,17,4,1,0,0,22,0,0,9,0,2,9,0,0,0,0,0,0,0,10,0,0,0,11,5,0,0,0,0,3,2,0,0,0,0,0,1,0,0,3,0,0,0,0,0,0,0,0,0,6,0,0,2,0,5,0,3,1,1,3,0,0,2,0,0,0,10,0,0,0,0,4,0,13,0,2,1,0,0,0,0,0,0,0,0,5,0,0,0,0,0,0,0,0,0,74,0,0,0,0,0,33,1,9,0,9,0,0,0,0,0,0,0,0,1,0,0,1,0,2,0,0,0,49,0,5,0,14,0
"5190x3948",8,0,0,1,1,0,0,0,1,0,0,0,0,0,0,0,0,0,0,3,0,0,0,0,0,0,0,0,0,0,0,0,1,1,0,0,0,0,0,0,0,0,12,0,0,0,0,0,0,0,0,0,0,0,0,12,1,0,0,0,0,0,0,0,0,0,0,0,0,0,0,0,0,0,0,0,0,0,0,0,0,0,0,0,0,0,0,0,0,0,0,5,0,0,0,0,0,0,0,0,0,1,1,23,0,5,0,1,0,0,0,0,9,0,0,0,0,0,0,0,0,0,0,0,0,0,0,0,0,0,0,0,4,0,0,0,3,0,261,5,0,1,0,0,0,0,0,0,0,0,0,1,0,0,0,0,0,0,0,0,2,0,0,1,1,0
"5203x1124",0,0,36,0,2,0,3,0,6,0,0,1,0,0,2,0,0,0,4,9,0,5,0,0,0,7,3,0,0,0,0,0,0,1,0,0,47,0,37,6,0,0,2,0,0,0,0,23,39,0,0,0,0,0,0,0,3,0,0,0,8,1,0,0,0,0,0,2,0,0,0,0,0,0,0,0,0,0,0,0,0,0,0,0,0,0,5,0,2,0,2,3,0,0,10,0,0,0,0,0,0,2,21,1,0,0,0,0,3,0,5,16,0,0,1,0,0,0,0,0,0,0,0,0,0,0,0,0,0,0,0,3,19,0,0,27,0,0,0,0,0,0,27,0,0,3,2,0,0,0,0,5,0,0,0,0,0,0,0,0,11,0,0,19,0,0
"5219x1892",0,0,0,0,0,0,0,0,0,0,0,0,0,0,0,0,0,0,0,0,0,0,0,0,0,0,0,0,2,0,0,0,0,0,0,0,0,0,0,0,0,0,0,0,0,0,0,0,0,0,0,0,0,1,0,0,0,0,0,0,0,0,0,0,0,0,0,0,0,0,0,0,0,0,1,0,0,0,0,0,0,0,1,0,0,0,0,0,0,0,0,0,0,0,0,0,0,0,0,6,0,0,0,0,0,0,0,0,0,0,0,0,0,0,0,0,0,0,0,0,2,0,0,0,0,5,0,0,0,0,0,0,1,0,0,0,0,0,565,0,0,0,0,0,0,0,0,0,0,0,0,0,0,0,0,0,0,1,0,0,0,0,0,0,0,0
"5211x2607",0,4,21,2,4,2,3,0,9,0,7,1,0,1,1,0,0,0,2,5,0,6,0,0,1,0,0,0,0,0,1,0,0,7,0,0,0,0,0,0,1,6,11,0,0,13,1,0,1,0,0,0,0,0,0,0,0,0,0,0,6,0,0,0,0,0,0,13,0,0,0,0,0,1,0,0,0,0,0,0,2,0,2,0,0,0,1,0,0,0,15,0,0,3,0,0,0,2,0,17,0,13,0,0,0,0,0,0,0,0,3,7,0,0,4,0,0,0,0,0,0,0,0,4,0,0,0,0,0,0,0,0,23,10,2,6,0,0,5,0,1,1,0,0,0,0,0,0,0,0,0,1,12,0,0,0,0,6,0,0,9,0,4,20,2,0
"5203x2895",0,0,30,1,4,0,0,4,9,4,1,8,0,0,5,0,0,0,4,4,0,4,0,0,0,2,7,0,0,0,0,0,20,0,0,0,23,0,20,0,0,0,10,0,0,0,0,0,0,0,0,0,0,0,0,0,18,2,0,0,9,0,0,0,0,0,0,4,0,0,1,0,0,0,0,0,6,0,0,0,0,0,0,0,0,0,0,0,0,0,0,2,0,4,14,0,0,0,0,0,0,1,0,0,0,0,0,0,0,0,1,1,2,1,3,0,0,1,0,0,0,0,1,0,0,2,0,0,0,0,0,0,40,0,0,4,0,0,7,0,6,0,10,0,0,0,3,1,1,0,0,0,0,0,0,0,0,0,0,4,6,0,2,0,0,0
"5213x2740",2,9,58,0,0,1,3,1,44,0,3,0,1,11,0,0,0,0,6,5,0,0,0,0,2,7,0,0,0,0,1,0,0,1,0,2,3,0,1,4,0,23,24,0,0,0,0,3,0,0,0,0,0,0,0,0,41,0,0,0,16,0,0,0,0,0,0,9,0,0,0,0,0,0,0,0,0,0,0,0,0,0,0,1,1,3,2,0,0,0,1,15,0,0,0,0,0,0,0,0,0,0,4,0,0,0,0,0,0,0,13,35,0,0,0,1,0,0,0,0,0,0,1,4,0,0,0,0,0,0,0,0,28,15,0,16,0,0,0,4,10,3,46,1,0,0,3,2,7,0,0,0,0,0,4,0,0,10,4,0,10,0,1,0,4,0
"5207x385",0,12,58,0,2,3,2,0,25,0,16,0,0,0,0,0,0,0,10,24,0,0,0,0,30,3,20,4,0,0,0,0,0,20,0,9,53,4,18,0,0,0,25,0,7,43,8,11,7,0,0,0,0,0,1,0,10,0,0,0,13,0,0,1,0,0,0,23,0,0,0,0,0,0,0,0,0,0,0,0,0,0,16,2,0,0,21,0,1,0,0,15,0,1,5,6,0,0,2,27,1,3,2,5,0,0,0,9,0,0,17,20,0,8,7,0,0,0,0,0,0,0,10,0,0,0,1,0,0,0,0,0,102,8,0,37,0,0,0,0,0,0,17,0,0,0,1,0,21,0,0,0,3,0,0,5,0,13,6,0,37,3,0,0,0,0
"5219x166",0,0,73,0,19,3,0,0,29,0,1,0,0,5,0,0,0,0,3,15,0,0,0,0,0,0,0,0,0,0,0,0,0,2,0,0,68,0,9,0,0,7,15,0,1,0,0,18,17,0,1,0,0,0,0,0,1,4,0,0,0,0,0,0,0,0,4,11,0,0,0,0,0,1,0,0,0,0,0,0,0,0,0,0,5,0,9,0,10,0,9,7,0,0,0,0,0,1,1,0,0,7,0,5,0,0,0,0,2,0,15,25,0,0,9,0,0,0,0,0,0,0,4,0,0,0,0,0,0,0,0,0,86,0,0,0,0,1,0,0,1,0,8,0,5,0,0,0,0,2,0,0,0,0,0,0,0,0,0,0,38,0,0,0,0,0
"5247x1284",0,0,7,0,1,0,0,1,33,2,0,0,0,0,2,0,0,0,5,19,0,2,0,0,25,15,0,0,1,0,0,0,0,0,0,2,22,0,1,0,0,0,35,0,0,0,0,2,1,3,0,0,0,0,0,0,10,0,0,0,0,0,0,0,0,0,1,0,0,0,0,0,0,0,0,0,3,0,0,0,0,0,0,0,0,14,5,0,0,1,0,21,0,0,4,0,0,2,0,2,0,3,3,3,0,0,0,0,0,0,18,14,0,0,7,0,0,0,0,0,0,0,10,0,0,0,1,1,1,0,0,0,125,0,0,5,0,0,0,0,0,0,16,0,0,0,0,0,1,0,0,0,0,0,0,0,0,2,3,0,0,0,0,3,0,0
"5227x2273",0,0,2,0,2,2,1,0,7,2,0,0,0,1,0,0,0,0,6,1,0,2,0,0,0,0,0,0,0,0,5,0,0,6,0,0,31,0,9,0,0,12,22,0,0,3,0,9,0,0,0,0,0,5,0,0,19,0,0,0,13,0,1,0,0,1,0,0,0,0,0,0,0,0,0,1,0,0,0,0,0,0,0,0,0,0,7,0,0,0,1,1,0,13,3,2,0,1,0,5,1,23,8,1,0,0,0,0,0,0,9,8,0,0,7,0,0,0,0,0,1,0,2,0,0,0,0,0,6,0,0,0,75,0,0,3,0,0,2,0,5,0,0,0,0,0,0,0,0,0,0,3,0,0,0,0,0,0,0,0,1,0,0,1,4,0
"5218x6328",0,0,23,0,3,0,2,1,43,0,1,0,0,0,0,0,0,0,4,8,0,0,0,0,0,0,1,0,0,0,0,0,0,0,0,0,5,0,0,0,0,0,4,0,0,0,0,0,0,0,3,0,0,0,35,36,0,0,0,0,4,0,0,4,0,0,0,0,0,0,2,0,0,0,0,0,2,0,0,0,0,0,0,0,0,0,0,0,0,0,5,1,0,0,11,3,0,2,0,0,1,0,0,0,0,0,0,0,0,0,15,1,3,0,0,0,0,0,0,0,0,0,0,0,0,0,0,0,0,0,0,0,8,1,0,0,1,0,1,0,0,0,0,0,0,0,6,0,0,0,0,0,0,0,0,4,2,6,1,0,1,6,0,33,7,0
"5262x1801",0,2,0,0,0,0,0,0,13,0,6,0,0,1,0,0,0,0,1,1,0,0,0,0,0,0,0,0,2,0,0,0,0,1,0,0,1,0,0,0,0,0,5,0,0,0,0,0,0,0,0,0,0,0,0,0,8,0,0,0,0,0,0,0,3,0,0,4,0,0,0,0,0,0,1,0,2,0,0,0,1,0,0,0,0,0,0,0,0,0,0,0,0,0,1,0,0,0,0,10,0,0,0,0,0,0,0,0,3,0,4,12,0,0,2,0,0,0,0,0,0,0,3,0,0,1,0,0,7,0,0,0,22,0,0,27,0,0,132,0,0,0,3,0,3,0,0,0,0,0,0,1,0,0,0,0,0,0,0,0,4,0,0,0,5,0
"5252x5910",0,0,0,0,0,0,0,0,1,0,0,0,17,0,0,0,0,0,2,1,0,0,0,0,2,0,0,0,0,0,7,0,0,3,0,0,0,0,0,2,0,9,0,0,0,0,1,0,0,0,0,0,0,0,0,0,0,0,0,0,0,0,0,0,0,0,0,0,0,0,0,0,0,0,2,0,0,0,1,1,0,0,0,0,0,0,4,0,0,0,0,15,0,0,0,2,2,0,0,13,0,0,0,0,0,0,0,0,1,0,2,2,1,0,0,0,0,0,0,0,0,0,0,0,0,0,0,0,0,0,0,0,9,2,0,0,0,0,0,0,0,0,0,0,0,0,0,0,0,0,0,1,0,0,0,0,0,0,0,0,0,0,0,0,4,0
"5271x3021",2,3,0,0,2,0,0,0,43,0,2,0,0,0,0,0,0,0,11,2,0,0,0,0,0,0,0,3,0,0,0,0,0,0,0,0,0,0,2,0,0,0,0,0,0,0,0,0,0,0,0,0,0,0,0,0,0,0,0,0,0,0,0,0,0,0,0,6,0,0,0,0,0,0,0,0,3,0,7,0,0,0,0,0,0,0,0,0,0,0,1,0,0,1,0,0,0,0,2,4,0,0,0,13,0,0,0,0,0,0,12,0,0,4,3,0,0,0,0,0,0,0,2,0,0,0,0,0,0,0,0,0,40,0,4,0,0,0,0,0,5,0,2,0,0,0,0,0,0,0,0,0,0,0,0,0,0,0,0,4,0,8,16,0,1,0
"5277x6161",0,0,0,0,1,0,6,1,1,0,7,0,29,0,0,0,0,0,0,0,0,0,0,0,12,0,0,0,11,0,1,0,0,0,0,0,0,0,0,0,0,0,5,0,0,0,4,0,0,0,0,0,0,0,0,0,0,0,0,0,0,0,0,0,0,0,0,3,0,0,0,0,0,0,5,0,2,0,0,0,12,0,0,0,0,0,5,0,0,0,0,0,0,0,1,0,3,0,0,5,0,0,0,0,0,0,0,0,0,0,2,1,0,0,0,0,0,0,0,0,0,0,0,0,0,0,0,0,0,0,0,0,0,0,0,7,0,8,0,0,0,0,0,0,0,0,0,1,0,0,0,0,0,0,0,0,0,0,0,0,1,0,0,0,0,0
"5275x3504",0,4,33,1,6,5,0,3,29,0,7,0,0,0,0,0,0,0,5,22,0,0,0,0,27,1,12,0,13,0,0,0,0,12,0,5,0,0,2,0,0,1,2,0,0,3,0,0,0,0,0,0,0,0,0,0,14,0,0,0,4,0,0,0,0,0,2,3,0,0,0,0,0,0,3,0,4,0,15,0,0,0,0,0,16,0,2,0,0,0,0,0,0,0,5,9,0,1,1,6,0,0,0,3,0,0,0,3,0,0,15,26,3,0,8,2,0,0,0,0,0,6,2,0,0,0,0,0,0,1,0,1,130,21,0,10,0,0,0,1,31,0,13,0,0,0,0,0,4,0,0,0,1,0,10,0,6,0,0,1,32,4,1,5,9,0
"5314x4858",0,2,0,0,0,3,0,1,12,0,0,2,1,0,0,0,1,0,5,0,0,0,0,0,0,0,7,0,0,0,0,0,0,3,0,1,54,0,0,0,0,0,28,0,0,0,0,10,1,0,0,0,0,0,0,0,2,1,0,0,18,0,0,0,0,0,0,0,0,0,0,0,0,0,0,1,4,0,0,0,0,0,5,0,0,0,5,0,0,0,0,6,0,0,0,0,0,0,0,0,0,13,5,0,0,0,0,0,0,0,4,5,8,3,0,0,0,0,0,0,0,2,2,0,0,1,0,5,3,0,0,0,47,0,2,0,0,0,0,0,2,0,4,0,0,0,0,1,0,0,0,0,0,0,0,0,12,4,0,0,0,12,19,8,17,0
"5272x5434",0,0,0,0,2,0,0,0,25,0,0,3,0,0,0,0,0,0,1,2,0,13,0,0,0,0,3,0,0,0,0,0,0,0,0,12,14,0,13,1,0,0,7,0,0,0,0,15,1,0,3,0,0,0,2,9,10,0,0,0,1,0,0,0,0,0,0,0,0,0,0,1,0,3,0,0,1,0,0,0,0,0,0,0,0,0,0,0,0,0,1,2,0,13,2,0,0,0,0,0,0,1,4,0,0,0,0,5,0,0,5,0,3,0,0,0,0,0,0,0,0,0,5,0,0,0,0,0,0,0,0,0,1,3,0,0,0,0,614,1,1,8,7,0,0,0,0,0,0,0,0,0,0,0,0,0,0,1,0,0,3,0,0,37,1,0
"5298x4727",0,13,7,0,3,2,0,6,6,0,0,0,0,1,0,0,0,0,2,0,0,0,0,0,0,0,0,0,0,0,12,0,0,1,0,0,21,0,1,0,0,0,14,0,0,0,0,0,1,0,0,0,0,0,0,0,4,1,0,0,4,0,1,2,4,0,0,0,0,0,0,0,0,0,0,0,0,0,15,0,0,0,0,0,0,0,2,0,0,0,0,2,0,0,5,0,2,0,3,0,0,3,0,1,0,0,0,0,0,0,0,0,0,0,3,0,0,0,0,0,0,1,0,0,0,0,0,0,0,0,0,0,35,8,0,1,0,0,0,0,2,0,0,0,0,0,0,1,0,0,0,0,0,0,0,0,0,0,0,0,0,0,0,0,37,9
"5304x1513",0,1,20,3,0,0,0,0,22,0,19,0,3,10,0,0,0,0,4,10,0,0,0,10,3,11,7,0,3,7,21,0,0,0,0,1,12,0,1,0,0,6,26,0,0,0,0,4,0,0,0,0,0,0,3,0,5,0,0,0,10,0,0,5,10,0,0,3,0,0,0,0,0,4,0,0,0,0,0,0,0,0,19,0,9,11,22,0,0,0,0,0,1,0,28,13,11,0,5,23,0,4,0,18,0,0,0,2,3,0,9,9,5,1,1,0,0,0,0,0,0,0,4,0,0,0,0,1,0,0,0,10,92,8,0,4,0,0,33,1,0,0,12,0,2,0,0,4,4,0,0,0,0,0,1,0,0,5,5,0,33,0,1,7,7,0
"5333x95",3,1,77,0,6,4,3,6,21,6,11,0,1,1,0,0,0,0,4,8,0,0,0,0,22,0,15,0,6,0,0,0,0,15,0,0,19,2,4,0,0,23,31,0,0,12,0,55,15,0,0,0,0,0,0,0,15,3,0,0,0,0,0,0,0,0,2,4,0,0,0,0,0,0,1,0,0,0,0,0,0,0,10,0,0,0,12,9,0,0,0,12,0,1,3,10,17,0,2,0,0,8,0,16,0,0,0,0,0,0,0,21,0,0,1,0,0,0,0,0,0,0,8,0,0,1,0,0,0,0,0,0,133,0,0,7,0,0,0,9,10,0,25,0,0,0,0,0,5,1,0,0,0,0,0,0,0,0,0,0,50,12,1,0,1,0
"5343x5027",0,0,7,0,0,1,0,0,3,0,6,0,0,0,0,0,0,0,0,0,0,0,0,0,0,0,1,0,2,0,0,0,0,10,0,0,1,3,0,0,0,0,0,0,0,0,0,1,0,0,0,0,0,0,0,4,0,0,0,0,0,1,0,0,6,0,0,0,0,0,0,0,0,0,0,0,0,0,0,0,0,0,4,0,5,0,0,0,0,0,0,0,0,14,0,0,0,0,0,11,7,0,0,0,0,0,0,0,0,0,0,0,1,0,0,0,0,0,0,0,0,0,0,0,0,0,0,0,0,0,0,0,5,0,8,0,0,0,0,0,0,0,0,0,0,0,0,0,0,0,0,0,0,0,0,0,0,0,0,0,18,0,0,0,1,0
"5382x6558",0,0,20,0,0,10,0,0,7,0,0,3,0,0,0,0,0,0,4,9,0,0,12,0,0,0,0,0,0,0,3,0,0,1,0,0,18,0,2,0,0,8,3,0,0,1,0,0,7,0,0,0,0,0,0,1,0,0,0,0,0,0,0,0,0,0,0,0,0,0,0,0,4,10,0,0,0,0,0,0,0,0,5,0,0,0,2,0,0,0,0,0,0,0,19,0,0,0,0,0,0,2,1,0,0,0,0,9,0,0,10,3,1,0,0,0,0,0,0,0,0,0,0,0,0,0,0,0,0,0,0,0,39,0,0,0,0,0,0,0,0,0,0,0,0,0,0,1,1,0,0,0,0,0,0,0,0,0,0,0,6,0,0,0,7,0
"5331x2045",9,0,0,2,0,0,0,0,25,0,0,5,1,3,0,0,0,0,1,2,0,0,0,0,8,14,0,0,0,0,0,0,0,2,0,0,4,0,1,0,0,0,5,0,0,0,0,0,0,0,0,0,0,1,0,0,4,0,0,0,0,0,0,14,0,0,0,9,0,0,0,0,0,0,0,0,1,0,2,0,0,0,0,5,0,0,0,12,0,0,0,1,0,0,0,0,0,0,0,0,0,0,0,0,0,0,5,0,0,0,1,0,0,4,0,0,0,0,0,0,0,0,6,19,0,0,0,0,0,2,0,0,38,0,0,0,0,0,66,0,0,0,0,0,0,0,0,0,0,0,0,0,0,0,0,0,0,0,0,0,11,0,0,0,0,0
"5331x3871",0,0,10,0,0,0,0,20,0,0,0,0,0,0,0,0,0,0,0,0,0,0,0,0,0,0,0,0,4,0,0,0,0,0,0,0,4,0,0,0,0,0,12,0,0,0,0,0,0,0,0,0,0,0,0,0,3,0,0,0,0,0,0,0,0,0,0,0,0,0,0,0,0,0,0,0,0,0,0,0,0,0,0,0,0,0,4,0,0,0,0,11,0,0,0,0,0,0,0,0,0,0,0,6,0,0,0,0,0,0,21,0,2,0,2,0,0,0,0,0,0,2,0,0,0,0,0,0,0,0,0,0,10,0,0,11,0,0,3,0,0,0,0,0,0,0,18,6,0,0,0,0,0,0,0,0,0,0,0,0,2,0,0,0,0,0
"5349x6081",0,0,0,0,0,0,0,1,0,0,0,0,0,0,0,0,0,0,0,0,0,0,0,0,0,0,0,0,0,0,0,0,0,0,0,0,0,0,0,0,0,0,0,0,0,0,34,0,0,0,0,0,0,0,0,0,0,0,0,0,0,0,0,0,0,0,0,1,0,0,0,0,0,0,6,0,1,0,0,5,0,2,0,0,0,0,0,0,16,0,0,0,0,0,0,0,1,3,0,2,0,0,0,0,0,0,0,0,0,0,0,0,0,19,0,0,0,0,0,0,0,0,0,0,0,0,0,0,0,0,0,0,4,0,0,0,0,3,0,0,0,0,0,0,0,0,6,0,0,0,0,0,0,0,0,0,0,0,0,0,1,0,0,0,3,0
"5352x2839",0,9,24,0,5,0,0,0,10,0,0,6,0,0,0,0,0,0,3,2,0,0,0,0,0,2,1,0,0,0,0,0,0,6,0,0,15,0,11,12,0,0,2,0,0,0,0,0,0,0,0,0,0,0,0,0,0,0,0,0,6,0,0,0,0,0,0,3,0,0,0,0,0,0,0,0,0,0,0,0,0,0,0,0,0,2,7,0,0,0,0,10,0,1,1,5,0,0,0,11,0,3,0,0,1,0,0,0,0,0,0,17,0,0,0,0,0,0,0,0,0,0,0,0,0,0,0,0,0,0,0,0,87,0,0,0,0,0,0,4,1,0,5,0,0,13,0,0,0,0,0,0,0,0,4,0,0,0,0,0,25,3,0,0,4,0
"5405x648",0,0,35,8,7,4,2,0,42,10,8,0,1,0,0,0,0,0,4,13,0,4,0,0,1,6,1,0,0,0,0,13,0,24,0,0,46,0,0,0,1,11,35,0,1,1,0,5,0,0,0,0,0,0,2,0,32,1,0,0,0,0,0,1,0,0,0,0,0,0,0,0,0,4,0,2,5,0,3,0,0,0,0,0,7,0,14,0,0,0,0,7,1,1,21,0,0,3,1,27,0,3,15,9,0,0,5,0,0,0,13,14,1,0,8,0,0,0,0,0,0,0,3,0,0,4,0,0,0,0,0,11,90,2,0,5,1,0,0,0,4,0,15,0,0,0,0,2,3,0,0,0,0,0,0,0,0,0,0,1,12,0,0,0,29,0
"5357x6253",0,0,22,0,3,1,1,1,33,0,0,0,36,0,0,0,0,0,0,9,0,0,0,0,15,0,4,0,0,0,0,0,0,1,0,0,4,0,0,1,0,4,2,0,0,2,0,0,0,0,0,0,0,0,0,0,18,0,0,0,10,0,0,1,0,0,0,6,0,0,0,0,0,0,0,0,2,0,0,0,0,0,1,0,0,0,11,0,0,0,0,0,0,1,3,0,0,0,0,7,0,4,0,3,0,0,2,0,0,0,18,9,4,0,0,0,0,0,0,0,0,0,3,0,0,0,0,0,0,0,0,0,43,3,0,0,0,0,0,0,8,0,14,0,0,0,0,11,0,0,0,0,0,0,10,0,0,1,0,0,12,0,1,11,3,0
"5362x2282",0,0,2,0,0,0,0,0,27,0,5,0,0,2,0,0,0,0,2,1,0,2,0,0,0,0,0,0,0,0,0,0,0,2,0,0,6,0,0,0,0,0,23,0,0,0,0,2,0,0,0,0,0,0,0,0,4,0,0,0,2,0,0,0,0,1,0,6,0,0,0,1,0,0,0,1,0,0,0,0,0,0,0,1,6,0,5,0,0,0,0,2,0,4,8,0,0,1,2,2,0,3,21,0,0,0,0,0,0,0,1,17,6,0,0,0,0,0,1,0,0,0,0,0,0,0,0,0,0,0,0,0,89,0,0,0,6,0,13,0,17,0,14,0,0,0,0,5,5,0,0,1,0,0,7,0,0,0,0,0,9,0,0,0,3,0
"5380x4618",0,0,6,0,0,0,2,0,0,0,24,1,1,1,0,0,0,0,20,2,0,0,0,0,0,0,7,0,0,0,3,0,0,1,0,0,9,0,1,2,0,0,14,0,0,4,0,0,0,0,1,0,0,0,0,0,8,1,0,0,0,0,0,0,0,0,0,11,0,0,0,0,0,0,0,0,1,0,0,0,0,0,0,0,0,1,4,0,9,0,0,21,0,2,14,3,0,0,1,7,0,5,0,11,0,0,0,0,0,0,17,0,0,0,6,0,0,0,1,0,0,0,0,0,0,9,0,0,0,0,0,0,81,2,0,0,0,0,0,0,10,0,9,0,0,0,0,0,0,0,0,0,0,0,0,0,0,0,0,0,0,2,1,0,0,0
"5389x4497",2,6,11,0,0,0,4,0,15,0,16,3,1,0,0,0,0,0,15,23,0,0,0,0,12,0,0,0,0,0,3,0,0,6,0,0,20,0,0,0,1,11,18,0,0,0,0,2,0,0,0,0,0,0,0,0,2,0,0,0,21,0,0,0,0,0,2,17,0,0,0,0,0,0,0,0,4,0,1,0,0,0,0,0,5,0,14,3,0,0,14,2,0,1,1,0,0,0,0,0,0,1,1,13,3,0,0,0,1,0,3,2,0,0,6,0,0,0,0,0,0,4,0,0,0,0,0,5,5,0,0,0,127,4,0,2,0,1,0,0,4,0,4,0,0,0,0,0,0,0,0,0,0,0,5,0,3,0,0,0,4,5,0,2,0,0
"5387x1744",0,2,75,0,0,0,0,0,13,0,13,0,0,0,0,0,0,0,2,27,0,0,0,0,41,0,2,0,0,0,0,0,0,2,0,0,0,0,0,0,0,0,2,0,0,0,0,0,0,0,0,0,0,0,0,0,15,0,0,0,0,0,0,11,0,0,0,2,0,0,0,0,0,0,0,0,7,0,0,0,0,0,0,0,0,0,10,0,0,0,0,1,0,0,3,0,1,0,0,0,0,7,0,0,0,0,0,0,0,0,16,7,7,0,4,0,0,0,0,0,0,0,0,0,0,2,0,1,9,0,0,0,28,0,0,20,0,0,91,0,0,0,6,0,0,0,0,1,3,8,0,1,0,0,0,0,4,0,0,0,4,0,0,0,0,0
"5426x4374",2,1,53,0,5,0,0,13,23,0,19,0,0,1,0,0,0,0,8,15,1,2,0,0,24,2,7,0,0,0,0,0,0,0,1,0,0,0,0,0,0,12,17,0,0,10,0,5,0,0,0,7,0,0,0,0,8,0,0,0,9,0,1,0,0,0,0,2,0,0,0,0,0,0,0,5,6,0,0,0,0,0,0,1,0,0,12,0,0,0,0,0,0,19,36,8,12,0,0,19,7,15,0,1,0,0,24,7,4,0,16,0,0,0,18,0,0,0,0,0,0,0,0,0,0,0,0,0,0,0,0,22,112,4,6,0,0,0,0,0,15,0,15,0,0,0,0,0,2,0,0,0,0,0,9,5,0,0,0,1,47,0,12,1,1,0
"5479x5613",1,20,16,0,0,0,0,2,40,0,19,26,4,0,3,0,0,0,9,9,0,3,0,0,5,10,1,1,0,0,0,7,2,0,8,17,68,4,44,1,0,0,42,1,0,10,0,43,19,0,0,0,0,0,0,0,46,0,0,0,15,0,4,1,3,0,0,2,0,0,0,1,0,7,0,0,5,0,0,0,0,0,19,0,0,3,20,0,0,0,0,20,2,0,10,4,0,6,1,7,0,5,0,16,0,0,12,0,3,0,8,44,0,0,4,0,0,0,0,0,0,2,10,0,0,0,0,0,0,0,0,0,130,1,0,2,0,0,0,0,3,0,19,0,0,1,0,0,1,0,0,0,5,0,2,5,2,0,0,1,7,0,5,23,8,0
"5459x460",1,0,5,9,0,1,2,0,45,0,14,0,0,0,0,0,0,0,2,1,0,1,0,0,0,2,0,0,0,0,0,0,0,32,0,0,0,0,0,0,0,0,17,0,0,0,0,1,1,0,0,0,0,0,0,0,1,0,0,0,0,0,0,4,2,0,0,0,0,2,0,0,0,0,0,0,2,0,0,0,0,0,0,0,0,0,0,0,0,0,0,0,0,0,0,0,1,0,0,12,0,14,0,8,0,0,0,0,0,0,0,7,2,0,0,0,0,0,0,0,0,0,0,0,0,0,0,0,0,0,0,0,39,6,0,0,0,0,0,0,0,0,2,0,0,0,0,2,0,0,0,0,0,0,0,0,0,0,0,0,1,0,0,8,0,0
"5451x1607",0,0,0,0,0,0,0,0,0,0,0,0,0,0,0,0,0,0,0,0,0,0,0,0,0,0,0,0,0,0,0,0,0,0,0,1,7,0,0,0,0,0,0,0,0,1,0,1,0,0,0,0,0,0,0,0,2,0,0,1,2,18,0,0,0,0,0,0,0,0,0,0,0,0,0,0,0,0,0,0,0,0,0,0,0,0,0,0,0,0,0,0,0,0,0,0,0,0,0,0,0,0,0,4,0,0,0,0,8,0,0,0,0,0,0,0,1,0,0,0,0,0,0,0,0,0,0,0,0,0,0,0,19,0,0,0,0,0,510,0,0,0,0,0,0,0,0,0,0,0,0,0,0,0,0,0,0,0,0,0,0,0,0,0,0,0
"5462x6302",0,0,23,0,1,0,0,9,28,0,3,0,2,0,0,0,0,0,3,11,0,0,0,0,1,0,2,0,4,0,1,0,0,1,0,3,8,0,0,3,0,0,19,0,0,17,0,0,0,0,1,0,0,0,0,0,14,0,0,1,2,0,1,0,0,0,0,1,0,0,0,0,0,0,1,0,1,0,6,1,0,0,0,0,1,2,1,0,0,0,0,0,1,2,10,17,0,0,0,0,0,0,6,1,0,0,0,0,0,0,2,17,0,15,21,0,0,0,0,0,0,0,3,0,0,0,0,0,0,0,0,12,78,0,0,12,0,0,0,0,5,0,25,0,0,0,0,0,1,0,0,1,2,0,15,5,0,1,0,0,31,0,0,0,2,0
"5501x2039",0,0,5,0,9,0,0,0,26,0,3,1,3,2,0,0,0,0,2,22,0,0,1,0,38,0,1,0,0,0,0,0,0,0,1,0,0,0,3,3,0,8,9,0,0,6,0,0,1,0,2,0,0,0,0,0,23,12,0,0,8,10,1,0,0,0,0,3,0,0,2,0,0,0,0,2,5,0,0,0,0,0,0,0,3,0,5,0,0,0,0,0,0,4,13,0,0,1,0,3,0,8,2,4,0,0,29,0,0,0,11,20,1,0,28,0,0,0,3,0,0,0,1,0,0,2,0,3,0,0,0,0,109,0,0,18,0,12,5,0,4,0,19,0,0,0,6,3,3,0,0,0,2,0,6,0,2,1,0,0,34,0,0,0,1,0
"5467x1236",1,0,31,0,0,2,0,2,37,5,2,0,0,1,0,0,0,0,8,8,0,0,0,0,7,8,0,0,0,0,0,0,1,1,0,2,7,0,2,0,1,22,14,0,0,10,0,0,1,0,0,0,0,0,0,0,16,7,0,0,1,0,1,0,0,0,0,1,0,0,0,0,0,0,0,0,3,0,0,0,0,0,1,0,2,0,35,0,0,0,0,5,0,0,0,3,0,12,15,2,0,2,1,9,0,0,0,7,0,0,14,8,0,0,3,0,0,0,0,0,0,0,1,0,0,2,0,0,1,0,0,7,119,0,0,2,0,0,0,0,0,0,22,2,0,0,0,0,7,0,0,0,0,0,0,0,0,0,3,0,27,0,10,1,0,0
"5470x3252",0,1,16,0,0,0,0,0,27,2,2,1,0,4,0,0,0,0,11,11,0,6,24,0,21,8,1,0,0,0,0,0,0,0,0,0,0,0,0,10,1,0,20,0,0,1,0,0,0,0,0,0,0,0,0,0,3,0,0,0,0,0,0,1,0,0,0,0,0,0,0,0,0,0,8,0,1,0,1,6,0,0,0,0,0,0,2,0,0,0,3,33,0,0,20,3,1,0,1,0,0,11,0,6,0,0,0,8,0,0,31,8,0,0,8,0,0,0,0,0,0,0,4,0,4,2,0,0,13,0,0,0,157,0,0,9,1,0,0,0,1,0,16,0,0,0,0,0,0,0,0,0,0,0,0,0,3,2,0,1,15,22,49,0,8,2
"5478x4734",0,0,0,0,0,0,0,0,10,0,1,0,1,0,0,0,0,0,4,1,0,1,0,0,0,0,1,0,0,8,0,0,1,1,0,0,0,0,3,2,0,0,24,0,0,0,0,9,0,0,1,0,0,0,0,0,17,0,0,0,0,0,0,0,0,1,0,2,0,0,0,0,0,2,0,0,3,0,0,0,0,0,0,0,0,0,6,0,0,1,0,0,0,1,0,1,0,0,0,0,0,14,0,0,0,0,0,0,0,0,12,6,0,0,0,0,0,0,0,0,0,2,0,0,0,7,0,0,3,0,0,0,27,1,0,1,0,0,0,0,0,0,2,0,0,0,0,0,1,0,0,0,0,0,0,0,0,2,0,0,5,0,0,0,2,0
"5487x2255",0,0,16,0,3,0,0,0,2,8,0,1,2,0,0,2,0,0,0,3,0,0,0,0,0,14,0,0,0,0,0,7,0,5,15,0,0,0,0,0,0,13,24,0,0,2,0,0,0,0,0,0,0,0,1,0,29,0,0,0,0,0,0,14,0,0,0,4,0,0,0,0,0,0,0,0,0,0,0,0,0,0,0,0,2,4,8,0,0,0,0,0,0,24,1,0,0,0,0,5,0,4,11,15,0,0,15,0,0,0,19,0,9,0,0,0,0,0,0,0,0,0,0,0,0,0,0,0,0,0,0,0,72,1,0,7,0,0,0,0,12,0,8,0,0,0,0,0,3,0,0,0,0,0,14,0,0,0,0,0,24,0,0,13,6,0
"5508x5419",1,0,16,0,11,0,0,0,18,7,0,1,0,0,0,0,0,0,8,1,0,0,0,0,14,15,7,0,0,0,0,0,0,0,0,0,0,0,3,1,0,0,32,0,0,7,0,0,0,0,0,0,0,0,0,0,0,0,0,0,2,0,0,6,0,0,0,0,0,0,0,0,0,3,0,0,1,0,2,0,0,0,0,0,0,3,8,0,0,0,0,1,0,0,0,0,0,2,0,2,0,2,5,5,0,0,0,5,0,0,20,29,1,5,8,0,0,0,0,0,0,9,3,0,0,9,0,0,0,0,0,0,146,0,0,0,0,0,0,0,0,0,23,0,0,0,0,0,0,0,0,0,0,0,3,0,0,0,0,2,1,0,0,0,8,0
"5508x6144",0,0,4,1,0,0,0,0,18,0,1,0,26,1,0,0,0,0,0,3,0,0,0,5,8,0,0,0,3,0,0,0,13,13,0,0,0,0,0,0,0,0,2,0,0,0,0,0,0,0,0,0,0,0,0,0,0,0,0,0,0,10,0,1,0,3,0,0,0,1,0,0,0,0,2,0,0,0,0,2,0,0,0,12,10,0,0,0,0,0,0,0,0,0,0,3,3,3,0,20,0,2,0,7,0,0,0,0,0,0,0,3,0,0,0,0,0,0,0,0,0,0,0,0,0,0,0,0,0,0,0,1,9,0,0,2,2,0,0,0,0,0,0,0,0,0,0,0,0,0,0,3,0,0,0,0,0,0,0,0,1,0,2,0,0,0
"5568x2413",0,0,31,0,1,0,0,0,23,0,18,1,1,0,0,0,0,0,9,5,0,0,0,0,9,1,1,0,0,0,0,0,0,5,0,0,0,0,1,0,0,0,37,0,0,3,0,0,0,0,0,0,0,0,1,0,39,0,0,0,0,0,0,0,0,0,0,3,0,0,0,0,0,0,0,0,1,0,0,0,2,0,0,0,0,6,26,0,0,0,2,13,0,6,10,1,0,0,0,4,0,1,0,11,0,0,16,0,0,0,0,0,2,2,0,0,0,0,0,0,0,2,11,0,0,2,0,0,1,0,0,2,74,0,0,0,0,11,0,0,2,0,5,0,0,0,0,0,0,0,0,1,0,0,0,0,5,0,0,0,24,0,3,0,9,0
"5561x766",6,1,14,0,0,0,0,0,4,2,2,0,0,0,4,0,0,0,2,23,0,0,0,42,0,0,0,0,0,0,0,0,0,0,0,1,4,0,0,0,0,0,7,0,0,1,12,0,0,0,0,0,0,0,0,0,0,0,0,0,1,0,0,0,0,0,0,9,0,0,0,0,0,14,0,0,3,0,0,0,0,0,0,0,0,0,3,0,0,0,0,0,0,1,0,4,0,0,0,0,0,5,9,7,0,0,0,0,0,0,8,17,0,0,0,0,0,0,0,0,0,3,0,0,0,0,0,0,0,0,0,4,25,5,0,1,0,1,0,0,7,0,1,0,0,0,0,2,2,0,0,0,0,0,4,0,0,0,0,0,25,0,0,1,3,0
"5549x3552",3,3,16,0,0,3,0,2,34,0,13,0,0,14,0,0,1,0,0,10,0,6,0,0,15,0,5,0,1,0,5,0,0,3,0,1,5,0,0,3,2,0,38,0,0,1,0,0,0,0,0,1,0,0,0,0,6,0,0,0,9,3,0,5,0,0,0,6,0,0,0,0,1,4,0,0,1,0,0,0,0,0,1,1,0,5,11,0,0,0,0,0,0,0,0,0,0,0,0,0,0,0,23,20,0,0,0,2,0,0,2,0,2,17,21,0,0,0,0,0,0,0,16,0,0,0,0,0,0,0,0,10,110,2,0,0,0,2,0,1,4,0,15,0,0,0,10,0,4,0,0,0,0,0,0,0,3,0,0,3,31,15,3,0,7,0
"5582x5828",0,0,0,7,0,0,0,0,12,0,1,0,39,0,0,0,0,0,1,4,0,0,0,0,6,0,0,0,0,0,1,0,0,14,0,0,5,0,0,2,0,0,5,0,0,2,14,0,0,0,0,0,0,0,0,0,4,0,0,0,0,0,0,0,0,0,2,0,0,0,0,0,0,0,4,0,1,0,1,18,0,0,0,0,0,0,0,0,0,0,0,21,0,0,0,1,0,0,1,0,0,6,0,1,0,0,0,0,0,0,0,1,0,5,0,0,0,0,0,0,0,0,0,1,0,0,0,0,0,0,0,0,18,0,0,1,0,0,0,0,0,0,0,0,0,0,0,0,0,0,0,0,0,0,0,0,0,0,0,0,13,0,0,0,4,0
"5621x6247",0,0,0,4,0,0,2,0,0,0,0,0,7,0,0,0,0,1,2,0,0,0,0,0,0,17,0,0,0,2,0,3,0,8,0,0,0,0,0,0,0,0,0,0,0,0,0,0,0,0,0,0,0,0,0,0,0,0,0,0,0,0,0,0,0,0,0,0,0,0,0,0,0,0,0,0,1,0,0,0,0,0,0,0,14,0,0,0,0,0,0,5,0,0,0,0,0,0,0,2,0,4,1,0,0,0,13,1,0,0,0,1,0,0,0,0,0,0,0,0,0,0,0,11,0,0,0,0,0,0,0,13,4,0,0,0,0,0,0,0,1,0,0,0,0,0,0,0,0,0,0,0,0,0,0,0,0,0,0,0,0,0,0,0,1,0
"5631x4789",2,0,22,0,13,1,0,0,10,0,13,12,2,0,3,1,0,0,14,12,2,4,0,0,4,10,1,0,0,0,0,0,0,2,0,0,82,17,29,2,0,2,35,0,0,18,0,95,37,0,2,4,0,1,0,0,23,0,0,0,42,0,0,0,0,0,0,1,0,0,0,0,0,11,0,0,0,0,11,0,0,0,7,0,0,0,1,0,3,0,0,2,0,0,8,1,0,0,0,0,0,2,3,0,0,0,0,0,0,0,0,11,0,0,0,0,0,2,0,0,0,0,0,0,0,0,0,0,0,0,0,0,134,0,0,14,0,0,0,0,11,0,18,0,0,0,0,0,0,0,0,0,0,0,0,0,0,0,0,0,41,0,6,0,12,0
"5645x2275",0,0,36,0,1,0,0,0,5,0,3,0,0,5,3,0,0,0,1,0,0,1,0,0,1,1,0,0,0,0,0,0,0,0,0,12,10,0,2,0,0,11,11,0,0,0,0,17,1,0,0,0,0,0,3,2,1,0,0,0,1,0,0,0,0,0,0,0,0,0,0,0,0,1,0,0,0,0,1,0,0,0,0,0,0,0,2,0,0,0,1,5,0,0,0,18,0,1,0,6,1,0,3,1,0,0,0,0,0,3,0,5,0,0,2,0,0,0,0,0,14,0,0,0,0,2,1,6,5,0,0,1,31,0,0,0,0,0,0,0,8,20,0,0,0,0,0,0,0,0,0,0,0,0,1,0,0,1,54,0,0,0,1,16,1,0
"5634x5331",0,0,2,0,0,0,0,2,9,0,4,0,0,0,0,0,0,0,5,2,0,0,9,2,14,0,0,0,0,0,4,0,0,0,0,5,2,0,0,0,0,0,5,0,0,0,0,0,8,0,0,0,0,0,0,0,0,0,0,0,0,0,0,0,0,0,0,0,0,0,0,0,0,0,0,0,1,0,5,0,0,0,0,0,5,5,1,0,0,0,0,1,0,0,0,0,0,0,0,7,1,0,5,0,0,0,6,0,3,0,13,2,0,0,0,0,0,0,0,0,0,2,0,0,0,0,1,0,0,0,0,0,55,5,0,0,0,0,0,0,5,0,3,0,0,0,4,0,0,0,0,0,0,0,1,0,0,0,0,3,0,0,3,3,62,5
"5576x4124",0,4,23,0,15,3,0,4,25,2,26,16,0,1,1,0,0,0,14,8,0,7,0,0,1,0,0,0,1,1,9,0,0,1,0,0,33,7,9,9,0,0,37,0,0,5,0,37,0,0,1,0,0,0,16,0,5,0,0,0,45,0,2,5,0,0,3,9,0,1,0,0,0,18,1,0,0,0,0,0,0,0,4,0,2,10,36,0,1,0,7,24,0,15,2,7,1,0,0,2,1,2,18,0,0,0,6,2,4,0,4,15,0,20,0,2,0,1,0,0,3,5,22,0,0,2,0,4,0,0,0,17,127,9,0,0,0,0,0,0,0,2,6,1,0,0,3,0,8,0,0,3,0,0,4,0,1,1,0,2,20,0,3,1,17,0
"5628x4930",1,5,13,0,3,2,0,2,4,0,5,1,0,1,0,0,0,0,11,10,0,5,0,0,2,0,0,0,0,0,0,0,0,8,0,0,54,3,18,3,9,0,19,0,0,28,0,74,18,0,0,0,0,0,1,0,17,0,0,0,23,0,0,0,0,0,0,1,0,0,0,0,0,0,0,0,1,0,1,0,0,0,0,1,0,0,8,0,0,0,3,1,0,0,6,2,0,0,0,3,0,3,0,6,0,0,0,0,0,0,0,18,0,0,0,0,0,0,0,0,0,0,0,0,0,7,0,0,0,0,0,0,49,1,0,8,0,0,0,0,18,0,20,0,0,0,0,0,5,0,0,0,0,0,0,0,2,4,0,0,16,0,7,5,0,0
"5637x5160",0,0,12,0,1,0,0,0,27,0,1,10,0,0,0,0,0,0,2,4,0,0,0,0,30,0,5,0,0,0,0,0,0,0,0,6,0,0,0,0,0,21,15,0,0,3,9,0,0,0,0,0,0,0,0,0,1,0,0,0,0,0,0,0,13,0,0,1,0,0,0,0,0,0,1,0,1,0,0,1,0,0,0,0,0,0,7,0,2,0,1,4,0,6,5,0,0,0,1,3,0,12,0,26,0,0,0,0,0,0,2,0,0,11,0,0,0,0,0,0,0,0,1,0,0,2,0,3,13,0,0,0,44,2,0,6,0,0,0,0,0,0,0,0,0,0,0,3,0,0,0,2,0,0,0,0,2,2,0,0,8,0,0,5,0,0
"5656x1674",1,2,29,0,7,0,0,6,46,1,15,2,0,0,0,0,0,0,1,2,0,0,0,0,0,0,0,0,0,0,0,0,0,6,0,0,0,0,0,6,0,20,20,0,0,6,0,4,0,0,0,0,0,0,0,0,32,0,0,0,5,3,0,0,6,0,0,2,0,0,0,0,0,4,0,0,0,0,1,0,0,0,0,0,0,0,8,0,0,0,0,21,0,0,0,5,0,1,0,9,0,11,0,0,0,0,0,0,0,0,8,8,0,0,0,0,0,0,0,0,0,1,0,0,0,0,0,0,0,0,0,0,40,0,2,15,0,0,0,0,0,0,5,0,0,0,0,0,4,0,0,2,0,0,0,0,0,4,8,1,1,0,1,0,2,0
"5740x141",0,4,34,0,5,1,0,4,21,0,31,0,0,0,2,0,0,0,11,53,0,0,1,1,10,2,4,1,1,0,11,0,21,4,0,0,37,14,8,5,0,4,33,0,0,21,0,13,20,0,1,0,0,1,0,0,7,0,0,0,60,0,0,5,2,0,12,2,0,0,1,0,0,4,0,0,6,0,1,0,0,0,0,0,2,5,27,0,6,3,7,1,0,0,15,15,0,2,0,6,0,16,0,14,0,0,9,0,2,0,9,39,0,0,4,0,0,1,0,0,0,0,9,0,0,0,1,0,0,2,0,0,196,7,0,17,0,0,1,0,2,0,27,0,0,0,0,0,3,0,0,0,0,0,7,0,4,1,0,0,45,0,0,0,4,0
"5684x3412",0,5,38,0,0,6,0,1,27,0,13,7,0,0,0,0,0,0,6,12,0,0,6,0,0,2,5,0,0,0,0,0,0,0,0,0,18,0,0,0,0,0,6,0,0,8,0,22,0,0,2,0,0,5,0,0,3,0,0,0,11,0,2,5,6,0,1,0,0,0,0,0,0,10,0,1,4,0,0,0,0,0,0,0,6,5,8,0,0,0,0,0,0,0,13,2,0,14,1,0,3,2,2,16,0,0,2,1,0,0,0,0,0,0,11,0,0,0,0,0,1,0,0,0,0,0,0,0,0,0,0,0,67,0,3,16,0,0,0,0,2,0,13,0,0,0,0,3,5,0,0,0,0,0,3,0,6,0,0,1,17,0,1,9,20,0
"5651x6092",0,0,1,2,0,0,0,0,3,0,6,0,3,1,0,0,0,0,0,0,0,0,23,0,0,19,0,0,0,0,0,0,0,1,0,0,0,0,0,0,0,3,0,0,0,0,0,19,0,0,1,0,0,2,13,12,0,0,0,0,0,1,0,0,0,1,0,0,0,0,0,0,0,0,3,0,0,0,1,0,0,0,0,0,0,1,0,0,0,0,0,0,0,0,0,1,0,1,0,1,0,0,0,0,0,0,0,0,0,0,10,0,0,9,0,0,0,0,0,0,0,0,0,0,0,0,0,0,0,0,0,0,14,0,0,0,0,0,0,0,0,0,1,0,0,0,0,0,0,0,4,0,0,0,0,0,7,1,0,0,0,0,0,6,5,0
"5690x6425",0,3,16,0,1,0,0,0,8,0,1,0,0,0,0,0,0,0,6,0,0,0,4,0,1,0,0,0,0,0,1,0,0,0,0,0,0,0,0,0,0,0,17,0,0,0,0,0,4,0,0,1,0,0,0,0,1,0,0,0,3,0,0,1,0,0,0,0,0,0,0,0,0,15,0,0,0,0,23,0,0,0,0,0,7,0,3,0,0,0,0,11,0,0,23,5,0,0,0,11,0,0,8,0,0,0,3,0,5,0,26,0,0,0,0,0,0,0,0,0,0,0,0,0,0,0,0,0,0,0,0,0,26,0,0,0,0,0,0,0,1,0,0,0,0,0,0,0,0,0,0,0,0,0,0,0,0,0,0,0,0,18,1,0,24,1
"5696x5779",0,0,0,0,0,0,0,0,3,0,4,0,4,0,0,0,0,0,4,5,0,0,0,0,0,0,0,0,0,0,0,0,0,18,0,0,2,1,0,0,0,0,0,0,0,0,4,0,0,0,0,0,0,0,0,0,0,0,0,0,0,1,0,0,0,0,1,0,0,0,0,0,0,0,14,0,0,0,0,0,0,0,0,0,0,0,0,0,0,0,0,0,0,0,0,0,0,0,2,9,0,0,0,0,0,0,0,0,0,0,1,0,5,0,7,0,0,0,0,0,0,0,0,0,0,0,0,0,0,0,0,0,33,0,0,0,0,0,0,0,0,0,0,0,0,0,0,0,0,0,0,0,0,0,0,0,0,0,0,0,0,0,0,4,0,0
"5702x3641",0,0,25,0,0,3,0,3,45,0,10,1,0,0,0,0,0,0,2,12,0,4,1,0,16,0,0,1,0,6,0,0,0,2,0,1,6,0,0,1,0,5,10,0,0,3,0,0,3,0,0,0,0,0,0,0,16,0,0,0,2,0,0,0,0,0,0,1,0,0,0,0,1,0,0,0,2,0,0,0,0,0,1,0,0,1,13,0,1,2,0,3,0,0,1,3,0,10,0,0,0,2,8,12,0,0,0,0,0,0,23,6,0,26,0,0,0,1,0,0,0,0,10,0,0,0,0,0,0,0,0,18,176,3,5,0,0,2,5,0,3,0,0,0,0,0,0,0,0,0,0,1,0,0,3,1,0,1,1,3,33,0,1,6,21,0
"5722x5037",1,3,6,0,0,5,0,1,10,0,0,0,0,0,0,0,0,0,11,15,0,0,0,0,36,1,1,0,0,1,0,9,0,0,0,0,32,4,14,2,0,1,12,0,0,2,0,6,0,0,0,0,2,0,0,0,11,0,0,0,5,0,0,0,2,0,0,0,0,0,0,0,0,0,0,0,2,1,1,0,0,0,0,0,3,0,12,0,2,0,1,0,0,4,11,0,0,0,1,16,0,1,0,12,0,0,0,4,0,0,4,13,0,0,0,0,0,0,0,0,0,14,1,0,0,0,0,2,2,0,0,0,82,3,0,6,0,0,8,2,7,0,16,0,0,0,0,0,4,0,0,0,0,0,0,0,3,1,0,0,21,0,6,5,0,0
"5763x5238",0,0,39,0,6,0,0,0,22,0,3,10,0,0,7,0,0,0,1,30,0,0,0,2,15,0,3,0,0,0,0,0,0,0,0,0,3,0,0,0,0,13,37,0,0,10,0,0,0,0,0,0,0,0,0,0,10,0,0,1,1,0,0,0,3,0,0,3,0,0,0,0,0,0,0,0,1,0,10,0,0,0,0,0,0,0,27,0,4,0,0,2,0,14,9,0,1,7,0,4,0,1,0,6,0,0,0,4,0,0,6,9,0,8,0,0,0,0,0,0,0,0,0,0,1,1,0,0,2,2,0,0,52,4,0,4,1,0,1,2,0,1,35,1,0,0,0,1,0,0,0,0,0,0,0,0,0,0,0,2,15,9,0,0,20,0
"5731x1452",0,0,18,0,3,0,0,0,8,0,0,0,0,2,0,0,0,0,2,2,0,0,0,0,1,0,0,0,8,0,0,0,0,2,0,0,4,0,0,0,0,7,11,0,0,0,0,0,1,0,0,0,0,0,0,0,0,0,0,0,1,0,0,0,0,0,0,4,0,0,0,0,0,9,0,0,13,0,0,0,0,0,0,0,0,0,0,7,0,0,0,0,0,0,1,0,0,6,0,3,0,7,0,2,0,0,0,0,0,0,0,1,0,0,0,0,0,0,0,0,0,0,0,0,0,0,0,0,0,0,0,0,31,3,0,0,0,0,0,0,0,0,0,0,0,0,0,0,7,0,0,2,0,0,4,0,0,0,0,0,1,0,0,0,0,0
"5709x2520",0,2,8,3,4,2,0,0,8,0,10,0,1,1,0,0,0,0,0,7,0,0,0,0,10,0,20,0,0,0,0,0,0,3,0,0,2,0,0,2,0,0,43,0,0,8,0,0,0,0,0,0,0,0,0,0,5,0,0,0,1,0,0,0,3,0,0,2,0,0,0,0,0,2,0,0,1,0,0,0,0,0,0,0,0,0,25,0,0,0,0,3,0,1,2,0,13,0,0,6,0,0,4,9,0,0,1,0,6,0,25,8,0,0,9,0,0,0,0,0,0,0,14,0,0,0,0,0,0,0,0,11,59,0,0,10,0,0,0,0,7,0,8,0,0,0,0,0,0,0,0,0,0,0,0,0,2,0,0,0,27,0,2,4,16,0
"5722x4370",0,2,19,0,3,1,0,5,14,5,11,0,0,7,0,0,0,0,2,9,0,0,0,0,23,0,0,0,14,0,0,0,0,0,0,0,0,0,0,1,0,0,4,0,0,0,0,0,0,0,0,0,0,0,0,0,10,1,0,0,35,0,0,1,0,0,1,0,0,0,0,0,0,0,0,0,0,0,0,0,0,0,1,0,0,6,8,0,0,0,0,0,0,0,0,0,0,5,3,2,0,7,0,30,0,0,2,0,6,0,0,0,0,0,3,0,0,0,0,0,0,0,3,0,0,0,0,0,0,0,0,18,52,16,0,5,0,0,0,0,0,0,23,0,2,0,0,1,0,0,0,0,0,0,0,0,1,0,0,0,43,1,16,8,5,0
"5699x900",4,0,25,0,5,1,0,3,48,1,3,0,1,0,0,0,0,1,2,14,0,0,0,0,29,0,1,0,2,0,0,0,0,7,0,0,0,0,0,0,0,0,14,0,0,10,0,0,0,0,2,0,0,0,0,0,20,3,0,0,9,0,0,0,11,0,0,1,0,0,0,0,0,0,0,0,6,0,0,0,0,0,9,0,2,3,0,0,0,0,0,3,0,5,4,1,0,0,5,5,3,9,0,6,0,0,0,0,0,0,4,4,0,0,1,0,0,0,0,0,0,0,1,0,0,0,0,0,0,0,0,0,101,11,0,0,0,0,0,0,1,0,2,0,0,0,0,0,7,0,0,0,0,0,5,0,0,1,0,0,6,13,6,1,2,0
"5807x3991",0,0,0,0,3,0,0,0,22,12,1,0,0,0,0,0,0,0,27,0,0,0,0,0,0,0,0,0,0,0,0,0,0,25,0,0,0,0,4,10,0,0,30,0,0,0,0,12,0,0,0,0,9,3,85,38,0,0,0,0,0,0,7,1,0,0,0,4,0,0,0,0,0,0,0,0,0,1,1,0,0,0,8,0,0,2,0,0,4,6,0,0,0,1,8,0,0,9,0,7,10,2,0,9,0,0,1,0,0,0,27,17,0,0,3,4,0,4,0,0,30,0,3,0,0,0,0,7,7,0,0,14,2,1,2,0,0,0,0,1,1,2,0,5,0,0,0,0,0,0,0,0,0,0,0,0,0,3,0,0,4,0,0,22,0,0
"5797x924",0,0,11,0,0,0,0,0,3,0,4,0,0,0,0,0,0,0,0,1,0,0,0,0,2,0,0,0,0,0,0,0,0,0,0,0,0,0,1,0,0,0,4,0,0,1,0,0,0,0,0,0,0,0,1,0,2,0,0,0,0,0,0,0,6,0,0,1,0,0,0,0,0,0,0,0,5,0,0,0,0,0,0,0,0,0,1,0,0,0,0,0,0,0,0,0,0,0,0,7,3,0,0,5,0,0,0,0,0,0,11,0,0,0,0,0,0,2,0,0,0,0,0,0,0,0,0,6,0,0,0,0,29,0,0,2,0,0,0,2,0,0,10,0,0,0,0,0,3,0,0,0,0,0,1,0,0,0,0,0,3,0,1,0,0,0
"5788x2421",0,0,21,0,4,0,0,4,34,0,10,0,0,3,0,0,0,0,1,15,0,3,0,0,2,0,0,1,0,0,0,0,0,0,0,0,0,0,0,0,0,0,9,0,0,1,0,0,0,0,0,1,0,0,1,2,18,0,0,0,0,0,0,0,0,0,0,0,0,0,0,0,0,0,0,0,0,0,0,0,0,0,0,0,0,2,3,0,0,0,0,0,0,1,6,0,0,0,4,3,0,4,0,0,0,0,1,0,0,0,16,5,0,3,0,0,0,0,0,0,0,0,3,0,0,0,0,0,0,0,0,5,19,0,0,3,0,0,0,0,0,0,3,0,0,0,0,0,0,0,0,0,5,0,0,0,2,4,0,0,45,0,0,0,0,0
"5800x5890",1,7,1,0,0,0,0,0,22,0,1,0,0,0,0,0,0,0,7,8,0,0,0,0,0,0,3,0,0,0,2,0,3,0,0,0,27,0,11,0,0,0,1,0,0,2,0,12,0,0,1,1,0,0,0,0,20,0,0,0,5,7,0,0,0,0,0,0,0,0,0,0,10,8,0,0,5,0,0,0,0,0,0,0,0,0,3,0,0,0,0,2,0,0,7,2,0,0,0,10,0,5,7,0,0,1,0,0,0,0,20,4,0,0,0,0,0,0,0,0,0,0,4,0,0,0,0,0,0,0,0,0,59,2,0,0,0,0,3,0,10,0,7,0,0,1,0,0,0,0,0,0,0,0,1,0,0,4,0,0,11,6,0,0,0,0
"5821x5637",1,4,2,0,6,1,0,3,3,0,7,1,0,0,0,0,0,0,1,14,0,0,0,0,0,0,2,0,0,0,0,0,1,2,0,0,12,0,1,0,0,0,2,0,0,0,3,0,0,0,0,0,0,0,0,0,0,1,0,0,5,2,0,1,0,0,0,4,0,0,0,0,0,3,7,0,3,0,10,1,0,0,0,0,16,0,8,0,0,0,8,0,0,1,0,0,0,0,0,9,0,0,0,0,0,0,0,0,1,0,1,4,1,0,0,0,0,0,0,0,0,0,0,0,0,0,0,0,0,0,0,0,11,0,0,0,0,0,18,0,2,0,2,0,0,0,0,1,0,0,0,0,0,0,0,0,0,1,1,0,0,0,0,0,0,0
"5797x521",6,0,89,0,2,5,0,0,39,0,5,14,0,0,0,0,0,0,3,17,0,7,0,0,3,28,0,1,2,0,3,0,0,2,0,0,14,0,4,4,0,19,25,0,0,35,0,0,0,2,0,0,0,0,0,0,14,0,0,0,15,0,2,8,16,0,0,8,0,0,0,0,0,0,0,0,0,0,0,0,0,0,0,0,0,0,12,0,0,0,0,0,0,0,22,22,0,2,4,1,1,12,0,45,0,0,13,0,0,0,1,16,1,0,0,0,0,0,5,0,0,0,9,15,0,6,1,0,0,0,0,0,161,2,0,3,0,0,0,0,3,0,24,0,0,0,0,3,3,0,0,1,8,0,0,0,0,0,0,0,21,0,0,2,1,0
"5825x6038",3,2,0,0,3,4,0,0,14,0,1,0,0,1,0,0,0,0,3,8,0,0,18,0,0,0,1,0,0,0,2,0,0,0,0,0,4,0,6,0,0,0,0,0,0,0,0,0,0,0,0,0,0,1,0,1,1,0,0,0,2,0,0,0,0,0,2,1,0,0,0,0,0,0,0,0,7,0,0,0,0,0,8,0,0,0,0,0,0,0,0,2,0,0,0,1,0,0,0,0,0,2,0,0,0,0,0,0,0,0,0,19,1,0,0,1,0,0,0,0,0,0,5,0,0,2,0,0,0,0,0,0,93,0,0,0,0,0,0,0,0,0,0,0,0,0,0,1,0,0,0,0,0,0,0,0,0,0,0,0,7,0,4,0,0,0
"5809x6336",0,14,31,0,3,0,0,0,4,0,0,0,0,0,0,0,0,0,2,7,0,0,0,0,0,0,4,0,0,0,0,0,1,0,0,0,11,0,4,6,0,30,17,0,0,1,0,0,0,0,0,0,0,0,0,0,4,0,0,0,0,0,0,0,0,0,1,1,0,0,0,0,0,24,0,0,0,0,3,1,0,1,11,0,0,0,0,0,1,0,0,2,0,4,1,0,0,0,0,2,0,2,28,4,0,0,0,0,0,0,0,6,0,0,1,0,0,0,0,0,0,0,0,0,0,0,0,0,0,0,0,0,72,0,0,0,0,0,0,0,0,0,0,0,5,0,0,2,0,4,0,0,0,0,2,0,0,0,0,1,4,0,2,2,22,0
"5842x5771",2,0,3,0,0,0,0,0,12,0,0,0,0,0,0,0,0,0,2,5,0,6,0,0,0,0,0,2,0,0,0,0,0,20,0,0,14,0,0,0,1,0,12,0,0,4,5,0,0,0,0,0,0,0,0,0,1,0,0,0,0,8,0,0,0,5,0,0,0,0,0,0,1,0,13,0,2,0,0,4,0,0,0,0,0,0,0,0,0,0,0,8,0,0,0,0,0,0,0,5,0,0,0,2,0,0,0,0,0,0,0,0,7,0,0,0,0,0,0,0,0,0,0,0,0,0,0,0,0,0,0,0,14,0,0,0,0,0,0,0,2,0,0,0,0,0,0,0,0,0,0,0,0,0,0,0,0,0,0,0,0,5,0,2,0,0
"5843x1342",5,0,3,0,3,0,0,0,6,4,12,2,0,0,0,0,0,0,0,5,0,0,0,0,19,4,0,0,0,0,0,0,0,2,0,0,1,0,0,0,0,5,13,0,0,5,0,1,1,0,0,0,0,0,0,0,32,0,0,0,0,0,0,0,0,0,0,4,0,0,0,0,0,0,0,0,13,0,1,0,0,0,7,0,0,0,2,0,0,0,0,0,0,0,3,2,0,0,0,0,1,1,0,9,0,0,0,0,0,0,27,0,0,0,0,0,0,0,1,0,0,0,0,0,0,0,0,0,0,0,0,10,38,0,0,1,0,0,0,0,0,0,7,0,0,0,0,6,2,0,0,0,0,0,5,0,0,1,0,0,0,0,0,1,1,0
"5844x4147",0,0,7,0,4,0,0,0,8,0,0,0,0,0,0,0,0,0,1,0,0,0,0,0,0,0,0,0,0,0,0,0,0,5,0,2,5,0,32,0,1,0,15,0,0,0,4,11,18,0,0,0,1,2,12,3,0,0,0,0,44,0,0,0,0,0,0,0,0,0,0,0,0,0,0,0,1,0,0,0,0,0,23,7,0,0,0,0,4,5,0,0,0,0,1,0,0,2,0,0,0,0,1,0,0,0,0,0,0,0,0,18,0,9,8,0,0,0,0,0,0,0,0,0,0,0,7,4,17,0,0,0,67,1,0,0,0,0,9,0,0,0,0,5,0,1,0,0,0,0,0,0,0,0,0,0,0,0,0,0,0,0,4,0,0,0
"5819x3298",0,2,10,0,0,2,0,0,13,0,8,0,0,0,0,0,0,0,2,11,0,2,5,0,1,0,2,0,1,0,0,0,0,2,0,0,3,0,5,0,1,0,8,0,0,14,0,3,0,1,1,0,0,0,0,1,4,0,0,0,3,0,5,1,2,0,0,3,0,0,0,0,0,4,0,0,0,0,0,0,12,0,0,0,0,5,1,0,0,0,0,0,0,0,7,0,0,15,0,6,0,4,10,1,0,0,1,0,0,1,8,5,0,0,4,0,0,6,0,0,0,0,1,0,0,0,0,0,0,0,0,0,81,0,0,0,0,0,0,0,3,0,2,0,0,0,0,1,0,3,0,0,0,0,0,0,3,1,0,2,23,5,1,0,8,0
"5848x4403",0,0,1,0,1,1,0,0,9,11,12,0,0,0,0,0,0,0,2,6,0,0,0,0,9,0,0,0,0,0,0,0,0,12,0,0,0,0,0,0,0,0,15,0,0,3,0,0,0,0,0,0,0,0,1,4,3,1,0,1,4,0,0,0,10,0,0,9,0,0,0,0,0,0,0,0,4,0,3,0,1,4,8,0,0,0,16,0,0,0,0,0,0,0,0,1,0,21,9,9,1,0,1,5,0,0,0,3,1,0,0,1,0,0,5,0,0,0,0,0,0,0,0,0,0,0,0,0,0,0,0,0,68,6,0,0,0,0,0,0,10,0,3,1,0,0,0,1,0,0,0,0,0,0,0,0,0,2,0,0,4,0,1,3,11,0
"5863x1554",0,0,26,0,0,4,0,0,2,0,8,0,0,0,0,0,0,0,0,9,0,7,0,0,1,6,1,0,2,0,0,0,0,0,0,0,4,0,0,0,0,0,9,0,0,5,0,0,1,0,0,0,0,0,0,0,2,0,0,0,2,0,0,0,0,0,0,0,0,0,0,0,0,0,0,0,1,0,0,0,0,0,0,0,0,0,0,0,0,0,0,0,0,0,0,0,0,0,3,0,0,0,0,13,0,0,6,0,0,0,0,4,0,0,0,0,0,0,0,0,0,0,4,0,0,0,0,0,0,0,0,0,6,0,0,0,0,0,0,0,0,0,5,0,0,0,0,0,4,2,0,0,0,0,0,0,0,0,2,0,0,2,0,0,1,0
"5887x718",0,0,6,0,0,1,0,0,20,0,0,0,0,0,0,0,0,0,6,0,0,0,0,0,0,0,0,0,0,0,0,0,0,7,0,0,0,0,0,0,0,0,11,0,0,0,0,5,0,0,0,0,0,0,0,0,0,0,0,0,0,0,0,3,0,0,0,6,0,0,0,0,0,0,0,0,1,0,0,0,0,1,0,0,0,0,0,0,0,0,5,10,0,0,0,2,0,0,0,0,1,0,0,8,0,0,0,0,13,0,0,1,1,0,0,0,0,0,0,0,0,0,0,0,0,0,0,0,0,0,0,0,46,8,0,8,0,0,0,0,0,0,0,0,0,0,0,0,0,0,0,2,0,0,0,0,0,0,0,0,1,0,3,0,0,0
"5894x4551",6,1,1,0,0,0,0,0,22,0,0,8,0,0,0,0,0,0,5,2,0,5,7,6,0,0,2,0,0,0,0,0,0,6,8,0,26,0,0,0,0,0,27,0,0,0,0,0,0,0,0,0,0,0,0,0,1,0,0,0,0,0,0,0,0,0,0,3,0,0,0,0,0,0,0,0,2,0,6,0,0,0,0,0,15,0,1,3,4,0,0,2,0,6,6,1,0,7,3,8,0,13,0,28,0,0,0,2,0,0,13,9,2,12,0,0,0,1,0,0,7,6,24,0,0,1,0,0,4,0,0,0,90,2,0,0,0,0,19,0,0,0,1,0,0,0,0,0,0,0,0,0,0,0,0,0,0,0,0,1,0,0,0,13,1,0
"5916x2031",0,0,0,0,0,1,0,0,29,1,0,0,0,0,0,0,0,0,8,0,0,0,1,0,1,0,3,0,0,0,0,0,0,0,13,0,0,0,1,0,0,0,25,0,0,0,0,0,0,0,0,0,0,0,0,0,2,0,0,0,4,0,0,0,0,0,0,10,0,0,0,0,0,3,0,0,0,0,0,0,0,0,0,0,0,7,18,0,0,1,0,7,0,2,25,0,0,5,0,3,0,0,0,0,0,0,0,0,0,0,27,12,0,0,0,0,0,1,0,0,0,8,10,0,0,0,0,0,0,0,0,0,46,0,0,17,0,0,0,0,0,0,6,0,0,6,0,0,0,0,0,2,0,0,0,0,0,0,0,2,2,0,17,0,0,0
"5934x1447",0,0,1,0,5,0,0,1,6,0,0,0,0,0,0,0,0,0,0,6,0,9,0,0,0,22,0,0,0,0,0,0,0,6,0,0,1,0,0,0,0,0,22,0,0,0,0,0,0,0,0,0,0,2,0,0,0,0,0,0,0,0,0,0,0,0,0,2,0,0,0,0,0,0,0,0,0,0,1,0,0,0,17,0,0,0,0,0,0,0,0,0,0,0,11,2,0,0,2,6,11,0,0,7,0,0,0,0,0,0,2,2,1,0,0,0,0,0,0,0,0,0,0,0,0,0,0,0,0,0,0,0,36,0,0,0,0,0,0,0,2,0,3,0,0,0,0,0,0,0,0,0,2,0,0,0,0,1,0,0,0,0,0,0,0,0
"5937x2251",5,0,30,2,2,0,0,0,26,0,1,0,0,0,1,0,0,0,0,0,0,0,0,0,3,0,0,0,0,0,3,0,0,0,0,0,8,0,0,0,0,23,6,0,0,0,0,0,1,0,0,0,0,0,0,0,0,0,0,0,4,0,0,4,0,0,0,0,0,0,0,0,1,0,0,0,0,0,2,0,0,0,0,0,0,0,2,0,0,0,0,12,0,0,6,0,0,0,0,21,1,0,18,11,0,0,6,0,9,0,34,14,1,0,9,0,0,1,0,0,0,0,0,0,0,0,0,0,1,0,0,0,70,3,0,0,0,0,0,0,1,0,0,5,0,0,0,0,0,0,0,0,4,0,0,0,0,0,0,0,0,0,1,0,14,0
"5913x2816",6,13,19,0,4,7,0,1,36,2,34,3,0,0,0,0,2,0,16,26,0,28,0,0,0,0,0,0,0,0,0,0,0,0,0,12,65,11,25,9,1,9,18,0,10,1,0,14,0,0,0,0,0,0,0,2,16,0,0,0,5,0,0,0,0,0,1,0,0,1,0,0,0,0,0,0,27,0,0,0,0,0,0,0,5,0,16,0,0,0,2,0,2,6,13,10,0,11,1,5,0,15,3,25,2,0,0,2,3,0,0,2,1,0,16,1,0,0,0,0,0,0,15,0,0,0,0,2,2,0,0,0,153,2,0,12,0,0,0,0,3,0,11,0,0,3,8,0,0,0,0,0,0,0,4,0,0,5,6,0,8,0,0,0,10,0
"5937x3094",1,1,27,0,0,0,0,0,0,4,7,9,0,0,0,0,0,0,2,1,0,0,0,0,0,0,0,0,0,0,0,1,0,2,1,0,0,0,0,0,1,25,1,0,0,0,0,0,1,0,0,0,0,0,0,0,14,0,0,0,0,0,1,0,0,0,0,2,0,0,0,0,0,0,0,0,1,0,0,0,0,0,0,0,0,0,10,0,0,0,0,0,0,0,0,0,0,0,0,20,0,4,1,12,0,0,0,0,0,0,4,0,0,1,0,0,0,0,0,0,1,0,0,0,0,0,0,0,0,0,0,10,17,0,0,0,0,0,0,0,6,0,2,0,0,2,0,0,0,0,0,0,0,0,13,0,0,0,0,0,6,0,0,3,7,0
"6004x5227",2,0,3,1,10,7,0,0,26,9,0,0,0,0,0,0,0,0,20,7,1,1,0,0,1,1,0,0,0,0,0,0,0,26,0,0,49,6,19,9,0,3,30,0,0,18,1,9,0,0,2,0,0,1,1,16,10,0,0,0,19,0,0,2,0,1,0,3,0,0,0,0,0,0,0,0,0,0,1,0,0,0,2,0,0,0,5,0,0,0,0,8,0,11,16,48,0,0,1,4,0,3,3,0,0,0,0,0,0,0,10,15,11,8,9,1,0,2,0,0,4,0,0,0,0,0,3,0,0,0,0,0,106,0,0,6,0,0,1,1,3,0,6,0,0,0,0,0,0,0,0,0,0,0,1,0,0,0,0,0,11,0,0,0,9,0
"5983x4699",0,3,0,0,0,3,0,0,52,0,0,24,2,0,0,0,0,0,18,11,0,0,0,0,0,0,7,0,0,0,0,0,23,0,21,0,0,0,0,1,0,4,20,0,0,0,0,0,0,0,3,3,0,0,32,12,12,0,0,0,0,2,0,0,0,0,0,1,0,1,0,0,0,13,0,0,2,0,0,0,0,0,0,2,16,2,9,3,0,0,1,0,0,0,0,19,0,7,13,3,0,13,5,0,0,0,0,4,3,0,15,13,0,0,0,0,0,0,0,0,11,5,0,0,0,1,0,0,2,0,0,0,135,0,0,0,0,0,0,0,0,0,7,0,0,0,0,0,0,0,0,1,0,0,0,0,0,0,2,0,0,0,0,4,0,0
"5976x5714",0,1,12,0,8,2,1,1,16,0,0,5,0,0,1,0,0,0,2,1,0,0,0,0,0,0,0,0,0,0,1,0,0,0,0,5,20,0,5,6,0,0,0,0,0,0,0,7,2,0,0,0,0,0,0,11,4,0,0,0,12,0,0,0,2,0,1,0,0,0,0,0,0,0,0,0,1,0,0,0,0,0,0,0,0,0,2,0,0,0,0,0,0,0,0,1,0,1,0,0,0,0,0,3,0,0,0,1,0,0,3,10,1,0,0,0,0,0,0,0,0,0,0,0,0,3,0,0,0,0,0,0,82,1,0,1,0,0,0,0,3,0,0,0,0,0,0,0,0,0,0,0,0,0,0,0,0,0,0,0,6,0,0,0,1,0
"5981x1218",0,3,6,1,7,0,0,0,11,0,4,14,0,0,0,0,0,0,0,10,0,5,0,6,6,7,0,0,0,0,0,0,0,0,0,0,0,0,1,0,0,34,15,0,1,4,0,1,3,0,2,0,0,0,0,0,5,0,0,0,19,0,0,0,0,0,0,0,0,0,0,0,0,0,0,0,0,0,5,0,0,0,1,0,0,0,11,0,0,0,0,0,0,3,1,0,0,0,0,3,0,2,4,6,0,0,0,0,2,0,0,0,0,0,13,0,0,0,0,0,0,0,4,0,0,0,0,0,0,0,0,6,69,0,0,2,0,0,6,0,0,0,0,0,0,0,0,0,1,0,0,0,0,0,0,0,0,0,0,0,9,1,0,2,2,1
"5999x1645",0,0,4,0,0,0,0,5,4,0,1,0,0,5,0,0,2,0,7,6,0,0,0,0,7,0,2,0,0,0,0,0,0,0,0,0,13,3,2,0,0,5,12,0,0,0,0,2,4,0,0,0,0,1,0,0,1,0,0,0,0,0,0,0,0,0,2,0,0,0,0,0,4,0,0,0,1,0,0,0,0,0,0,0,0,0,2,0,0,0,1,19,0,1,6,0,0,0,0,1,0,4,0,0,0,3,0,0,0,0,2,0,0,0,1,0,0,0,0,0,0,0,1,0,0,0,1,0,0,0,0,1,7,0,0,0,0,0,0,0,2,0,3,0,0,0,0,0,1,0,0,0,0,0,0,0,0,0,0,0,0,0,0,0,6,0
"5987x6066",0,0,0,0,2,0,0,0,0,0,1,0,0,0,0,0,0,0,0,2,0,0,0,0,7,0,0,0,1,0,0,0,0,6,0,0,0,0,0,0,0,0,0,0,0,0,0,0,0,0,0,0,0,0,5,21,0,0,0,0,0,0,8,3,0,0,0,3,0,0,0,0,0,0,0,0,0,0,0,0,0,0,0,0,1,0,0,0,0,0,0,0,0,11,0,0,0,3,0,0,5,0,0,0,0,0,0,1,0,0,0,1,4,0,0,0,0,2,0,0,0,0,0,0,0,0,0,0,0,0,0,0,15,2,0,0,0,0,0,0,0,4,4,0,0,0,0,0,0,0,0,3,2,0,0,0,0,0,0,0,0,0,5,16,12,0
"6025x2395",0,1,0,0,2,0,0,2,25,0,0,0,1,0,0,0,0,0,0,0,0,0,0,0,0,0,0,0,0,0,0,0,0,1,0,0,0,0,1,0,0,21,9,0,0,0,0,1,0,0,0,0,0,0,5,5,0,0,0,0,0,0,0,0,0,0,0,0,0,5,0,1,0,0,0,0,1,0,0,0,0,0,0,0,0,0,6,0,0,0,0,1,0,1,0,0,0,0,0,0,0,0,6,0,0,0,0,0,0,0,0,0,2,0,0,3,0,0,0,0,0,6,2,0,0,3,0,0,0,0,0,0,0,2,0,9,0,0,69,2,0,2,2,0,0,0,0,0,1,0,0,0,0,0,0,0,0,0,0,0,0,0,0,16,0,0
"6028x4283",1,7,70,0,3,3,0,0,45,8,19,0,0,0,0,0,0,0,7,9,0,1,0,0,39,5,1,0,16,0,0,0,0,0,0,0,22,0,3,5,0,0,21,0,0,19,11,0,22,3,0,1,0,0,0,0,24,0,0,0,8,0,2,12,8,0,0,8,0,0,0,0,0,0,4,0,4,0,0,0,0,0,1,0,0,0,4,3,0,0,0,22,0,0,1,16,0,0,3,13,0,2,0,13,0,0,0,0,7,0,1,8,0,0,15,0,0,2,0,0,0,0,4,0,0,1,0,0,0,0,0,0,83,0,0,0,6,0,0,0,12,0,14,0,0,0,4,0,1,0,0,0,0,0,0,0,0,0,0,0,27,0,0,2,4,0
"6046x1753",0,1,3,0,2,0,0,0,0,0,3,0,0,4,0,0,0,0,0,0,0,0,0,0,0,0,1,0,0,0,0,0,0,2,0,0,4,3,0,0,0,16,0,0,0,7,0,0,0,0,0,0,0,0,0,0,3,0,0,0,9,0,0,0,0,0,1,0,0,0,0,0,0,1,0,0,0,0,0,0,0,0,0,0,0,0,2,0,0,0,0,2,0,0,0,0,0,0,0,2,0,0,0,0,0,3,0,0,0,0,0,0,0,0,0,0,0,0,0,0,8,8,0,0,0,0,0,0,0,0,0,0,26,0,0,0,0,0,0,0,0,0,0,0,0,0,0,0,0,0,0,0,0,0,0,0,0,0,0,0,0,0,0,0,0,2
"6062x5563",1,3,10,0,7,0,0,8,15,0,1,0,1,0,0,0,0,0,2,16,1,0,0,0,0,0,0,0,2,0,0,0,0,0,0,2,53,15,14,0,0,0,10,0,0,14,1,46,20,1,0,0,0,1,0,0,1,0,0,0,18,0,0,0,1,0,2,9,0,0,0,0,0,0,0,0,0,0,0,0,0,0,0,0,0,0,5,0,0,0,0,0,0,0,0,8,0,0,0,11,0,0,0,3,0,0,0,0,0,0,2,6,0,0,0,0,0,0,0,0,0,0,0,0,0,0,1,0,0,0,0,1,17,0,0,0,0,0,1,0,6,0,0,0,0,0,0,0,0,10,0,0,0,0,0,0,0,0,0,0,3,0,0,3,0,0
"6041x6230",0,34,17,0,2,1,0,3,26,4,13,19,2,1,7,0,0,0,15,15,0,1,18,0,11,8,1,0,0,0,0,0,0,0,0,0,69,0,73,1,0,0,39,0,0,4,0,33,6,0,0,2,0,0,0,0,11,0,0,0,13,0,0,0,0,0,1,3,0,0,0,0,0,0,0,7,5,0,0,0,0,0,0,0,7,0,4,4,0,0,0,0,0,4,3,1,7,0,0,0,0,5,0,3,0,0,0,0,1,0,8,0,4,2,0,0,0,0,0,0,0,0,0,0,0,0,0,2,0,0,0,0,38,0,0,0,2,0,0,0,0,0,10,0,0,0,0,0,0,0,0,0,0,1,0,0,0,0,0,0,0,2,5,3,3,0
"6060x2195",0,0,0,0,4,0,0,0,5,0,2,0,0,0,0,0,0,0,0,0,0,0,0,0,0,0,0,0,0,0,0,0,0,2,0,1,0,0,0,0,0,9,15,0,0,0,0,0,2,0,0,0,0,0,0,0,1,0,0,0,0,0,0,0,0,0,0,0,0,0,0,0,0,0,0,0,0,0,0,0,0,0,0,0,0,0,14,0,0,0,0,0,0,0,0,0,0,0,0,0,0,0,0,10,0,0,0,8,0,0,0,0,0,0,0,0,0,0,0,0,0,0,0,0,0,0,0,0,0,0,0,0,47,0,0,0,0,0,0,0,4,0,6,0,0,0,0,0,0,0,0,0,0,0,0,0,0,0,0,1,2,0,0,0,12,0
"6098x3076",1,7,5,0,2,2,0,0,55,4,5,65,0,5,2,0,0,0,8,14,0,8,1,0,37,0,0,0,0,0,2,0,23,0,0,0,18,0,1,0,0,7,24,0,0,5,0,13,2,0,0,0,0,2,0,0,22,0,0,0,20,0,0,1,4,0,1,3,0,0,0,0,0,0,0,0,1,0,2,1,1,0,0,0,0,0,13,0,0,0,0,8,0,2,15,4,0,1,0,15,0,7,0,18,0,0,8,0,4,0,1,3,0,4,7,0,0,0,0,0,0,0,15,0,0,0,0,0,0,0,0,8,74,4,0,0,0,13,0,0,1,2,0,1,0,8,0,1,0,0,0,1,0,0,4,0,5,9,0,0,7,5,3,14,2,0
"6093x5764",0,3,15,0,0,0,0,0,0,0,0,0,0,1,1,0,0,0,1,2,0,0,0,0,0,0,1,0,0,0,0,0,0,2,0,0,5,0,0,7,0,11,8,0,0,7,0,1,2,0,0,0,0,0,0,0,2,0,0,0,1,0,0,0,0,0,0,0,0,0,0,0,0,0,0,0,0,0,0,15,0,0,0,0,0,0,10,0,0,0,0,0,0,0,0,0,0,1,0,0,0,0,0,0,0,0,0,1,0,0,0,0,0,0,0,0,0,0,0,0,0,0,0,0,0,0,0,0,0,0,0,0,25,1,0,0,0,0,0,0,3,0,2,0,0,0,0,0,1,0,0,1,0,0,0,1,0,0,0,0,0,0,2,1,1,0
"6090x646",0,2,11,0,2,0,2,2,0,0,2,0,6,0,5,0,0,1,3,3,0,3,0,0,16,1,3,0,0,0,0,0,0,1,0,5,24,0,14,0,0,9,4,0,0,1,0,0,1,0,2,0,0,0,0,0,2,0,0,0,9,0,0,0,1,0,0,0,0,0,0,0,0,0,0,0,0,0,0,0,0,0,6,0,0,0,19,0,0,0,0,1,0,0,8,0,0,0,0,6,0,10,0,0,0,0,0,0,0,0,4,15,0,0,13,0,0,1,0,0,5,0,12,0,0,0,0,0,0,0,0,0,34,0,0,0,0,0,13,1,0,0,0,0,0,0,0,0,0,0,0,0,0,0,0,0,0,1,0,0,5,0,0,5,0,0
"6125x461",1,8,16,0,0,0,0,0,20,0,13,19,0,2,21,0,0,0,0,5,0,0,0,0,0,5,1,1,0,0,0,0,0,1,0,2,24,0,4,0,1,17,33,0,0,0,0,41,0,0,0,0,0,1,0,2,13,0,0,0,23,0,0,4,0,0,0,6,0,0,0,0,0,0,0,0,1,0,0,0,0,0,0,0,8,0,3,0,0,0,3,2,0,0,0,0,0,1,0,5,0,2,0,9,15,0,0,11,3,0,3,6,0,0,5,0,0,0,0,0,0,0,1,0,0,0,2,0,0,0,0,6,36,0,0,11,0,0,0,0,6,0,0,1,0,0,2,0,0,9,0,0,0,0,7,0,1,12,70,0,2,0,1,2,3,0
"6114x5375",0,0,0,2,0,0,0,0,3,0,13,0,8,0,0,0,0,0,7,2,0,0,0,2,0,0,0,0,12,0,0,0,0,1,0,0,0,0,2,0,0,0,0,0,0,0,14,0,2,0,0,0,0,0,0,0,0,1,0,0,0,0,0,0,0,2,2,1,0,0,0,8,0,0,0,0,0,0,0,0,0,0,0,0,0,1,0,0,0,0,0,0,0,0,0,0,0,0,0,0,0,1,0,0,0,0,0,0,0,0,0,0,2,0,0,0,0,0,0,0,10,0,12,0,1,0,0,0,0,0,0,6,15,22,0,0,0,0,0,0,0,0,0,0,0,0,0,0,0,0,0,1,0,0,0,0,0,0,0,0,0,0,0,0,7,0
"6127x3968",0,2,0,2,0,0,0,0,17,0,6,0,0,0,0,0,0,0,0,0,0,0,0,0,0,0,0,0,0,0,0,0,0,0,0,0,4,0,0,1,0,16,0,0,0,0,0,0,0,0,0,0,0,0,0,3,0,0,0,0,0,0,0,0,1,7,0,0,0,0,0,0,0,0,0,0,0,0,0,0,0,0,0,1,0,0,0,0,0,0,0,0,0,0,0,0,0,0,0,24,2,0,17,3,0,1,0,0,0,0,8,6,0,0,0,2,0,0,0,0,0,0,0,3,0,0,0,0,0,0,0,0,0,0,0,0,0,0,0,0,2,0,0,0,0,0,0,0,1,0,0,0,0,0,0,0,2,0,0,0,0,0,0,10,2,0
"6139x4103",0,0,14,0,0,0,0,0,3,0,7,0,0,0,0,0,0,0,0,3,0,0,0,0,0,0,0,0,0,1,0,0,0,6,0,0,5,0,0,0,0,3,5,0,0,0,0,1,1,0,0,0,0,0,0,0,4,0,0,0,0,0,0,0,0,0,1,1,0,0,0,0,0,0,0,0,0,0,0,0,0,0,0,0,3,0,0,0,0,0,0,2,0,0,1,0,6,0,0,2,0,0,11,0,0,0,3,0,1,0,0,0,0,0,0,0,0,0,0,0,0,0,3,0,0,1,0,0,0,0,0,0,13,0,0,0,0,0,0,0,0,0,4,0,0,0,1,0,0,0,0,0,0,0,0,0,0,0,0,0,0,0,0,2,1,0
"6114x3526",3,0,5,10,0,1,0,0,16,0,3,1,0,0,0,0,0,0,0,0,0,0,0,0,0,0,0,0,0,0,0,0,0,20,0,0,0,0,0,5,0,21,0,0,0,0,0,0,0,0,0,0,0,0,0,0,1,0,0,0,0,0,0,0,0,0,0,0,0,0,0,0,0,0,0,0,0,0,0,0,0,0,20,0,0,0,6,0,0,3,0,0,0,0,0,0,0,0,1,28,0,10,0,0,0,0,0,0,0,0,9,1,0,0,1,0,0,0,0,0,13,0,0,0,0,0,0,0,0,0,0,0,1,0,0,0,0,0,1776,0,0,1,0,0,0,0,2,3,0,0,0,1,0,0,0,0,0,0,0,0,13,0,0,5,3,0
"6156x6301",0,23,12,0,4,0,0,0,8,9,5,11,1,0,0,0,0,0,0,0,0,2,16,0,3,0,1,0,0,0,0,0,0,1,0,0,77,0,49,0,0,0,14,1,0,5,0,34,3,0,1,1,0,0,1,0,18,0,0,0,5,0,0,0,0,0,1,1,0,2,0,0,0,0,0,0,2,0,0,0,0,0,20,0,8,0,5,0,0,2,0,5,0,1,5,0,0,0,0,3,0,4,3,3,0,0,0,0,1,0,8,2,0,0,2,0,0,0,0,0,0,0,0,22,0,0,0,0,0,0,0,0,25,0,0,0,0,0,0,0,0,0,4,0,0,0,0,0,1,0,0,0,0,0,0,0,0,0,0,0,1,0,5,0,1,0
"6166x1119",1,1,41,0,0,0,0,0,6,0,4,0,1,1,0,0,0,0,7,2,0,0,0,2,7,5,0,0,1,0,0,0,0,0,0,0,0,0,0,2,0,3,27,0,0,12,0,0,0,0,0,0,0,0,0,0,6,0,0,0,5,0,1,0,0,0,0,2,0,0,0,0,0,0,0,0,3,0,0,0,0,0,0,0,0,12,1,0,0,0,0,5,0,1,0,2,0,0,0,3,1,6,0,6,0,0,0,14,20,0,10,0,0,2,0,0,0,1,2,0,0,3,3,0,0,0,2,0,0,0,0,0,117,5,0,33,0,0,0,0,0,0,11,0,0,0,3,3,2,0,0,2,9,0,0,0,0,0,0,0,7,0,0,0,11,0
"6158x2728",0,0,1,0,0,1,0,0,9,0,0,0,0,0,0,0,0,0,4,5,0,0,0,4,0,3,0,0,0,0,0,0,0,7,0,0,1,0,0,0,0,0,13,0,0,0,0,0,0,0,1,0,0,1,0,0,6,0,1,0,0,0,0,0,0,0,0,1,0,0,1,0,0,1,0,0,1,0,0,0,0,0,0,0,0,0,6,0,0,0,0,0,0,13,0,1,0,0,1,1,0,9,16,4,0,0,0,1,0,0,0,9,1,0,5,0,0,0,0,0,0,0,0,0,0,20,1,0,0,0,0,49,56,7,1,0,0,0,0,0,1,0,0,0,0,0,0,0,0,0,0,0,0,0,0,0,0,0,0,0,0,0,0,0,1,0
"6238x3517",0,0,7,0,0,0,0,1,21,0,0,0,0,0,0,0,0,0,1,2,0,0,0,0,10,0,1,0,0,0,0,0,0,0,0,0,0,0,0,0,0,0,7,0,0,0,0,0,0,0,0,0,0,1,0,0,2,0,0,0,0,0,0,0,0,0,0,2,0,0,0,0,0,0,0,0,0,0,0,0,0,0,0,0,0,10,6,0,3,9,0,0,0,0,5,0,0,2,0,11,0,1,12,5,0,0,0,0,0,0,16,16,0,3,0,0,0,2,0,0,0,0,0,0,0,2,0,0,1,0,0,12,32,0,0,1,0,0,289,0,0,0,0,0,0,0,0,0,0,0,0,0,0,0,0,0,0,0,0,0,8,0,1,0,0,3
"6236x1766",2,0,43,6,0,2,0,0,28,0,2,0,0,0,0,0,0,0,0,2,0,0,0,0,0,0,0,0,0,0,3,0,0,2,0,0,3,0,7,0,0,0,10,0,0,0,0,3,0,0,0,0,0,1,2,0,0,0,0,0,1,0,0,0,0,0,0,0,0,0,1,0,0,0,0,0,0,0,0,0,0,0,0,0,0,0,0,0,0,0,0,2,0,2,0,0,0,0,0,1,0,1,0,0,0,0,0,0,0,0,0,6,0,0,0,0,0,0,0,0,0,0,0,0,0,0,0,0,0,2,0,0,31,0,0,0,0,0,0,0,0,0,1,0,0,0,0,0,1,0,0,7,1,0,7,0,0,1,0,1,2,0,0,0,0,0
"6222x3314",0,1,5,0,0,0,0,0,5,0,0,0,0,0,0,0,0,0,0,5,0,0,0,0,1,8,0,0,0,0,0,0,0,0,0,0,0,0,0,2,0,9,6,0,0,3,3,0,0,0,0,0,0,1,0,0,1,0,0,0,5,0,0,0,0,0,0,0,0,0,0,0,0,0,0,0,0,0,0,1,1,0,0,0,0,3,8,0,0,0,3,0,0,0,5,0,0,0,0,0,0,3,0,2,6,0,0,0,0,0,0,2,0,3,0,0,0,0,0,0,0,0,0,0,0,1,1,0,0,0,0,7,34,0,0,0,0,0,0,0,2,0,5,0,0,0,1,0,0,0,0,0,0,0,3,0,0,1,0,0,0,0,1,8,1,0
"6213x4837",0,0,6,0,6,0,0,1,5,0,0,0,0,0,0,0,0,0,2,3,0,2,0,0,0,0,0,2,0,0,1,0,0,1,0,0,7,2,0,0,0,10,0,0,0,0,2,5,0,0,0,0,0,0,0,0,2,0,0,0,0,0,0,0,0,0,1,0,0,2,0,0,0,0,1,0,0,0,0,0,0,0,0,0,0,0,0,0,0,0,0,0,0,0,0,3,0,0,0,0,0,0,15,3,0,0,0,0,0,0,1,3,0,0,0,0,0,0,0,0,0,0,0,0,5,0,0,0,9,0,0,0,18,0,0,0,0,0,0,0,3,0,0,0,0,0,0,0,0,0,0,0,0,0,0,0,0,0,0,0,0,0,0,0,0,0
"6229x3008",0,2,7,0,5,1,0,1,34,0,11,32,0,6,7,0,0,0,18,7,0,0,1,0,16,0,0,0,0,0,0,0,11,0,0,28,27,6,31,17,0,0,44,0,0,0,0,1,5,0,0,0,0,1,0,0,24,0,0,0,44,0,0,8,0,0,0,3,0,0,0,0,0,0,3,1,4,0,6,0,0,0,0,0,1,1,9,0,4,0,12,0,0,2,8,0,0,4,0,0,0,5,0,7,0,0,1,3,3,0,8,15,0,1,0,0,0,0,0,0,0,0,1,0,0,0,0,0,9,0,0,2,146,0,2,5,0,0,0,0,1,0,1,1,0,0,0,0,1,0,0,0,0,0,5,0,5,13,0,1,2,0,2,2,1,0
"6233x4631",0,1,1,0,2,0,0,0,18,0,7,0,0,0,0,0,0,0,6,0,0,0,0,0,0,0,1,0,0,0,0,0,0,0,0,0,27,1,0,0,0,19,2,0,0,0,0,25,0,0,0,0,0,1,0,0,0,0,0,0,4,0,0,1,0,0,0,0,0,0,0,0,0,0,0,0,0,0,0,0,0,0,8,0,0,11,3,0,0,9,0,4,0,0,0,0,0,2,0,1,0,5,4,7,0,0,2,0,4,0,0,0,0,0,0,0,0,0,0,0,0,1,0,0,0,0,0,0,0,0,0,4,57,0,0,0,0,0,1,0,1,0,2,0,0,0,0,4,0,0,0,0,0,0,0,0,0,0,0,0,0,0,0,0,5,0
"6233x3665",0,0,0,5,0,0,1,0,13,0,1,0,14,0,0,0,0,0,2,3,0,0,0,0,8,28,0,0,3,0,41,0,0,4,0,0,6,0,0,0,0,0,0,0,0,0,0,7,0,0,0,0,0,0,0,0,0,0,0,0,0,0,0,0,0,0,0,1,0,4,0,0,0,0,1,0,1,0,0,1,0,0,0,0,7,0,0,0,0,0,0,2,0,0,0,16,0,0,0,17,0,0,0,8,0,0,0,0,0,0,4,7,0,0,0,0,0,0,0,0,0,2,9,0,0,1,0,0,3,0,0,0,7,0,0,0,0,0,0,0,0,0,0,0,0,0,0,0,0,0,0,2,0,0,0,0,3,0,0,0,2,0,0,0,2,0
"6259x5022",0,0,2,0,0,7,0,2,1,0,0,0,0,0,0,0,0,0,1,0,0,0,0,0,2,5,0,0,0,0,0,0,0,0,0,0,23,0,0,0,0,0,12,0,0,0,0,0,0,0,0,0,0,0,0,0,3,0,0,0,18,0,0,0,0,0,4,0,0,0,0,0,0,0,0,0,1,0,0,0,0,0,0,0,0,0,0,0,0,0,3,0,0,0,0,0,2,3,0,0,0,9,26,0,0,0,0,0,0,0,0,5,0,0,0,0,0,0,0,0,0,0,0,0,0,0,0,0,0,0,0,0,7,0,0,0,0,0,0,0,0,0,0,3,0,0,0,0,0,0,0,0,0,0,0,0,0,0,0,0,0,0,1,0,0,0
"6272x2157",1,0,0,0,3,0,0,1,12,0,2,11,0,0,0,0,0,0,5,4,0,0,0,0,87,11,1,0,0,0,0,0,0,11,0,0,53,33,10,0,5,0,0,0,0,0,0,9,6,2,0,0,0,0,2,0,18,0,0,3,5,0,0,7,0,0,1,9,0,0,0,0,0,0,0,0,0,0,10,0,0,0,0,0,0,0,9,0,0,1,20,10,0,6,0,0,7,0,0,4,0,15,0,1,0,0,0,13,0,0,6,7,0,2,0,0,0,0,0,0,10,0,43,0,0,4,0,2,13,0,0,0,131,2,0,1,0,0,0,0,2,0,3,0,0,0,0,0,0,0,0,0,0,0,0,0,0,0,0,0,6,5,0,0,0,0
"6249x6533",0,4,42,0,7,2,0,0,8,2,0,0,1,0,0,0,0,0,2,6,0,0,0,1,0,0,6,0,0,0,0,0,0,0,0,1,0,0,2,0,0,1,11,0,0,4,0,0,0,0,0,0,1,0,0,0,15,0,0,0,4,0,0,1,7,0,1,4,0,0,0,0,0,6,0,2,0,0,0,0,2,0,13,0,0,0,9,0,0,0,0,2,0,0,0,19,0,5,0,0,0,2,0,1,0,0,0,0,0,0,7,5,11,0,0,0,0,0,0,0,0,0,0,0,1,1,1,0,0,0,0,9,49,2,0,23,0,3,0,0,7,1,2,0,0,0,0,19,0,0,0,0,0,0,0,0,2,0,0,1,24,0,0,0,3,0
"6283x3756",0,0,1,0,0,0,0,1,0,0,1,0,0,0,0,0,0,0,10,1,0,0,0,0,0,0,0,0,0,0,4,0,0,29,0,0,47,9,1,0,0,5,18,0,0,0,0,16,4,0,0,0,0,0,0,0,0,0,0,0,0,0,0,0,0,1,0,8,0,0,0,0,0,0,0,0,0,0,0,0,0,0,0,0,3,0,9,0,0,0,2,0,0,0,19,0,0,5,0,5,0,0,0,0,0,0,0,0,0,0,4,0,7,5,0,0,0,0,0,0,0,0,10,0,0,1,7,0,2,0,0,2,17,5,0,5,0,0,0,0,0,0,0,0,0,0,0,0,0,0,3,0,0,0,0,0,2,0,0,0,9,0,0,0,2,2
"6264x4064",0,0,2,0,1,0,0,0,11,0,10,0,0,0,1,0,0,0,15,1,0,0,0,0,0,0,0,0,0,1,3,0,0,0,0,1,46,0,0,0,0,0,2,0,0,2,0,37,5,0,0,0,0,3,0,0,3,0,0,0,37,0,0,0,0,0,0,2,0,0,0,0,0,0,0,0,0,0,0,0,0,0,0,0,0,0,0,0,0,0,9,3,0,0,9,8,3,26,0,0,0,1,55,0,0,0,9,0,1,0,0,9,1,0,0,0,0,0,0,0,0,0,0,0,0,0,0,0,0,0,0,11,75,0,0,0,0,0,0,0,0,0,1,4,0,0,0,0,0,0,0,0,0,0,0,0,0,0,0,0,0,0,0,2,5,0
"6285x2467",0,6,40,0,1,2,0,0,60,0,4,8,0,1,0,0,0,0,4,9,0,3,0,1,64,4,4,0,1,2,0,0,0,20,0,16,21,4,9,1,0,4,13,0,0,5,0,5,25,0,1,9,0,0,9,0,9,0,0,0,1,0,0,4,0,1,2,12,0,0,0,0,1,0,0,12,6,1,0,0,3,0,2,3,3,1,26,0,0,0,1,25,0,0,5,4,0,0,1,15,0,13,0,0,0,0,0,0,0,0,20,9,0,4,14,0,0,2,0,0,0,4,1,0,0,1,0,1,18,0,0,10,173,11,0,1,0,0,0,0,2,0,2,0,0,0,0,0,0,0,0,1,0,0,0,0,0,4,0,0,7,1,3,10,6,0
"6311x4309",0,0,13,0,12,2,0,5,11,0,0,24,0,0,0,2,0,0,15,4,0,1,0,0,5,0,12,5,0,0,0,0,0,0,0,0,33,8,15,8,0,0,16,0,0,0,0,18,28,0,1,0,0,0,0,3,13,0,0,0,12,0,0,0,2,0,0,0,0,0,0,0,0,3,0,0,0,0,0,0,0,0,0,0,0,14,0,0,4,2,6,15,0,0,0,0,10,0,0,3,0,8,0,0,0,0,0,0,0,0,0,6,0,1,0,0,0,0,0,0,0,0,1,0,0,1,0,0,0,0,0,0,40,0,0,0,0,0,0,0,0,0,3,0,0,0,8,0,0,0,0,0,6,0,0,0,0,0,0,0,7,0,1,0,3,0
"6301x5204",2,0,7,0,1,5,9,0,10,0,16,0,0,0,0,0,0,0,2,3,0,0,0,0,5,0,0,0,0,0,2,0,0,5,0,0,6,0,0,9,0,0,9,0,0,0,0,0,0,0,0,0,0,0,0,0,0,0,0,0,12,0,0,0,0,0,0,5,0,0,0,0,0,0,1,7,0,0,1,0,0,0,0,0,0,0,4,0,0,0,0,0,0,0,0,2,0,0,0,0,0,7,0,10,0,0,0,0,0,0,0,0,0,0,0,0,0,1,0,0,0,0,0,0,0,0,0,0,0,0,0,0,51,0,0,7,0,1,73,0,12,0,9,5,0,0,1,0,0,0,0,0,0,0,1,0,0,0,0,0,3,0,0,10,8,0
"6307x2310",1,7,41,0,7,1,0,0,52,0,11,19,3,4,0,0,0,0,3,10,0,0,0,0,21,0,0,0,0,0,0,6,0,18,0,23,74,0,20,1,0,0,31,0,0,12,4,41,24,0,0,0,0,0,0,0,1,0,0,1,6,0,0,3,0,0,3,5,0,0,0,0,0,0,0,0,0,0,0,0,0,0,0,0,4,4,30,0,1,0,22,15,0,0,7,10,2,1,1,0,0,11,0,11,0,0,0,7,0,0,7,7,0,2,7,0,0,1,0,0,0,0,6,0,0,0,0,2,0,0,0,0,111,0,4,13,0,0,0,0,0,0,16,0,0,0,0,0,0,0,0,0,0,0,0,0,10,2,0,0,10,0,0,0,0,0
"6346x3183",0,0,13,0,0,3,0,9,14,4,0,0,1,0,0,0,0,0,2,3,0,7,1,0,0,6,0,0,1,0,0,0,0,0,0,0,5,0,0,0,0,0,9,0,0,3,0,0,0,0,0,0,0,0,6,5,8,0,0,0,3,0,0,0,8,0,0,16,0,0,0,1,2,0,0,0,1,0,4,0,0,0,0,0,0,0,3,0,0,6,4,0,0,0,0,0,0,0,6,0,0,2,5,0,0,0,0,0,0,0,8,6,0,0,2,0,0,1,0,0,0,1,0,0,0,0,0,11,8,0,0,1,57,5,1,0,0,0,0,0,0,0,1,1,0,0,0,0,0,0,0,0,0,0,0,0,0,0,0,0,7,0,0,1,0,2
"6373x762",2,7,14,0,3,3,0,0,10,0,0,31,0,0,0,0,0,0,0,6,0,0,0,0,0,2,0,0,0,0,0,0,0,4,0,0,0,0,2,0,7,0,18,0,0,1,0,6,0,0,0,0,0,0,0,0,5,0,0,0,22,0,0,0,0,0,0,2,0,0,0,0,0,0,0,0,0,0,0,0,0,0,0,0,5,0,5,0,5,0,0,0,0,12,1,5,0,0,0,6,0,0,1,1,3,0,5,0,0,0,1,16,0,0,0,0,0,0,0,0,0,0,3,0,0,0,0,0,0,0,0,6,45,0,0,11,0,0,0,4,14,9,0,5,0,0,0,2,0,0,0,0,0,0,7,0,0,16,0,0,1,0,0,0,0,0
"6371x4731",0,0,14,0,0,0,0,1,8,0,5,0,0,0,0,0,0,0,0,0,0,0,0,0,0,6,0,1,0,0,4,0,0,2,0,0,8,0,0,0,0,0,14,0,0,12,0,0,0,0,0,1,0,0,0,0,2,0,0,0,18,1,0,0,0,0,0,4,0,0,0,0,0,0,0,0,0,0,0,0,0,0,0,0,2,0,1,0,0,0,0,0,0,3,19,0,0,0,8,2,0,3,43,1,0,0,0,9,0,0,9,4,0,0,14,0,0,1,0,0,0,0,0,0,0,5,0,0,5,0,0,4,15,2,0,8,0,0,13,0,10,0,0,0,0,0,0,0,0,0,0,0,0,0,0,0,1,8,0,2,0,1,2,0,26,0
"6361x1674",0,0,15,1,0,1,0,15,37,0,7,0,0,0,0,0,0,0,2,0,0,5,0,0,0,0,0,0,0,0,0,0,0,0,0,5,13,0,4,0,0,0,4,0,0,0,0,8,0,0,0,0,0,1,7,18,19,0,0,0,7,1,0,0,5,0,0,5,0,0,0,0,0,0,0,0,15,0,0,0,0,0,5,0,0,0,2,0,0,0,0,0,0,0,0,1,0,0,0,1,1,4,0,0,0,0,4,0,13,0,0,6,0,0,6,0,0,0,0,0,0,0,4,1,0,0,0,0,2,0,0,0,94,2,0,0,0,0,0,0,0,0,10,0,0,0,5,0,0,0,0,0,0,0,0,0,0,0,0,0,41,0,0,26,0,0
"6391x900",1,0,12,1,7,3,0,5,32,0,1,0,1,0,0,0,1,0,3,4,0,0,0,0,15,1,0,0,0,0,0,0,16,9,0,1,0,0,0,0,0,0,20,0,0,11,0,2,0,0,0,0,0,0,3,0,11,0,0,0,6,0,0,0,0,0,0,7,0,0,0,0,4,0,0,0,0,0,1,0,0,0,0,0,5,0,7,0,0,0,0,4,0,32,0,1,1,0,1,18,0,0,0,6,0,0,0,0,1,0,41,9,0,0,11,1,0,0,0,0,0,0,0,0,0,4,0,0,0,0,0,0,68,2,0,0,0,0,5,0,0,0,19,0,0,0,0,2,5,0,0,1,8,0,0,0,0,0,0,2,3,0,0,0,4,0
"6411x623",1,2,6,0,0,2,0,3,0,0,7,6,0,20,0,0,0,0,0,9,0,0,0,0,0,0,0,0,0,0,0,0,0,17,1,0,0,0,0,0,1,5,1,0,0,0,0,5,0,0,0,0,0,0,0,0,0,0,0,0,0,0,0,0,0,0,0,0,0,0,0,0,0,0,0,0,0,0,0,0,1,0,0,0,0,2,17,0,0,0,0,13,0,0,0,5,0,0,0,2,0,0,0,0,5,0,0,0,0,0,5,0,0,0,0,0,0,0,0,0,0,0,1,0,0,0,0,0,0,0,0,0,13,0,0,10,0,0,3,0,0,6,0,0,0,0,0,0,0,0,0,0,0,0,0,0,0,3,0,0,3,0,0,0,2,0
"6378x1501",0,1,5,0,9,1,2,1,36,0,15,0,1,0,0,0,0,0,3,18,2,2,0,0,9,0,0,0,0,3,0,0,0,1,0,4,24,0,1,0,4,0,14,0,0,10,0,3,0,0,0,0,0,1,5,0,10,0,0,0,14,0,0,5,2,0,1,3,0,1,0,0,0,0,0,0,0,0,1,0,0,0,4,0,7,0,8,0,0,0,0,0,0,1,11,7,1,6,0,6,0,17,0,2,0,0,0,0,7,0,4,5,4,1,3,0,0,0,0,3,0,0,0,1,0,0,0,0,0,0,0,0,107,3,0,8,0,22,0,0,22,0,22,0,0,0,0,0,10,0,0,0,0,3,0,0,0,1,0,0,4,3,0,1,13,0
"6401x5086",0,0,5,0,0,0,0,2,18,0,20,0,0,0,0,0,0,0,0,2,0,0,0,0,2,0,4,0,0,0,0,0,2,0,0,5,11,0,0,0,0,2,15,0,0,0,0,2,0,5,1,0,0,0,5,5,10,0,0,0,4,0,0,0,0,0,0,4,0,0,0,0,0,2,0,0,0,0,8,0,0,0,0,1,0,0,15,0,0,0,0,0,0,0,12,3,0,6,0,0,6,0,11,4,3,0,0,1,0,0,5,6,0,0,0,0,1,0,2,0,0,0,0,0,0,0,0,0,0,0,0,13,22,0,0,0,0,0,1072,0,11,15,0,3,0,0,1,0,0,0,0,3,0,0,14,0,0,0,0,0,0,1,0,6,16,0
"6423x3344",0,0,9,0,5,3,0,0,16,4,14,0,0,0,7,0,0,0,0,2,0,0,0,0,5,7,0,0,0,0,0,2,0,0,0,0,0,10,3,0,3,0,9,0,0,0,0,21,5,0,0,0,0,0,59,36,0,0,0,0,3,0,0,8,0,0,0,1,0,0,2,0,0,0,0,0,11,0,0,0,0,0,0,0,0,0,0,0,0,0,0,0,0,3,3,9,3,0,0,8,0,0,0,0,0,0,0,1,0,0,10,8,21,4,2,2,0,1,0,0,0,0,0,0,0,1,0,0,0,0,0,0,1,1,0,0,0,0,0,1,14,5,0,0,0,0,0,0,0,0,0,0,0,0,0,0,0,9,2,0,0,0,7,70,0,0
"6435x3831",0,1,19,1,0,0,0,1,18,0,10,0,0,0,0,0,0,0,7,2,0,18,0,0,19,4,8,0,0,0,0,0,0,0,0,0,0,0,14,1,0,8,13,0,0,0,0,0,0,0,0,0,0,1,3,0,6,0,0,0,0,0,0,0,0,0,0,2,0,0,0,0,1,0,0,0,1,0,0,0,0,0,0,0,0,0,6,0,0,4,0,2,0,0,0,0,0,0,0,9,0,0,0,3,0,0,5,0,0,0,0,5,0,0,0,0,0,0,0,0,0,0,2,0,0,0,0,14,0,0,0,0,34,0,0,23,6,0,0,0,0,0,1,0,0,0,0,1,0,0,0,0,0,0,0,0,1,0,0,1,1,7,0,6,0,0
"6439x2636",0,0,55,0,3,2,0,2,16,5,10,23,0,6,0,2,0,0,9,15,0,1,0,0,37,3,0,2,14,0,0,0,0,0,0,10,49,5,13,5,0,4,43,0,0,15,0,12,0,0,0,0,0,0,0,0,47,0,0,0,9,0,0,0,7,0,0,13,0,0,0,0,1,0,0,0,1,0,0,0,0,0,3,0,4,0,28,0,0,0,14,5,1,9,21,26,0,4,3,0,0,2,1,24,0,0,13,2,1,0,6,43,6,0,10,0,0,1,0,0,0,0,0,0,0,0,0,0,0,0,0,2,183,0,2,5,0,0,0,0,4,2,25,0,2,0,0,0,1,3,0,0,0,0,0,0,0,1,0,1,8,0,1,3,7,0
"6450x117",0,5,9,0,0,3,0,1,33,0,54,0,0,1,0,0,0,0,1,15,0,0,0,12,8,16,1,0,0,0,0,0,0,14,0,0,0,0,11,7,0,0,46,0,0,3,0,0,0,0,0,0,0,0,0,0,2,0,0,0,7,0,0,1,0,0,0,10,0,0,0,0,0,0,0,0,0,0,9,0,1,0,0,0,0,0,3,2,0,0,0,0,0,28,7,1,3,2,0,5,0,0,8,18,0,0,0,1,3,0,0,20,0,0,0,0,0,0,0,0,0,0,0,0,0,0,0,0,0,0,0,0,62,0,0,0,0,7,0,0,17,0,15,0,0,0,0,0,1,0,0,0,0,0,5,0,6,4,0,0,0,0,5,3,5,0
"6469x2227",1,0,47,1,4,0,0,0,32,0,26,0,0,4,14,0,0,0,0,27,0,0,0,0,46,8,0,0,0,0,0,0,0,0,0,0,0,0,17,0,0,0,22,0,0,12,4,0,7,0,0,0,0,0,0,1,13,2,0,0,21,0,0,9,0,0,0,8,0,0,1,0,0,6,0,0,2,0,0,0,0,0,0,0,0,2,12,0,0,0,0,0,0,1,5,3,0,0,1,22,0,13,12,26,0,0,0,16,2,0,0,8,8,15,8,0,0,0,0,0,0,0,2,0,3,0,0,0,0,0,0,4,93,0,0,36,0,0,0,0,0,0,18,0,0,0,0,7,7,0,0,0,0,0,0,4,0,0,0,0,2,0,1,0,2,0
"6450x3676",0,0,7,0,0,0,0,0,5,6,16,0,9,1,0,0,0,0,0,2,0,0,0,0,0,0,0,0,1,0,0,0,0,4,0,0,0,0,5,0,0,2,3,0,0,0,0,0,0,0,0,0,0,1,0,0,1,0,0,0,4,0,0,0,0,0,0,5,0,0,0,0,0,0,53,0,1,0,0,23,4,0,0,0,0,2,1,0,0,0,0,0,0,0,0,0,4,0,1,0,0,0,0,0,2,0,0,0,0,0,4,0,1,0,0,0,0,0,0,0,0,0,0,0,0,0,0,3,0,0,0,0,14,0,0,0,0,0,1,0,1,0,0,0,0,0,0,0,0,0,3,0,0,0,0,0,0,0,0,0,6,0,3,3,0,0
"6475x5395",0,2,36,0,4,3,0,0,26,16,10,0,0,0,0,0,0,0,2,9,0,0,8,0,21,0,0,0,1,0,0,0,0,0,0,5,0,0,5,0,0,17,40,0,0,5,0,9,0,0,0,0,0,0,0,0,30,1,0,0,6,0,0,0,8,0,0,0,0,0,0,0,0,11,0,0,0,0,0,0,0,0,0,0,8,0,8,0,0,0,0,0,0,0,10,6,3,7,0,1,0,2,11,20,1,0,0,6,2,0,0,21,0,0,9,0,0,0,0,0,0,2,7,0,0,2,0,0,0,0,0,3,120,3,0,24,0,0,0,0,10,0,7,0,0,0,6,3,3,0,0,1,18,0,0,0,5,1,0,0,4,0,10,5,16,0
"6501x1623",0,0,6,0,0,0,0,3,32,0,4,0,0,0,0,0,0,0,1,0,0,0,0,0,0,1,0,0,0,0,0,0,0,0,2,0,18,0,3,0,15,2,20,0,0,0,0,56,2,2,1,0,0,3,105,40,0,0,0,0,0,0,0,16,0,0,0,4,0,3,1,0,0,0,0,0,1,0,9,0,0,0,0,0,0,0,1,0,0,0,0,0,0,0,0,0,0,3,0,0,1,1,0,1,1,0,10,0,0,0,0,5,0,12,0,0,0,0,0,0,0,0,0,0,0,0,0,0,0,0,0,5,7,7,0,7,0,0,0,0,1,0,8,0,0,0,0,0,9,2,0,0,0,0,0,0,0,13,1,0,1,0,14,45,8,4
"6509x2951",2,1,11,0,0,1,0,0,21,6,0,0,0,0,0,0,0,0,2,2,0,0,0,0,0,0,0,0,0,0,1,0,0,0,0,0,0,0,0,0,0,0,14,0,0,0,0,0,0,0,0,0,0,0,0,1,5,0,0,0,11,9,0,0,0,0,0,0,0,0,0,0,0,0,0,0,6,0,0,0,0,0,0,0,7,0,1,0,0,0,0,0,0,5,7,0,0,0,1,23,0,0,1,0,0,0,9,0,0,0,0,8,2,0,0,0,0,0,0,0,0,0,0,0,0,0,0,8,3,0,0,10,30,0,0,0,0,0,76,0,0,0,0,1,0,0,2,0,0,0,0,0,0,0,0,2,0,0,0,0,0,0,12,16,6,7
"6512x3146",0,0,11,0,0,0,0,0,8,0,0,0,0,0,0,0,0,0,0,0,0,1,0,0,0,27,0,0,1,0,0,0,0,11,0,0,0,0,0,0,0,0,4,0,0,0,0,0,2,0,0,0,1,2,135,91,5,0,0,0,0,0,0,21,0,0,2,0,0,0,0,1,0,0,0,1,2,0,0,0,0,0,0,0,0,0,0,0,7,26,0,0,0,0,11,10,1,2,0,7,0,0,0,16,0,0,0,0,0,3,4,3,0,0,11,0,0,0,0,0,0,0,0,0,0,0,0,0,0,0,0,0,8,0,0,0,0,0,1,0,3,0,0,0,0,0,4,0,0,0,0,0,0,0,0,0,0,4,0,0,0,0,0,0,0,0
"6546x3981",3,0,53,0,0,3,0,1,19,0,19,0,0,4,0,0,0,0,4,25,0,0,0,0,20,9,0,0,0,0,4,0,15,1,0,0,3,0,0,0,0,44,36,0,0,7,2,0,0,0,2,0,0,0,7,0,2,0,0,0,3,0,0,8,1,0,0,10,0,0,0,0,0,0,0,0,5,0,0,0,0,0,0,0,0,0,6,0,0,0,0,3,0,0,0,16,3,1,4,0,0,3,3,15,0,0,0,0,0,0,41,8,0,2,10,0,4,0,0,0,0,0,7,0,0,0,2,0,0,0,0,17,128,7,0,20,0,0,0,0,14,0,21,0,0,0,4,0,0,0,0,0,0,0,1,0,0,0,0,2,27,4,14,3,9,0
"6520x4977",0,0,22,0,1,0,0,0,13,0,0,0,0,4,0,0,0,0,3,2,0,0,0,0,2,7,1,0,0,0,0,0,0,0,0,0,4,0,0,3,0,5,15,0,0,0,0,0,0,0,1,0,0,1,6,0,9,0,0,0,0,0,0,0,0,0,0,1,0,0,0,0,0,0,0,0,1,0,5,0,0,0,0,0,4,1,0,0,0,0,4,0,0,1,0,0,0,1,0,0,1,4,0,0,5,0,0,4,0,0,8,0,0,0,7,0,0,0,0,0,0,0,0,0,0,0,0,0,0,0,0,4,112,13,0,3,0,0,95,0,0,4,1,0,0,0,0,0,0,0,0,0,0,0,0,0,0,0,0,0,2,0,0,0,0,1
"6552x6556",1,10,13,0,1,0,1,5,4,7,0,0,0,0,0,0,0,0,3,6,0,0,0,0,39,0,0,0,0,0,0,0,0,0,0,0,33,0,21,0,0,0,11,0,1,14,0,14,8,0,0,0,0,0,0,0,5,0,0,0,34,0,0,0,0,0,0,0,0,0,0,0,2,0,0,0,2,0,0,0,0,0,21,0,0,0,8,0,0,0,0,0,0,0,11,0,0,0,0,2,0,0,3,0,0,0,0,3,0,0,1,23,0,2,1,0,0,0,0,0,0,0,0,0,0,0,0,0,0,0,0,0,28,0,0,10,0,0,0,0,1,0,16,0,0,0,0,0,6,0,0,0,0,0,0,0,0,0,0,0,3,0,0,20,3,0
"6574x2749",0,12,27,0,0,3,0,0,19,1,5,17,2,14,0,0,0,0,6,25,0,1,0,0,0,2,0,0,14,0,0,0,0,5,0,2,43,0,18,1,0,3,28,0,0,0,0,14,5,0,1,0,0,0,0,0,42,1,0,0,44,0,0,0,0,0,0,3,0,0,0,1,0,0,0,0,0,0,1,0,0,0,0,0,3,0,4,0,0,0,7,5,0,0,7,6,0,1,0,0,0,6,5,6,0,0,4,0,14,0,0,20,0,10,6,0,0,2,0,0,0,0,0,0,0,0,0,0,0,0,0,0,113,8,0,7,0,0,0,0,13,2,10,10,0,0,0,0,1,0,0,0,0,0,0,0,0,3,0,0,13,0,0,10,13,0
"6575x4808",0,0,6,1,0,2,0,0,6,0,5,0,0,4,14,0,0,1,2,0,0,0,0,0,0,0,1,0,0,0,0,0,0,3,0,7,13,0,2,0,0,5,5,1,0,0,0,0,0,0,0,0,0,0,14,7,2,0,0,0,19,1,0,2,0,0,0,1,0,0,0,0,0,0,0,0,0,0,0,0,0,0,0,2,5,0,0,0,0,0,0,5,0,0,0,0,0,0,0,10,0,2,0,0,0,0,0,3,0,0,11,1,0,0,0,0,0,0,0,0,0,0,0,0,0,0,0,0,0,0,0,0,2,3,0,0,0,0,710,0,1,13,0,0,0,0,0,2,3,0,0,0,0,0,0,0,0,0,0,0,0,0,0,11,7,0
"6576x1361",0,0,26,0,2,0,0,0,9,0,16,0,0,0,0,0,0,0,1,1,0,0,0,0,0,0,0,0,0,0,0,0,0,0,0,0,2,0,0,0,0,0,3,0,0,0,17,16,0,0,0,1,0,0,4,0,0,0,0,0,0,0,0,0,3,0,0,0,0,0,0,0,0,0,0,0,0,0,0,0,0,0,0,0,5,0,0,0,0,0,0,0,0,0,0,1,2,0,0,0,0,4,0,0,0,0,0,0,0,0,2,5,0,0,0,0,0,0,0,0,0,0,0,0,0,0,0,0,0,0,0,0,15,0,0,0,0,0,0,0,0,0,0,0,0,0,0,0,0,0,0,0,0,0,0,0,0,2,0,0,0,0,0,11,0,0
"6584x3576",5,0,10,0,0,0,5,0,0,0,4,0,22,0,0,0,0,0,3,0,0,0,0,0,0,13,0,0,6,0,16,0,6,2,0,0,0,0,0,0,0,3,7,0,0,0,3,0,5,0,0,0,0,0,0,0,0,0,0,0,0,0,0,0,0,0,0,0,0,0,0,0,0,0,75,0,0,0,0,1,0,0,0,0,0,0,0,0,0,0,9,5,0,0,0,0,0,0,0,3,0,0,0,0,0,0,1,0,0,0,14,0,2,0,0,0,0,0,0,0,0,0,0,0,0,0,0,2,0,0,0,0,0,0,0,0,0,4,0,0,0,0,0,0,0,0,0,0,0,0,0,0,0,0,0,0,0,0,0,0,0,2,0,0,0,0
"6617x5999",7,6,7,0,11,0,0,0,59,14,6,28,1,2,6,0,0,0,13,12,0,2,0,1,7,0,4,0,0,0,0,0,0,1,0,5,78,1,9,0,2,11,13,0,0,21,0,71,15,6,0,1,0,0,0,0,30,0,0,0,57,0,0,10,0,0,0,3,0,0,0,0,0,5,0,0,5,0,0,0,0,0,0,0,1,0,5,0,10,0,15,0,0,15,0,11,0,0,0,14,0,8,16,22,0,0,0,10,2,0,3,23,1,1,2,1,0,0,0,0,0,7,27,0,0,10,0,0,0,0,6,29,104,1,0,0,0,0,0,0,0,0,8,0,0,0,0,10,1,0,0,1,2,0,3,0,0,8,0,1,5,0,0,12,17,0
"6604x5358",0,1,1,0,0,0,0,1,23,0,4,1,0,0,0,0,0,0,7,1,0,0,6,0,8,0,0,0,0,0,0,0,3,0,0,0,2,0,5,0,0,0,15,0,0,0,0,15,0,0,1,0,0,0,36,11,5,0,0,0,7,0,0,0,0,0,0,0,0,0,0,0,0,0,0,0,1,0,0,0,0,0,0,0,8,0,4,0,0,10,2,0,0,0,0,1,6,7,0,0,0,2,0,18,0,0,0,0,2,0,0,14,0,0,0,0,0,0,0,0,0,0,1,0,0,0,2,0,0,0,0,0,28,3,0,23,0,0,6,0,17,0,0,0,0,0,0,0,2,0,0,1,0,0,0,0,0,6,0,0,0,0,0,56,18,0
"6616x5125",1,0,4,0,0,0,0,3,44,0,1,0,1,0,0,0,0,0,0,0,0,0,0,0,0,5,0,0,0,0,2,0,0,9,0,0,0,0,0,0,0,5,0,0,0,0,0,2,0,0,0,0,0,2,0,0,1,0,0,0,0,0,0,0,0,0,0,8,0,0,0,0,0,0,0,0,14,0,0,0,0,0,0,0,2,0,0,0,0,0,0,4,0,0,0,5,7,0,1,2,0,0,19,0,0,0,0,0,0,0,0,8,0,0,0,0,0,0,0,0,1,0,0,0,0,0,1,11,0,0,0,17,56,2,0,17,0,0,0,0,2,0,0,0,0,0,1,0,0,0,0,0,0,0,0,0,0,0,0,0,0,0,0,0,1,1
"6609x2279",1,0,6,0,0,0,1,0,14,0,4,1,1,0,0,0,0,0,1,1,0,0,0,0,0,8,0,0,0,0,0,0,0,20,0,3,0,0,0,0,0,0,5,0,0,0,1,0,0,0,0,0,0,0,0,0,2,2,0,0,0,0,0,0,0,0,0,2,0,0,0,0,0,0,0,0,9,0,0,0,0,0,0,0,0,0,1,0,0,0,0,0,0,0,0,3,0,0,0,1,0,0,0,1,0,0,0,0,0,0,0,1,9,5,0,0,0,0,0,0,0,0,0,0,0,0,2,0,0,0,0,0,24,0,0,20,0,0,0,0,0,0,0,0,0,0,6,0,0,0,0,1,0,0,0,0,0,0,0,0,11,0,0,0,2,0
"6642x4936",0,0,9,0,0,0,0,0,20,0,0,0,0,4,0,0,0,0,1,0,0,0,0,0,0,5,0,0,0,0,0,0,0,0,0,0,3,0,0,0,0,5,0,0,0,0,0,0,0,0,0,0,0,0,0,2,0,0,0,0,4,0,0,0,0,0,0,1,0,0,0,0,0,0,0,0,1,0,0,0,0,0,0,0,0,0,1,0,0,0,0,3,0,0,0,0,0,0,0,0,0,4,3,0,0,0,0,0,0,0,0,0,0,0,0,1,0,0,0,0,0,0,0,0,0,0,0,2,0,0,0,0,35,0,3,0,0,0,106,0,1,0,0,0,0,0,0,0,0,0,0,0,6,0,0,0,2,0,0,0,5,0,0,0,0,2
"6642x1518",0,8,32,0,10,4,0,0,26,13,19,7,0,1,1,0,1,0,7,40,0,0,0,0,1,1,0,2,0,0,0,0,0,6,0,7,65,1,0,0,0,0,37,0,0,2,0,38,3,0,0,0,3,0,0,0,8,0,0,0,85,0,0,0,0,0,0,2,0,0,0,0,1,0,0,0,2,0,3,0,0,0,0,0,2,0,6,1,0,0,15,0,0,0,3,2,1,4,0,19,0,9,0,5,0,0,8,1,0,0,0,2,0,0,5,0,0,0,2,0,0,2,11,0,0,2,0,0,0,0,0,0,191,7,0,2,0,0,0,0,21,0,6,0,0,0,0,0,0,0,0,8,0,0,2,0,4,27,0,0,0,0,0,15,0,0
"6667x688",0,0,3,0,2,0,0,1,37,0,0,0,0,0,0,0,0,0,0,9,0,0,0,0,0,0,0,0,0,0,2,0,5,1,0,0,0,0,0,0,0,0,22,0,0,0,0,0,0,0,3,0,0,0,36,51,11,0,0,0,6,15,0,4,4,0,0,1,0,0,0,0,0,0,0,3,0,0,0,0,0,0,0,0,0,2,0,0,0,0,4,0,0,14,16,0,0,0,0,10,7,1,0,0,0,0,0,15,3,13,4,0,1,0,1,0,0,0,0,0,0,0,0,0,0,0,1,0,0,0,0,2,5,2,0,0,1,0,63,0,0,0,0,0,0,0,0,0,8,14,0,0,0,0,0,0,0,1,0,0,0,0,5,22,6,0
"6687x4142",4,0,7,0,0,3,0,0,24,0,0,1,2,10,0,0,0,0,1,10,0,0,0,0,3,0,0,0,11,0,0,0,0,15,1,18,13,0,0,0,0,9,18,0,0,0,0,0,0,0,0,0,0,0,0,0,0,0,0,0,8,0,0,0,0,0,0,1,0,0,0,1,0,0,0,0,4,0,0,0,0,0,0,0,0,0,9,0,0,36,5,10,0,10,5,0,0,0,0,10,0,0,12,13,0,0,0,0,0,0,0,2,1,0,0,0,0,0,0,0,0,0,14,0,0,0,0,1,10,0,0,0,33,0,0,0,0,0,0,0,0,0,8,0,0,0,0,1,0,0,0,0,0,0,5,0,0,1,0,0,6,0,0,4,1,0
"6714x307",2,0,22,0,4,3,0,8,16,0,28,5,1,0,2,1,0,0,2,13,0,10,0,0,12,8,3,0,0,1,0,23,0,0,0,9,79,7,36,0,0,0,4,0,0,11,0,77,4,0,0,0,0,0,0,0,11,1,0,0,65,4,1,0,0,0,0,20,0,0,0,0,0,9,0,0,0,0,0,0,0,0,0,0,0,0,19,3,1,0,22,1,0,5,18,5,8,7,0,6,2,5,13,20,0,0,3,0,0,0,31,15,0,0,0,0,0,0,2,0,0,0,0,0,0,2,0,4,0,0,0,14,43,0,3,2,0,0,0,0,2,0,4,0,0,0,0,0,7,0,0,0,0,0,3,0,0,4,0,0,4,0,0,6,4,0
"6716x3101",0,0,3,0,0,2,0,0,25,0,0,0,0,0,0,0,0,0,3,0,0,0,0,0,0,0,0,0,0,0,0,0,0,0,0,1,0,0,6,0,0,0,15,0,0,0,0,5,23,0,0,1,0,0,1,0,0,0,0,0,0,0,0,0,5,0,0,0,0,0,0,0,0,0,0,1,25,0,0,0,0,0,0,0,0,0,3,0,0,0,0,1,0,0,1,3,0,0,0,0,0,5,0,0,0,0,0,0,0,0,0,3,4,0,1,0,0,0,1,0,0,0,0,0,0,0,0,0,0,0,0,0,72,0,0,0,2,0,4,0,0,0,0,0,0,0,0,1,0,0,0,0,0,0,0,0,0,0,0,2,16,0,0,0,0,0
"6712x999",0,0,42,0,3,3,12,0,11,11,4,0,0,5,0,0,0,0,0,0,0,0,0,0,0,0,0,0,4,0,0,0,36,12,0,0,1,5,0,0,0,3,15,0,0,0,0,2,4,0,0,0,0,0,46,19,3,0,0,0,7,0,0,0,0,0,0,0,0,0,2,0,0,0,0,0,1,0,6,2,0,0,0,0,0,3,0,0,0,0,0,0,0,0,8,0,0,0,0,1,5,1,3,0,0,0,0,0,2,0,21,0,0,0,6,0,0,0,0,0,0,0,0,0,0,0,0,0,0,0,0,0,5,10,0,0,0,0,0,0,3,6,7,0,1,0,0,0,0,0,0,0,0,0,0,0,0,10,0,0,0,0,2,25,7,0
"6699x1722",0,3,6,0,2,0,2,1,22,0,0,10,0,0,0,0,0,0,1,0,0,0,0,0,0,0,0,0,0,0,0,0,0,0,0,0,3,0,0,3,0,4,5,0,0,0,4,10,0,0,0,0,0,0,0,0,0,0,0,0,0,1,0,0,0,0,0,0,0,0,0,0,0,0,1,0,0,0,0,0,0,0,0,0,0,0,0,0,7,3,0,0,0,0,2,0,0,2,0,0,0,4,0,0,0,0,0,12,0,0,18,0,1,0,0,0,0,0,2,0,0,0,0,0,0,0,0,0,0,0,0,0,27,0,0,3,0,0,0,0,0,0,2,0,0,0,0,0,0,0,0,0,0,0,0,0,0,0,0,0,0,0,0,3,1,0
"6695x3510",2,0,28,0,0,0,0,0,0,0,3,0,3,5,0,0,0,0,0,0,0,0,0,0,2,9,0,0,0,0,2,0,5,0,0,0,0,0,0,0,0,1,17,0,0,0,0,0,0,0,0,0,0,0,0,0,0,0,0,0,0,0,0,0,0,0,0,0,0,0,0,0,0,0,7,0,0,0,0,2,10,0,5,0,0,0,0,0,0,0,9,0,0,19,0,5,0,0,0,20,0,0,0,0,0,0,0,1,0,0,11,0,2,0,0,0,0,0,0,0,0,0,0,0,0,0,0,0,0,0,2,0,0,0,0,0,0,4,0,1,0,0,0,0,0,0,0,0,0,0,0,0,0,0,0,0,0,0,0,0,0,0,0,0,0,0
"6727x1151",0,0,13,0,0,0,0,2,32,16,3,2,0,5,0,0,0,0,0,3,0,0,0,0,13,0,0,0,1,0,3,0,0,0,0,0,0,0,1,0,0,0,4,0,0,0,0,1,2,0,1,0,0,0,0,0,0,0,0,4,43,0,0,0,0,0,0,10,0,1,0,0,0,0,0,0,6,0,9,0,0,0,0,0,0,0,0,0,0,0,5,1,0,0,9,6,0,0,0,0,0,0,15,0,0,0,0,0,0,0,18,0,0,0,0,0,0,0,0,0,0,0,0,0,2,0,1,0,0,0,0,0,55,8,0,0,0,0,0,0,6,0,0,3,0,0,0,0,1,0,0,0,0,0,10,9,3,7,0,0,0,0,0,3,19,0
"6755x1963",0,0,12,0,0,0,0,0,7,0,0,0,0,0,0,0,0,0,0,0,0,0,0,0,0,0,0,0,0,0,0,0,0,2,0,0,0,0,10,0,0,0,2,0,0,0,33,0,4,0,0,0,0,0,0,0,0,0,0,0,0,0,0,0,0,0,0,1,0,0,0,0,0,0,0,0,3,0,0,0,0,0,0,0,0,3,0,0,0,0,0,0,0,0,0,0,0,0,0,0,0,0,0,0,0,0,0,0,0,0,0,0,4,0,0,0,0,0,0,0,0,0,0,0,0,0,0,10,0,0,0,0,0,0,0,0,0,0,0,0,0,0,0,0,0,0,0,0,0,0,0,0,0,0,0,0,0,0,0,1,11,0,0,0,0,0
"6752x158",0,6,44,0,0,0,0,0,41,10,21,1,0,0,0,0,0,0,1,4,0,0,3,0,17,0,3,0,8,0,0,0,0,0,0,0,31,0,13,0,2,8,23,0,0,1,0,36,1,0,0,0,0,0,0,0,6,1,0,0,9,4,2,7,0,0,0,1,0,0,0,0,0,2,0,0,0,0,0,0,0,1,0,0,4,0,12,0,0,0,0,9,0,3,7,5,0,1,0,0,0,8,0,17,0,0,4,0,0,0,19,20,2,0,0,0,2,0,3,0,0,0,0,0,0,0,1,3,0,0,0,0,134,6,0,7,0,1,0,0,5,0,15,0,0,0,0,9,2,0,0,0,0,0,0,4,0,6,0,1,6,0,4,7,0,0
"6764x4555",0,0,0,0,7,1,0,0,18,0,4,15,0,19,0,0,0,0,9,9,4,2,0,0,52,0,6,0,0,0,0,0,27,0,0,0,50,6,34,0,0,1,20,0,0,0,0,7,4,0,0,0,0,0,9,0,5,0,0,0,23,0,0,0,0,0,0,4,0,0,0,0,0,0,0,0,0,0,0,0,0,0,0,0,0,0,24,12,8,1,9,15,0,5,7,0,0,0,0,0,0,13,0,25,0,0,0,8,0,0,24,20,0,33,0,0,0,0,0,0,0,0,0,0,0,19,0,17,6,0,0,0,88,6,0,12,0,0,0,0,0,0,13,0,0,0,0,0,0,0,0,0,0,0,0,0,2,5,0,0,19,0,0,0,0,0
"6768x5494",7,2,38,0,6,3,1,8,68,3,10,0,3,1,0,0,0,0,5,29,0,0,1,0,35,17,0,0,8,0,2,0,0,9,1,0,3,0,2,4,0,0,44,0,0,5,0,0,0,0,2,0,0,0,0,0,17,0,0,0,3,0,0,9,0,0,0,5,0,0,0,0,0,0,0,0,0,0,0,0,0,0,2,0,7,9,13,0,0,0,0,0,0,2,1,2,0,0,1,6,0,1,1,14,0,0,30,14,0,0,0,3,15,9,1,0,0,0,0,0,0,0,0,0,0,1,0,0,0,0,0,9,130,1,0,10,0,0,0,0,2,0,25,0,0,0,1,0,0,0,0,0,0,0,18,0,0,0,0,0,13,0,0,8,13,0
"6771x6251",0,2,20,0,9,1,2,0,2,1,7,0,1,0,0,0,0,0,8,21,0,0,0,0,19,0,0,0,8,0,0,0,0,0,0,0,5,0,0,4,0,0,15,0,0,0,0,0,0,1,0,5,0,0,0,0,5,0,0,0,1,0,0,0,4,0,0,2,0,0,0,0,0,0,0,3,7,0,1,0,0,0,0,0,0,19,1,0,0,0,0,0,0,0,4,0,1,1,2,5,1,29,14,13,0,0,0,0,0,0,44,6,0,0,1,0,0,1,0,0,0,0,0,0,0,4,0,3,0,0,0,31,131,9,0,6,0,0,0,0,0,0,5,1,0,0,0,0,0,0,0,0,0,0,0,1,0,0,0,0,0,0,1,0,0,1
"6789x771",0,0,0,0,0,0,0,3,36,4,13,0,0,0,0,0,0,0,7,6,0,0,1,0,31,1,0,0,0,0,0,0,0,0,0,0,1,0,0,0,0,4,14,0,0,0,0,0,8,0,0,0,0,0,2,0,4,0,0,0,12,5,0,1,5,3,0,6,0,0,0,0,0,0,0,0,5,0,0,0,0,0,5,0,0,2,8,0,0,0,0,0,0,3,0,2,0,0,0,5,2,2,0,0,0,0,0,7,0,0,26,0,0,4,7,0,0,0,1,0,0,0,0,0,0,0,0,0,0,0,0,4,23,0,0,0,0,0,11,0,6,0,5,0,0,0,0,2,0,0,0,0,0,0,1,0,1,0,0,0,4,0,0,0,20,0
"6787x2109",0,0,8,0,2,0,0,0,4,0,6,8,0,0,0,0,0,0,1,2,0,0,0,0,1,0,0,0,0,0,0,0,0,0,0,0,0,0,0,0,0,0,17,0,0,0,0,0,0,0,0,0,0,0,0,0,2,0,0,0,1,0,0,0,0,0,0,0,0,0,0,0,1,0,0,0,0,0,0,0,0,0,0,0,0,3,2,0,0,0,0,0,0,0,7,0,4,0,0,9,0,13,0,0,0,0,0,0,0,0,16,0,0,10,10,0,0,0,2,0,0,0,2,0,0,0,0,0,0,0,0,19,61,0,0,0,0,0,0,0,0,0,9,0,0,0,0,0,0,0,0,2,10,0,0,0,0,0,0,1,0,0,0,14,6,0
"6806x2756",0,0,1,0,8,2,0,0,50,0,6,0,0,2,1,0,0,0,5,2,0,0,0,0,14,0,0,0,12,2,1,0,4,4,0,0,0,0,0,0,2,0,44,0,0,0,0,0,0,0,0,0,0,0,0,0,1,0,0,0,0,0,0,0,1,1,0,2,0,0,0,0,12,0,0,0,1,0,2,0,0,0,0,0,0,0,31,0,0,0,0,19,0,0,0,0,5,0,1,5,0,2,8,0,0,0,0,0,3,0,5,0,0,0,24,3,0,0,0,0,0,0,0,0,0,1,0,0,0,0,0,0,15,9,0,8,0,0,0,0,19,1,0,0,0,0,0,0,0,0,0,0,0,0,11,0,0,0,0,0,0,4,0,0,36,0
"6789x1406",0,0,45,0,0,0,0,1,16,0,9,0,0,0,0,0,0,0,1,0,0,0,0,0,9,0,0,0,15,0,0,0,1,5,3,0,5,0,12,0,0,1,5,0,0,0,0,7,3,0,0,0,0,0,72,11,1,0,0,1,0,0,0,0,0,0,0,7,0,0,0,0,0,0,0,0,0,0,0,0,0,0,0,0,0,0,0,0,0,0,0,0,0,0,7,0,0,0,0,0,12,0,0,0,0,0,0,1,0,0,0,14,0,0,0,0,0,0,0,0,0,0,0,0,0,0,0,0,0,0,0,0,5,0,0,0,0,0,4,0,1,1,9,0,0,0,0,0,5,0,0,0,0,0,0,0,0,2,2,0,0,0,0,35,0,0
"6789x1259",0,18,50,0,4,1,0,1,37,0,14,27,0,0,0,0,0,0,3,8,0,0,0,0,9,0,0,0,0,0,3,0,0,0,0,0,12,0,6,0,29,0,30,0,0,0,0,1,19,0,3,0,0,0,3,0,7,0,0,0,93,0,0,0,0,0,0,25,0,0,0,0,0,0,0,0,0,0,4,0,0,0,0,0,0,0,6,0,0,0,17,0,0,5,4,2,0,3,0,0,0,19,0,0,7,0,0,0,0,0,2,3,0,0,17,0,0,0,0,0,0,0,7,0,0,2,0,0,0,0,0,0,121,5,0,0,0,0,0,0,0,0,0,0,0,0,0,8,18,0,0,0,0,0,2,0,0,26,0,0,0,0,1,12,9,0
"6810x4013",3,0,22,0,0,0,0,7,9,0,8,0,7,0,0,0,0,0,4,5,0,0,0,0,0,6,5,0,6,0,3,0,0,5,0,0,88,6,13,0,0,0,31,0,0,5,0,2,0,0,0,1,0,0,9,0,5,0,0,0,26,0,0,0,0,0,0,1,0,0,0,0,0,0,0,0,1,0,0,0,0,0,0,0,0,0,2,0,0,1,12,2,0,0,0,0,0,0,1,0,0,3,47,17,0,0,14,2,3,0,9,0,0,0,11,0,0,0,0,0,0,0,0,0,0,0,0,0,0,0,0,9,15,0,0,7,1,0,0,0,0,0,3,0,0,0,0,1,0,0,0,0,0,0,0,0,0,0,0,0,7,0,0,0,4,0
"6807x59",0,2,0,0,0,0,0,0,14,0,7,0,0,0,0,0,0,0,0,0,0,0,0,0,0,0,0,0,0,0,0,0,1,0,0,0,0,0,0,2,0,8,0,0,0,0,0,0,0,0,0,0,0,0,0,0,2,0,0,0,0,0,2,0,0,0,0,1,0,0,0,0,0,0,0,0,0,0,0,0,0,0,0,0,0,0,2,0,0,0,0,8,0,1,0,0,0,1,0,0,0,0,0,0,0,0,2,0,0,0,8,10,7,0,0,0,1,0,0,0,0,4,0,0,0,0,1,0,0,0,0,0,60,0,0,13,0,1,0,0,0,0,5,0,0,0,0,0,0,0,0,0,0,0,0,4,0,0,0,0,0,0,0,1,0,0
"6824x4742",0,0,2,0,0,0,0,0,20,0,3,0,1,0,5,0,0,0,0,0,0,0,0,0,2,0,0,0,0,0,0,0,0,1,0,0,3,0,0,0,0,0,15,0,0,0,0,21,1,0,0,0,0,0,4,3,5,0,0,0,3,0,0,0,0,0,0,0,0,4,0,0,0,10,0,0,7,0,0,0,0,0,0,0,0,0,1,0,0,0,1,0,0,0,13,3,5,1,0,0,0,0,1,0,0,0,0,0,2,0,0,22,0,0,2,0,0,0,0,0,0,2,0,0,0,0,0,0,0,0,0,0,31,0,0,3,0,0,0,1,4,0,7,0,0,0,0,0,0,0,0,1,0,0,0,0,0,0,0,0,0,0,0,2,3,0
"6836x6395",9,0,29,0,11,7,2,0,20,9,1,0,3,0,0,0,0,0,7,5,0,0,2,0,14,3,0,0,0,0,7,0,0,5,0,7,3,0,0,2,0,1,18,0,0,0,0,10,0,0,0,0,0,0,0,0,2,0,0,0,2,0,0,0,4,0,0,4,0,0,0,0,0,0,0,0,0,0,0,0,0,0,0,0,0,0,10,0,1,0,0,0,1,4,1,0,1,1,4,2,0,20,55,20,0,0,0,0,0,0,0,11,0,9,2,0,0,0,0,0,0,1,0,0,0,2,0,0,4,0,0,35,174,5,0,4,0,0,0,0,4,0,0,4,0,0,8,1,1,0,0,0,3,0,0,0,0,10,0,0,3,0,0,0,5,0
"6850x992",0,0,16,0,3,0,0,0,6,0,1,0,1,0,0,0,0,0,0,10,0,0,0,0,35,0,0,0,0,0,0,0,6,0,0,0,8,0,2,0,2,0,10,0,0,0,0,0,0,0,0,0,0,0,13,4,2,0,0,0,1,0,0,0,0,0,0,0,0,0,0,0,0,0,0,0,1,0,0,0,0,0,0,0,4,3,3,10,0,0,0,1,0,0,1,0,5,2,0,1,1,6,0,0,0,0,0,0,0,0,12,8,0,0,25,0,0,0,0,0,0,0,0,0,0,5,0,0,0,0,0,3,74,1,0,1,0,0,0,0,0,0,11,3,0,0,2,1,2,0,0,0,0,0,9,0,6,3,7,0,1,14,1,9,7,0
"6866x4229",0,0,1,0,4,2,0,6,31,0,15,0,0,0,0,0,0,0,4,1,0,0,0,0,0,2,0,0,0,0,4,0,0,0,0,0,22,0,2,0,0,0,39,0,0,13,0,0,3,0,0,1,0,0,0,0,9,3,0,0,12,0,0,0,10,0,0,0,0,0,0,0,0,0,0,0,0,0,0,0,0,0,3,0,4,0,0,0,0,0,0,24,0,0,0,0,1,0,0,0,0,19,19,0,0,0,0,0,0,0,0,0,0,0,0,1,0,1,0,0,0,1,0,6,0,0,0,0,0,0,0,15,53,0,0,0,0,0,0,0,0,8,1,0,0,0,0,4,0,0,0,0,0,0,0,0,0,0,0,2,11,16,0,0,1,0
"6845x4876",0,0,11,0,2,0,0,3,20,0,6,0,1,13,0,0,0,0,1,3,0,0,0,0,0,0,4,0,0,0,0,0,0,0,0,0,9,0,0,0,1,0,0,0,0,0,0,4,0,0,0,0,0,0,42,32,0,0,0,0,0,0,0,0,0,0,0,1,0,3,0,0,0,7,0,0,1,0,0,0,0,0,0,0,0,0,0,0,0,0,6,0,0,0,0,2,7,1,2,17,2,0,0,0,0,0,0,0,0,0,22,0,4,0,0,0,0,0,0,0,0,0,0,0,0,0,0,0,0,0,0,0,20,9,0,0,0,0,0,0,1,0,4,0,0,0,0,0,0,0,0,1,0,0,0,0,1,0,0,0,0,0,0,25,0,0
"6864x3224",0,0,29,0,1,1,1,6,28,0,6,0,0,0,0,0,0,0,6,17,0,7,0,0,85,4,2,0,0,0,2,0,0,4,0,3,13,0,1,8,0,4,43,0,0,2,0,0,2,0,0,0,0,0,0,0,10,0,0,0,4,0,0,0,1,0,0,6,0,0,0,0,3,0,0,0,2,0,0,0,0,1,0,0,15,2,17,0,0,0,2,13,0,5,13,2,0,6,0,7,0,8,14,5,0,0,0,1,3,0,21,21,0,0,1,0,0,0,2,0,0,2,2,1,0,0,0,0,0,0,0,0,102,7,2,17,0,1,1,0,2,0,35,0,10,0,0,7,0,0,0,0,0,0,2,5,0,3,10,0,21,0,1,6,4,0
"6876x2153",1,0,0,0,0,0,0,1,8,0,4,0,1,0,0,0,0,0,3,0,0,0,11,0,5,14,0,0,0,0,0,0,0,0,16,0,14,0,0,0,0,0,3,0,0,0,0,0,0,0,0,0,0,0,0,0,0,0,0,0,2,0,0,0,0,1,0,0,0,0,0,0,0,0,0,0,9,0,0,0,0,0,0,0,0,0,0,0,0,0,6,0,0,0,10,0,4,0,0,6,0,8,0,0,0,0,0,0,2,0,5,0,0,0,0,0,0,0,5,0,0,0,14,0,0,0,0,0,0,0,0,3,56,0,7,9,0,0,0,0,0,0,2,0,0,0,8,0,0,0,0,2,0,0,0,0,0,0,0,0,19,0,0,0,6,0
"6899x1850",0,3,0,0,3,0,0,1,46,0,4,4,0,2,0,0,0,0,6,7,0,3,0,0,2,31,13,0,0,0,0,0,0,9,0,0,29,5,2,0,0,0,11,0,0,0,0,21,7,0,0,0,0,0,0,0,24,0,0,0,17,0,0,0,0,3,0,0,0,0,0,0,0,11,0,0,2,0,0,0,0,0,0,0,0,0,2,2,0,0,18,6,0,4,0,1,1,3,0,4,0,6,0,20,0,0,0,1,3,0,1,0,10,1,2,0,0,0,0,0,0,0,0,3,0,0,0,0,0,0,0,0,122,0,0,9,0,0,0,0,0,0,6,0,0,0,0,1,0,0,0,0,0,0,0,0,0,18,0,0,1,0,0,0,19,0
"6905x5721",0,0,24,0,0,0,0,0,3,0,7,0,0,0,0,0,0,0,0,2,0,0,0,0,0,0,0,0,0,0,6,0,0,0,0,0,0,0,0,0,0,0,21,0,0,0,36,0,0,0,0,0,0,0,0,2,0,0,0,0,0,0,0,0,13,0,0,4,0,0,0,0,0,0,0,0,0,0,0,0,0,0,0,4,0,7,0,0,0,0,0,0,0,0,0,0,0,0,0,0,0,0,0,0,0,0,0,0,0,0,0,0,0,0,0,0,0,0,0,0,0,0,0,0,1,0,0,0,0,0,0,0,0,0,7,0,0,0,0,0,0,0,8,0,0,0,0,0,6,0,0,0,0,0,0,0,0,0,0,0,0,0,0,0,0,0
"6931x3426",0,0,0,0,1,0,0,0,10,0,10,0,13,0,0,0,0,0,18,4,0,0,0,0,2,0,4,0,1,0,0,0,0,0,0,0,0,0,0,4,0,0,25,0,0,0,12,0,0,0,0,0,2,0,0,0,3,0,0,4,5,0,0,0,0,0,0,4,0,0,0,0,0,0,21,0,0,0,11,0,0,0,0,0,0,0,3,0,0,0,0,1,0,1,1,0,18,2,0,3,0,6,0,0,0,0,0,0,0,0,0,0,0,0,0,0,0,0,0,0,0,0,0,0,0,10,0,14,3,0,0,0,73,0,0,6,0,0,0,0,0,0,6,0,0,0,0,0,0,0,0,0,0,0,0,0,5,0,0,0,2,0,0,2,0,0
"6922x5068",0,0,13,0,7,0,0,4,10,0,0,0,0,0,0,0,0,0,1,2,0,0,0,0,0,0,2,0,0,0,0,0,0,1,0,0,1,0,3,0,0,0,28,0,0,0,0,2,0,0,0,0,0,0,5,7,0,0,0,0,2,0,0,0,0,0,0,0,0,0,0,0,0,0,0,0,2,0,0,0,0,0,0,0,0,0,0,0,0,0,0,0,0,0,9,0,0,0,0,0,0,0,2,0,0,0,0,0,0,0,0,0,8,0,0,0,0,0,2,0,0,0,0,0,0,0,0,0,0,0,0,0,1,0,0,0,0,0,315,0,6,5,0,0,0,0,0,0,0,0,3,0,0,0,0,0,3,0,0,0,0,0,0,6,7,0
"6924x5254",0,1,12,0,0,0,0,2,1,0,15,0,0,0,0,0,0,0,0,0,0,0,0,0,0,0,0,0,0,0,9,0,0,1,0,0,0,0,0,7,0,0,2,0,0,0,0,0,6,0,0,0,0,0,3,0,0,0,0,0,0,0,5,0,0,0,0,0,0,0,0,0,0,2,0,1,0,0,0,0,0,0,0,0,0,0,0,0,0,0,0,0,0,0,0,0,0,0,1,0,0,0,0,20,0,0,2,0,0,0,0,0,0,0,0,0,0,0,5,0,0,5,0,0,0,0,0,0,0,0,0,0,35,0,0,2,0,2,3,0,0,0,8,0,0,0,0,5,0,0,0,0,0,0,0,0,0,0,0,0,0,0,0,0,2,0
"6918x6545",1,0,1,0,1,4,0,0,1,0,0,0,0,0,0,0,0,2,0,0,0,7,0,0,0,0,12,0,0,0,0,0,0,1,1,0,0,0,0,0,1,8,0,0,0,0,0,0,0,0,0,0,0,0,0,0,0,0,0,0,0,15,0,0,3,0,0,0,0,0,0,0,0,0,0,0,0,0,0,0,0,0,6,0,0,0,0,0,0,0,0,0,0,12,0,0,0,0,0,0,0,6,0,0,0,0,0,0,0,0,0,0,0,0,0,0,0,0,0,0,0,0,0,0,0,0,0,0,0,0,0,0,26,0,0,0,0,0,0,0,0,0,0,0,0,0,2,0,0,0,0,0,0,0,0,0,3,0,0,0,0,0,0,0,0,3
"6932x361",0,4,1,0,0,1,0,0,7,0,4,0,0,0,0,0,0,0,9,15,0,1,0,0,28,0,0,0,4,0,0,0,0,0,0,5,16,0,9,0,2,0,0,0,0,10,0,0,1,0,2,0,0,0,0,0,14,2,0,0,5,0,0,3,0,0,0,3,0,0,0,0,0,0,0,0,9,0,0,0,0,0,2,0,0,0,4,0,0,0,0,2,0,4,0,6,0,6,0,21,0,8,6,8,0,0,0,0,1,0,3,7,4,0,0,0,0,0,2,0,0,0,2,0,0,0,0,0,0,0,0,0,70,0,0,2,0,0,0,0,8,0,5,0,0,0,9,0,2,0,0,0,0,0,0,6,0,0,0,1,14,0,0,0,1,0
"6945x2735",2,5,38,0,2,3,0,0,61,0,5,1,0,0,0,0,2,0,9,11,0,5,0,0,11,1,1,0,0,2,0,0,0,15,0,1,2,0,0,2,2,0,42,0,0,5,1,0,2,1,1,0,0,0,0,0,19,0,0,0,15,0,0,0,6,0,0,2,0,0,0,0,0,2,0,0,6,0,2,0,0,0,7,4,4,4,4,0,0,0,0,0,0,3,4,5,23,0,0,8,0,13,5,2,0,0,1,0,1,0,0,0,0,4,6,3,0,0,0,0,0,0,0,0,0,0,0,0,0,0,0,0,106,4,0,13,0,0,0,0,7,0,3,0,0,0,2,3,1,0,1,0,0,0,0,1,0,3,0,0,20,0,9,1,29,0
"6961x4096",3,0,6,0,2,1,0,0,6,8,5,0,0,10,0,0,0,0,1,4,0,0,0,0,7,0,13,0,0,0,0,0,0,0,0,0,1,0,0,0,0,0,15,0,0,1,0,0,0,0,2,0,3,0,0,0,6,0,0,0,0,0,0,0,0,1,0,0,0,0,0,0,0,14,0,0,0,0,0,0,0,0,0,2,0,7,0,0,0,3,0,1,0,0,27,4,0,0,0,0,0,1,1,0,0,0,0,0,0,0,8,2,0,1,0,0,0,0,0,0,0,2,0,0,0,0,0,0,0,0,0,0,81,0,0,1,0,0,0,0,0,0,1,0,0,0,0,15,0,0,0,1,0,0,0,0,0,0,0,0,1,16,0,0,0,0
"6964x2485",0,0,0,1,1,0,0,2,13,0,3,0,0,0,0,0,0,0,1,10,0,0,0,6,0,0,0,0,0,0,0,0,0,0,0,2,0,0,0,8,0,0,8,0,0,0,7,0,0,0,0,0,0,0,0,0,0,0,0,0,0,0,0,0,0,0,0,0,0,0,0,0,0,8,0,0,1,0,0,0,0,0,0,0,0,0,0,0,0,0,0,0,0,0,0,0,9,0,0,0,0,0,0,2,0,0,0,0,0,0,0,2,1,0,0,0,0,0,0,0,0,0,0,0,0,0,0,0,0,0,0,0,39,0,0,0,0,0,0,0,0,0,0,0,0,0,0,0,0,0,0,0,0,0,0,0,0,0,0,0,0,0,0,0,10,0
"6972x1631",0,0,3,0,3,0,0,0,8,0,11,0,0,0,0,0,0,0,2,4,0,0,8,0,28,3,12,0,0,0,0,0,0,0,0,0,0,0,0,0,0,11,3,0,0,4,0,0,4,0,0,0,1,0,0,0,3,0,0,0,10,1,0,7,1,3,0,4,0,0,0,0,0,6,0,0,12,0,0,0,2,0,0,8,3,1,21,0,0,0,3,0,0,0,0,4,0,16,0,0,0,4,11,9,0,0,6,0,0,0,0,6,0,0,0,1,0,0,0,0,9,0,4,0,0,0,0,3,0,0,0,0,167,0,0,3,0,0,0,0,2,0,13,0,0,0,9,15,0,3,0,1,0,0,4,0,4,0,0,2,2,7,0,0,8,0
"6991x5422",0,0,2,0,0,0,0,4,3,0,6,0,0,0,0,0,0,0,0,0,0,0,0,0,0,0,0,1,0,0,0,0,0,0,0,0,1,0,0,0,0,3,0,0,0,0,0,0,0,0,0,0,0,0,0,0,3,0,0,0,0,0,0,0,0,0,0,0,0,0,0,0,0,0,0,0,0,0,0,0,0,0,0,0,0,0,0,0,0,0,0,24,0,0,0,11,0,12,0,0,0,0,0,0,0,0,0,0,0,0,0,0,0,0,0,0,0,0,0,0,0,0,0,0,0,0,0,0,0,0,0,0,25,0,0,3,0,0,0,0,0,0,1,0,0,0,0,0,0,0,0,0,0,0,0,0,0,7,0,0,0,0,0,0,3,0
"6982x980",0,0,13,0,0,0,0,1,29,8,1,1,1,0,0,0,0,0,1,11,0,0,0,0,0,0,0,0,0,0,0,0,0,2,0,0,0,0,0,0,0,23,7,0,0,0,0,0,6,0,0,0,0,0,13,0,8,0,0,0,0,0,0,0,1,0,0,2,0,0,0,0,0,0,0,0,1,0,0,0,0,0,13,2,0,0,4,0,0,0,1,0,0,1,0,1,0,0,0,0,0,2,2,0,0,0,0,0,0,0,4,2,0,0,0,0,0,0,0,0,0,0,0,0,0,0,0,0,0,0,0,0,17,0,0,0,0,0,0,0,0,0,2,0,0,0,2,0,0,0,0,3,0,0,0,0,0,0,0,0,0,0,0,8,9,0
"7008x4554",0,0,4,0,2,0,0,0,1,0,1,0,0,0,0,0,0,0,1,0,0,0,0,0,1,0,0,0,0,0,0,0,0,0,0,0,0,0,0,17,0,28,18,0,0,0,0,0,0,0,0,0,0,0,0,0,0,0,0,0,0,0,0,0,0,0,0,0,0,0,0,0,0,0,0,0,0,0,0,0,0,0,5,1,5,0,17,0,0,0,0,0,0,0,0,0,0,0,0,2,0,3,10,0,3,0,0,5,0,0,0,2,0,10,6,0,0,0,0,0,0,0,0,0,3,0,1,0,0,0,0,0,25,0,0,0,0,0,0,0,7,0,6,0,0,0,0,0,0,0,0,0,0,0,0,0,0,0,0,0,0,0,0,0,30,0
"7009x6175",0,0,9,0,9,1,0,0,0,0,1,0,0,0,6,0,0,0,0,1,0,0,0,0,1,5,0,0,0,0,0,0,0,0,0,0,30,0,8,0,0,0,9,0,0,0,0,6,1,0,2,0,0,0,29,2,0,0,0,0,7,0,0,0,0,0,0,6,0,0,1,0,0,0,0,0,0,0,5,0,0,0,0,0,0,0,0,0,0,0,0,2,0,0,12,0,0,0,3,0,0,5,26,0,0,0,2,9,1,0,2,11,0,0,5,0,0,0,0,0,0,0,0,0,0,0,1,0,0,0,0,0,31,0,0,0,0,0,0,0,0,0,1,1,0,0,0,0,0,0,0,3,0,0,0,0,2,0,0,0,0,0,2,2,2,1
"7024x4770",0,0,1,0,0,0,0,0,16,4,12,9,0,0,0,0,0,0,3,10,0,0,0,0,1,0,0,0,0,3,0,0,0,0,0,0,0,0,0,0,0,9,11,0,2,0,0,0,5,0,0,0,0,0,2,0,3,0,0,1,0,0,0,0,0,0,0,1,0,0,0,0,0,0,1,0,0,0,4,0,0,1,0,1,0,0,13,0,0,0,0,4,0,0,7,0,7,0,9,0,0,9,0,8,0,0,0,0,0,0,5,1,0,0,14,0,0,0,0,0,0,0,2,0,0,0,0,0,0,0,0,0,51,0,0,3,0,0,0,0,1,0,1,0,0,0,0,0,0,0,0,2,0,0,8,4,0,0,0,1,8,1,2,0,3,3
"7050x5272",0,0,52,0,0,0,0,0,25,0,21,0,0,1,0,1,0,0,0,7,0,6,0,0,10,1,0,0,8,0,12,0,1,15,0,0,0,0,2,0,0,0,32,0,0,3,0,14,0,0,0,0,0,0,0,0,3,0,0,0,2,0,0,0,1,0,1,4,0,0,0,0,0,17,0,0,0,0,0,0,3,0,0,0,9,0,13,0,0,0,0,0,0,0,2,21,0,0,4,0,0,2,1,0,0,0,0,0,0,0,2,20,0,0,2,0,0,0,5,0,0,0,0,0,0,2,0,0,0,0,0,0,135,25,5,21,0,2,1,0,0,0,39,0,0,0,0,8,0,0,0,3,0,0,0,0,0,8,8,2,3,0,0,0,20,0
"7033x1292",0,0,17,1,0,0,0,7,4,0,10,0,0,0,0,0,0,0,0,0,0,0,0,0,0,0,0,0,0,0,0,0,0,2,0,0,0,0,0,0,0,2,0,0,1,0,0,0,3,0,0,0,0,0,0,0,0,0,0,0,0,9,0,0,0,0,0,1,0,0,0,0,0,0,0,0,0,0,0,0,0,0,0,0,8,0,0,0,0,0,0,0,0,0,0,0,0,0,0,12,0,0,1,0,0,0,0,0,12,0,0,2,0,0,0,0,0,0,0,0,0,0,0,0,0,0,0,0,0,0,0,1,8,0,0,0,0,0,0,0,0,0,0,0,0,0,0,0,0,0,0,0,0,0,0,0,0,0,0,0,0,2,0,0,0,0
"7050x4897",0,0,7,0,0,1,0,0,10,0,11,0,0,0,0,0,0,0,8,7,0,0,0,0,0,0,3,0,0,0,0,0,0,0,0,0,0,0,0,0,0,0,16,0,0,0,0,0,1,0,0,0,0,0,0,0,5,0,0,0,8,0,0,0,0,0,0,0,0,0,0,0,0,0,0,0,1,0,3,0,0,0,5,0,0,0,3,0,0,3,0,5,0,1,6,0,0,1,0,0,0,1,0,3,0,0,0,0,0,0,0,0,0,0,0,0,0,0,0,0,0,0,1,0,0,0,0,0,0,0,0,0,29,0,0,12,0,0,0,1,0,0,0,0,0,0,0,0,0,0,0,0,0,0,0,0,0,0,0,0,0,0,0,0,1,0
"7042x6403",0,2,20,4,10,0,0,0,16,0,0,0,0,5,0,2,0,0,7,5,0,1,0,0,0,9,0,0,0,0,19,0,0,0,0,0,99,0,1,0,0,0,27,0,0,0,0,0,1,0,2,1,0,0,4,10,2,0,0,0,5,0,0,0,0,0,0,6,0,0,0,0,1,1,0,0,1,0,1,0,0,0,0,0,0,0,3,5,0,0,0,12,0,5,0,0,3,0,7,1,0,8,39,1,0,0,0,0,0,0,6,7,14,2,0,0,0,0,0,0,0,0,0,0,1,0,0,0,0,0,0,0,40,0,0,2,0,0,6,8,9,0,9,0,0,0,0,6,0,0,0,5,0,0,0,0,0,2,0,0,0,0,0,4,0,0
"7048x4643",0,0,0,0,0,0,0,0,0,5,16,0,0,0,0,0,0,0,1,3,0,0,0,0,0,9,2,0,0,0,1,0,0,0,0,0,0,0,0,11,0,5,6,0,0,0,0,0,0,0,0,0,0,0,0,0,5,0,0,0,0,0,0,0,0,0,0,1,0,0,0,0,0,0,0,0,2,0,4,0,0,0,0,0,0,0,0,0,0,0,0,1,0,0,0,0,10,0,0,3,2,2,1,12,3,5,0,0,2,0,6,7,0,0,1,0,0,0,0,0,0,0,0,0,0,0,0,0,0,0,0,0,46,7,0,0,0,0,0,0,22,0,5,0,0,0,0,4,0,0,0,0,0,0,17,2,0,0,0,1,21,6,8,1,22,0
"7045x439",1,7,29,0,0,0,1,9,16,8,1,0,0,1,1,0,0,0,0,7,0,0,0,0,81,2,0,0,4,0,0,0,0,0,0,12,0,0,0,4,0,1,23,0,0,11,0,0,0,0,0,0,0,0,0,0,0,0,0,0,0,0,0,16,6,0,0,3,0,0,0,0,0,6,1,0,8,0,0,0,0,0,0,1,0,5,32,0,1,0,0,0,0,6,0,5,0,4,2,25,0,2,0,51,0,0,0,0,1,0,5,0,0,0,4,0,0,0,0,0,0,0,2,0,0,0,0,0,0,0,0,0,125,1,0,0,0,0,0,0,2,3,31,0,0,0,0,0,0,0,0,0,0,0,3,0,0,0,0,2,2,12,0,0,1,0
"7038x3002",0,0,0,0,1,3,0,0,22,2,11,3,0,0,0,0,0,0,6,4,0,2,0,0,10,0,0,0,0,0,2,0,0,1,0,0,43,4,17,3,0,0,14,0,0,13,0,0,0,9,1,0,0,0,0,0,14,0,0,0,12,0,0,0,18,0,0,1,0,0,0,0,0,4,0,0,3,0,0,0,0,0,0,3,2,0,16,9,0,0,10,0,0,7,6,9,8,0,0,6,0,16,3,16,0,0,0,0,0,0,6,11,0,0,0,0,0,0,0,0,0,0,0,0,0,0,1,0,0,0,0,0,139,6,0,3,0,0,2,0,0,0,22,0,0,0,2,5,0,0,0,0,7,0,3,0,2,1,0,0,4,0,11,0,9,0
"7037x147",0,5,24,0,0,0,0,12,9,0,10,0,0,0,0,0,0,0,2,32,0,0,1,0,53,8,0,0,0,0,5,0,0,0,0,0,0,0,4,0,0,0,5,0,0,0,0,0,7,0,0,0,0,0,0,0,4,0,0,0,0,0,0,0,0,0,0,4,0,0,0,0,0,0,0,0,0,0,0,0,0,1,0,0,7,6,24,0,0,0,0,0,0,7,18,2,0,11,0,3,0,3,0,13,0,0,0,0,0,0,4,23,11,0,0,0,0,0,2,0,9,0,3,0,0,0,0,0,0,0,0,8,101,0,0,1,0,0,0,0,0,0,13,0,0,0,0,0,0,0,0,0,0,0,0,1,1,6,0,0,2,0,0,3,14,0
"7060x3565",0,0,9,0,0,0,0,0,13,0,11,0,16,4,0,0,0,0,0,0,0,0,0,0,2,0,0,0,3,1,1,0,0,12,1,0,0,0,0,0,0,0,21,0,0,0,9,0,7,0,0,0,0,0,0,0,0,0,0,0,0,0,0,0,2,0,0,0,0,0,0,6,0,0,57,0,0,0,0,1,0,0,3,2,0,1,0,0,0,0,0,0,0,0,0,1,0,0,0,2,0,0,0,0,0,0,0,0,0,0,0,0,1,0,0,0,0,0,0,0,0,1,0,0,0,0,0,0,0,0,0,0,0,0,0,0,1,0,0,0,0,0,0,0,0,0,0,0,1,0,0,0,0,0,0,0,0,0,0,0,13,0,0,1,0,0
"7103x890",13,1,28,0,4,0,0,0,60,0,5,0,1,0,0,0,0,0,1,2,0,0,0,0,1,0,0,4,0,0,0,0,0,22,0,0,19,0,2,0,5,0,7,0,0,0,0,14,1,0,0,0,3,0,53,17,4,0,0,0,6,0,0,0,0,0,0,1,0,0,2,0,0,0,0,0,1,0,0,0,0,0,5,2,0,0,1,0,0,0,2,0,0,0,1,0,0,0,0,0,0,4,0,1,0,0,0,0,0,0,4,3,0,0,6,0,0,0,0,0,0,14,0,0,0,0,0,0,0,0,0,0,7,12,0,0,10,0,0,0,4,0,10,0,0,0,25,0,0,0,3,0,0,0,0,0,0,0,0,0,0,0,2,12,5,0
"7097x2752",1,17,28,0,2,4,0,1,49,1,49,91,1,3,0,0,0,0,10,10,0,11,0,0,18,0,0,0,8,6,2,0,1,6,0,0,38,0,33,3,0,9,78,0,0,4,1,46,23,1,0,0,3,0,1,0,40,0,0,0,65,0,0,0,0,0,0,4,0,0,0,0,0,3,0,0,0,0,1,0,0,0,14,0,13,4,4,0,0,0,3,0,0,4,10,6,1,0,1,13,4,18,1,15,0,0,0,9,3,0,2,4,4,0,6,0,0,0,0,0,0,0,6,15,0,2,0,3,3,0,0,0,136,4,0,12,17,0,0,0,22,0,11,4,1,0,6,0,3,0,0,1,19,0,45,1,3,26,0,0,12,0,0,2,13,0
"7069x3981",6,0,4,0,3,3,0,0,19,0,6,0,2,0,0,0,0,0,3,14,0,0,0,0,0,3,0,0,2,0,0,0,0,1,0,0,6,0,0,0,0,0,16,0,0,0,0,0,0,0,0,0,0,0,0,0,9,0,0,0,0,0,0,0,0,4,0,0,0,0,0,0,0,1,0,1,0,0,0,0,0,0,3,0,13,0,3,0,0,0,0,2,0,1,12,1,0,0,0,0,0,0,17,2,0,0,0,0,0,0,1,1,0,0,0,0,0,0,2,0,0,0,0,0,0,2,0,10,1,0,0,1,51,0,0,6,0,0,10,0,1,0,6,0,0,0,10,0,6,0,0,1,0,0,0,0,0,0,0,0,0,0,0,16,0,1
"7120x6537",1,1,25,0,0,3,0,1,19,0,10,17,0,0,0,2,0,0,2,5,0,1,0,0,1,15,5,0,0,0,0,0,9,4,0,1,22,0,5,4,0,0,13,0,0,2,0,0,5,0,3,0,0,0,0,0,4,0,1,0,35,0,0,0,0,0,0,1,0,0,0,0,1,0,1,0,1,0,0,0,0,0,0,0,5,0,3,0,0,0,5,0,0,1,0,6,0,0,4,4,0,12,4,6,0,0,2,0,0,0,24,1,0,5,0,0,0,0,0,0,0,0,0,0,0,2,0,0,0,0,0,0,148,0,0,29,2,0,0,0,6,0,1,0,0,0,0,2,2,0,2,0,0,0,1,0,0,5,0,0,1,0,0,4,1,0
"7075x3659",0,0,25,0,0,0,0,0,9,0,13,0,17,0,0,0,0,0,0,0,0,0,0,0,0,0,0,0,2,0,23,0,0,0,1,0,0,0,0,0,0,2,11,0,0,0,4,0,1,0,0,0,0,0,0,0,0,0,0,0,0,0,0,0,0,0,0,0,0,0,0,0,0,0,28,0,11,0,1,5,0,0,0,2,0,0,0,0,0,0,0,1,0,0,0,0,0,0,0,0,0,0,0,0,0,0,9,0,0,0,0,0,0,0,0,0,0,0,0,0,0,0,0,0,0,0,0,0,0,0,0,0,1,0,0,0,1,0,2,0,0,0,3,0,0,0,0,0,0,0,0,0,0,0,0,0,0,0,0,0,16,0,0,0,0,0
"7118x6084",0,0,19,0,3,3,0,0,27,0,23,0,0,0,0,2,0,0,2,16,0,0,0,0,0,1,0,0,5,0,0,0,0,0,0,0,53,0,2,0,0,4,6,0,0,0,0,8,5,0,0,0,0,0,132,29,0,0,0,0,4,0,0,0,0,0,0,11,0,1,0,0,0,0,0,0,5,0,0,0,0,0,0,0,0,6,0,0,0,0,0,0,0,0,18,0,0,0,2,0,4,0,11,0,0,0,6,0,0,0,4,25,0,0,4,0,0,0,0,0,0,0,0,0,0,1,0,0,0,0,0,6,38,3,0,0,0,0,26,1,6,0,0,2,0,0,0,1,0,0,1,0,0,0,0,0,0,0,0,0,0,0,4,38,0,4
"7130x1884",0,3,0,0,3,0,0,0,31,0,8,0,1,0,0,0,0,0,4,9,0,0,2,0,24,0,0,0,0,0,0,0,0,16,11,0,18,0,0,0,0,0,21,0,10,0,0,0,0,0,0,0,0,0,0,0,21,0,0,0,5,0,0,0,1,0,0,9,0,0,0,0,0,8,0,0,0,2,0,0,3,0,9,4,0,5,5,0,0,0,2,0,0,0,0,10,0,13,1,5,0,0,0,9,0,0,0,0,0,0,11,20,5,0,4,0,0,0,7,0,0,0,2,0,0,0,0,0,0,0,0,0,103,12,0,0,0,0,0,0,0,0,10,0,0,0,6,8,0,0,0,1,0,0,7,0,0,0,0,1,1,0,1,1,5,0
"7143x277",0,0,21,1,0,3,0,9,6,0,3,3,0,0,0,0,3,0,1,24,0,0,0,0,41,0,0,0,0,0,0,0,16,0,0,0,12,0,26,0,0,0,27,0,0,0,0,0,23,0,0,0,0,1,0,0,5,0,0,0,7,1,0,0,0,0,1,7,0,0,0,0,16,3,0,0,4,0,0,0,0,0,0,0,1,11,9,0,0,0,0,4,0,0,17,1,3,1,5,3,0,1,25,17,0,0,0,0,2,0,4,7,1,0,16,0,0,0,0,0,0,0,0,0,0,0,0,0,0,0,0,0,46,3,0,8,0,0,1,0,5,0,7,0,0,0,0,0,0,0,0,0,0,0,0,0,0,0,0,0,6,6,0,0,1,0
"7149x4408",0,0,32,0,8,2,0,0,15,0,2,0,0,8,1,0,0,0,8,3,0,1,19,0,0,5,3,0,0,0,0,0,0,0,6,0,0,0,0,0,0,2,23,0,0,2,0,0,0,1,1,1,0,0,0,0,12,0,0,0,3,0,0,0,1,0,0,9,0,2,0,0,0,7,0,0,0,0,0,0,0,0,0,0,0,13,0,0,0,2,8,9,0,0,17,4,0,12,0,9,0,1,59,10,0,0,0,0,1,0,15,14,0,0,0,0,0,0,0,0,0,0,0,0,0,0,0,1,0,0,0,7,113,16,0,1,0,0,2,0,6,0,0,0,0,0,0,4,0,0,0,4,0,0,1,0,5,0,0,0,1,1,12,1,1,0
"7202x5467",2,0,14,0,1,0,0,15,35,0,23,12,0,0,0,1,0,0,0,11,0,8,3,0,32,0,0,2,5,0,0,0,0,0,0,0,99,0,41,0,0,13,6,0,0,6,0,52,10,0,1,0,0,0,0,0,23,0,0,0,32,0,0,0,0,0,0,3,0,0,0,0,0,0,0,1,1,0,0,0,0,2,4,0,14,0,9,7,0,0,7,3,0,0,7,0,0,0,0,34,0,18,0,20,0,0,0,0,0,0,36,27,5,7,1,0,0,0,0,1,0,0,0,0,0,0,0,0,0,0,0,0,109,4,0,11,0,0,6,0,1,0,11,0,0,0,0,0,0,0,0,0,0,0,0,6,0,0,0,0,17,0,0,6,15,0
"7216x4991",0,0,4,0,4,3,0,6,19,0,3,0,0,0,0,0,0,0,0,1,0,0,0,0,0,0,0,1,0,0,0,0,0,1,0,0,3,0,0,0,0,3,28,0,0,0,5,0,0,0,0,0,0,0,0,0,6,0,0,0,0,0,0,0,0,0,0,3,0,0,0,0,0,2,0,0,2,0,1,0,0,0,4,0,1,0,2,0,0,0,0,0,0,0,3,0,0,0,0,9,0,3,52,7,0,0,0,0,2,0,1,21,1,0,6,0,0,0,0,0,0,1,0,0,1,0,0,0,7,0,0,14,63,3,0,0,0,0,0,0,3,0,0,2,0,0,0,0,1,0,0,0,9,0,0,0,0,0,0,0,1,0,1,0,0,0
"7243x6120",0,1,18,0,4,1,1,1,24,0,6,0,0,0,0,0,0,0,8,3,0,0,0,0,0,6,0,1,13,2,1,0,0,1,0,0,129,0,45,1,0,0,15,0,0,0,0,23,5,0,0,1,0,0,10,7,0,0,0,0,33,0,0,0,0,0,0,0,0,0,0,0,0,0,0,0,0,0,0,0,0,0,0,0,0,0,0,0,0,0,0,2,0,0,6,1,8,0,0,0,0,12,38,21,0,1,0,0,0,0,7,20,0,0,0,0,0,0,0,0,0,0,0,0,0,0,0,1,0,0,0,22,98,10,0,0,0,0,2,0,2,0,0,3,0,0,0,6,0,0,1,0,0,0,0,0,2,4,0,0,0,0,0,13,0,3
"7249x499",0,0,0,0,1,0,0,0,6,0,5,0,4,0,0,0,0,0,1,1,0,0,0,0,0,6,9,1,0,0,0,0,0,13,0,0,20,0,0,0,1,4,28,0,0,0,0,43,6,0,2,0,0,0,32,16,0,0,1,0,0,0,2,16,1,0,1,0,0,0,0,0,0,0,0,0,0,0,0,0,0,0,0,1,0,0,0,0,0,0,1,0,0,3,10,15,0,0,1,10,0,0,0,2,0,0,0,0,0,10,17,17,0,6,4,0,0,0,0,0,0,0,5,0,0,0,3,0,0,0,0,0,1,15,0,3,0,0,0,0,14,2,7,1,0,0,0,0,0,0,0,0,0,0,0,0,0,0,195,0,0,0,0,10,0,0
"7224x3868",2,5,1,0,1,1,0,0,5,9,20,0,0,0,0,0,0,10,8,5,0,0,0,0,22,0,0,0,12,0,0,2,1,0,0,0,25,0,5,0,0,0,11,0,0,0,0,3,0,0,0,0,0,0,39,1,3,0,0,0,0,0,0,0,1,0,0,3,0,0,0,0,0,0,1,1,1,0,4,1,0,0,0,0,0,0,6,0,0,0,0,0,0,0,0,0,0,1,2,0,0,5,0,28,0,0,0,0,0,0,0,0,0,0,9,0,0,0,0,0,0,0,0,0,0,0,0,0,0,0,0,0,30,3,0,0,0,0,0,0,0,0,9,0,0,0,0,1,0,0,3,0,0,0,2,0,1,0,1,0,0,0,0,18,0,0
"7250x3638",0,0,26,0,1,0,0,1,0,0,12,0,64,0,0,0,0,0,0,6,0,0,0,0,25,0,0,0,1,0,42,0,0,0,0,0,0,0,0,5,0,0,0,0,0,2,0,0,0,0,0,0,12,0,0,0,0,0,0,0,5,0,0,0,0,0,0,0,0,0,0,0,0,0,3,0,0,0,0,4,0,0,0,0,20,0,0,0,0,0,0,0,0,0,0,1,0,2,0,5,0,0,1,0,0,2,5,0,0,0,0,7,0,0,0,0,0,0,0,0,0,0,0,0,0,0,0,0,0,0,0,0,2,0,0,1,0,0,0,0,0,0,0,0,0,0,0,0,0,0,0,0,0,0,0,0,0,0,0,0,0,5,0,0,0,0
"7232x4642",1,0,0,0,0,0,0,0,9,0,1,0,0,0,0,0,0,0,4,0,0,0,0,0,2,0,0,0,5,0,3,0,0,3,0,0,0,0,0,0,0,0,4,0,0,0,3,0,0,0,0,0,0,0,0,0,0,0,0,0,0,0,0,0,0,0,0,1,0,0,0,0,0,0,0,0,0,0,1,0,0,0,0,0,0,5,2,0,0,0,0,0,0,0,0,0,3,0,0,0,0,0,0,15,0,0,0,0,0,0,0,6,0,0,0,0,0,0,1,0,0,0,0,0,0,0,1,0,0,0,0,0,23,3,0,0,0,0,0,0,1,0,14,0,0,0,1,0,0,0,0,0,0,0,2,0,0,0,0,0,0,0,0,0,0,0
"7242x4827",0,0,6,0,0,0,0,0,1,0,0,0,0,1,31,0,0,0,3,1,0,0,2,0,3,2,0,0,0,0,9,0,0,0,0,0,21,0,11,0,0,0,26,0,0,0,11,0,0,0,0,0,0,0,0,0,13,0,0,0,7,0,0,0,0,0,0,5,0,0,0,0,1,0,3,0,0,0,2,0,1,0,2,0,0,0,7,4,0,0,15,0,0,1,0,0,0,3,0,0,0,6,6,0,0,0,0,2,0,0,0,17,8,3,0,0,0,0,0,0,0,0,0,0,0,0,0,0,0,0,0,0,94,0,0,9,0,0,0,0,0,0,0,0,0,0,11,0,3,0,0,0,0,0,0,0,0,0,0,0,9,0,0,0,10,0
"7238x977",0,1,28,0,3,0,0,2,21,0,8,0,0,5,0,0,2,0,2,0,0,0,0,0,5,0,0,0,0,0,5,0,0,3,0,0,7,0,2,0,0,0,12,0,0,0,10,1,1,0,0,0,0,0,2,0,6,0,0,0,1,0,0,0,0,0,0,0,0,0,0,2,0,0,0,0,0,0,3,0,0,0,0,0,0,0,2,0,0,0,0,0,0,0,0,0,0,0,0,0,0,0,0,3,0,0,0,2,0,0,4,6,0,0,0,0,0,0,0,0,0,5,0,0,0,5,0,0,0,0,0,0,32,0,0,0,0,0,0,0,2,0,1,0,0,0,0,0,0,0,3,0,0,0,0,0,0,0,0,1,0,0,0,0,14,0
"7259x2064",0,0,21,0,3,1,0,1,38,0,15,0,1,0,7,2,0,0,0,6,0,0,0,0,0,5,0,0,0,0,6,0,0,15,1,0,0,0,0,0,0,0,8,0,0,0,0,3,0,0,1,0,0,0,86,28,0,0,0,0,20,0,0,4,1,0,0,5,0,0,1,0,0,0,0,0,0,0,0,0,0,0,0,0,0,0,0,0,5,0,0,0,0,0,3,1,0,2,4,1,0,0,0,5,3,0,0,0,0,0,2,27,12,0,4,2,0,0,0,0,0,0,0,0,0,0,11,0,0,0,0,13,5,6,0,0,0,0,4,0,4,0,2,0,0,0,0,0,4,0,0,0,0,0,0,0,0,11,2,0,1,0,4,59,0,0
"7249x3429",0,0,0,0,0,0,0,0,0,0,1,0,33,0,0,0,0,0,1,0,0,0,0,0,0,0,0,0,0,0,2,0,10,0,0,0,0,0,0,0,0,0,5,0,0,0,0,0,0,0,0,1,0,0,0,0,0,0,0,0,0,0,0,5,0,0,0,0,0,0,0,0,1,0,40,0,0,0,0,0,0,0,0,0,0,0,0,0,0,0,0,0,0,0,0,6,0,0,0,2,0,0,0,0,0,0,5,0,0,0,0,0,0,0,0,0,0,0,0,0,0,0,0,0,0,0,0,0,0,0,0,0,0,0,0,0,0,0,0,0,0,0,0,0,0,0,0,0,0,0,0,0,0,0,0,0,0,0,0,0,0,0,4,0,0,0
"7212x5906",0,3,5,0,10,3,0,0,22,0,2,0,0,7,0,0,0,0,6,0,0,0,9,0,3,8,0,0,0,0,0,0,0,3,0,8,8,0,0,6,0,0,13,0,0,0,0,17,5,0,0,3,0,0,3,0,2,0,0,0,7,0,0,14,0,0,0,3,0,0,2,3,1,0,0,0,0,0,0,1,0,0,11,0,6,1,0,0,0,0,0,4,0,0,37,12,2,2,0,1,0,9,108,8,0,0,12,4,0,0,1,1,6,0,8,0,0,0,0,0,0,0,0,0,0,1,0,0,2,0,0,0,57,7,0,2,0,0,3,0,2,0,0,3,6,0,0,15,0,18,0,1,15,0,0,0,0,7,0,0,0,0,0,37,0,4
"7252x4552",1,0,1,0,0,0,0,0,6,0,6,0,0,1,0,0,0,0,3,5,0,0,0,0,11,1,0,0,5,0,0,0,0,12,0,0,5,0,0,0,0,0,0,0,0,0,0,0,5,0,0,0,0,0,0,1,0,0,0,0,0,0,0,1,1,0,0,1,0,0,0,0,0,0,0,0,0,0,0,0,0,0,5,2,0,4,5,0,0,0,0,9,0,0,17,0,9,1,0,1,0,4,0,22,0,0,6,0,1,0,0,1,0,0,0,0,0,0,0,0,0,0,0,1,0,0,1,0,0,0,0,2,35,2,0,0,0,0,3,0,0,0,8,0,0,0,0,1,4,0,0,0,0,0,2,0,0,0,0,0,7,3,0,0,0,0
"7280x1467",0,0,1,0,4,0,0,0,0,0,0,0,1,0,12,0,0,0,0,1,0,0,0,0,0,0,0,0,0,0,0,0,0,0,0,0,0,0,0,0,0,0,0,0,0,1,0,0,1,0,0,0,0,0,0,0,16,0,0,0,0,0,0,0,0,0,0,0,0,0,0,0,0,0,0,0,0,0,8,0,0,0,7,0,0,0,0,0,8,0,0,0,0,0,0,3,0,2,0,0,0,1,0,8,1,0,0,0,0,0,0,0,0,0,0,1,0,0,0,0,0,0,0,0,0,0,0,0,0,0,0,0,22,0,0,1,0,0,0,0,0,0,0,0,0,0,0,10,0,0,5,0,2,0,0,0,0,0,0,0,0,0,0,6,3,0
"7338x188",0,0,7,0,0,0,0,0,10,0,0,0,0,0,0,0,0,0,0,0,0,0,0,0,0,0,0,0,0,0,2,0,0,0,0,0,0,0,0,0,0,0,7,0,1,0,14,0,0,0,0,0,0,0,4,0,0,0,0,0,0,0,0,0,0,0,0,2,0,0,0,0,0,0,0,0,0,0,0,0,0,0,0,0,0,0,0,0,0,0,0,0,0,2,0,0,0,0,0,0,0,0,0,0,0,0,11,0,0,0,9,2,19,0,1,0,0,0,0,0,0,0,0,0,0,0,0,0,0,0,0,0,1,0,0,0,0,0,2,0,1,0,1,0,0,0,0,0,0,0,0,0,0,0,0,0,0,1,0,0,0,0,0,0,6,0
"7314x1699",0,0,8,0,0,0,0,7,10,0,14,0,0,0,0,0,0,0,0,0,0,0,1,0,0,0,0,0,0,0,0,0,0,6,11,0,0,0,0,1,0,0,0,0,0,0,0,0,0,0,0,0,0,0,0,0,0,0,0,0,0,0,0,0,0,0,0,0,0,0,0,0,0,0,0,0,0,0,0,0,0,0,0,0,0,0,0,0,0,0,0,0,0,6,0,0,0,5,0,0,0,0,0,0,0,0,0,0,0,0,37,2,0,0,0,0,0,0,0,0,0,0,0,0,0,0,0,0,0,0,0,0,0,5,0,0,0,0,0,0,0,0,0,0,0,0,0,0,0,0,0,0,0,0,1,0,0,0,0,0,0,0,0,0,0,0
"7332x3404",0,0,0,0,0,0,0,0,0,0,8,0,13,0,0,0,0,0,0,0,0,0,0,0,0,0,0,0,0,0,0,0,0,0,0,0,3,0,0,0,0,0,0,0,0,0,0,0,0,0,0,0,0,0,13,0,0,0,0,0,0,0,0,0,0,0,0,0,0,0,0,0,0,0,33,0,0,0,0,2,0,0,0,1,0,0,0,0,0,0,0,0,0,0,9,0,0,0,0,0,0,0,0,0,0,0,9,1,0,0,0,0,15,0,0,0,0,0,0,0,0,0,0,0,0,0,0,0,0,0,0,0,0,0,0,0,0,1,1,0,0,0,0,0,0,0,0,0,0,0,0,0,0,0,0,0,0,0,0,0,0,0,0,0,0,0
"7342x2872",0,0,4,0,0,2,0,0,10,0,25,0,0,0,0,0,0,0,1,0,0,0,0,0,0,0,0,0,0,0,0,0,0,0,0,0,0,0,0,0,11,0,10,0,0,0,0,0,0,0,1,0,0,0,61,18,1,0,0,1,0,0,0,12,3,0,0,14,0,0,1,0,0,0,0,0,1,0,0,0,0,0,0,0,4,0,0,0,0,0,0,0,0,3,1,0,7,3,0,11,0,2,0,31,0,0,1,0,0,0,26,5,11,5,0,0,0,0,0,0,0,2,1,0,0,0,0,0,0,0,0,9,4,6,6,7,0,0,0,0,3,0,0,6,0,0,0,0,0,0,2,0,0,0,0,0,10,1,0,0,0,0,0,35,3,0
"7353x5189",1,0,44,0,0,1,0,6,19,0,14,0,2,1,0,1,0,0,3,22,0,2,0,0,25,14,0,1,7,0,0,0,0,0,0,1,0,0,2,3,22,10,43,0,0,19,0,0,7,0,0,1,0,0,0,0,12,0,0,0,5,0,0,0,0,0,0,11,0,0,0,1,0,3,0,0,13,0,0,1,0,0,0,0,0,0,9,4,0,0,1,4,0,4,8,8,0,0,2,4,0,0,0,16,0,0,0,0,1,0,52,2,0,0,2,0,0,0,0,0,0,0,0,15,0,0,2,0,0,0,0,7,133,3,0,3,0,0,0,12,4,0,38,0,0,0,0,0,0,0,1,0,5,0,1,0,11,6,0,0,6,0,2,0,20,0
"7385x864",2,0,5,2,0,0,2,2,51,0,16,6,3,0,1,0,0,0,3,4,0,0,0,0,8,0,0,18,0,6,3,0,0,8,0,0,29,0,0,0,8,0,21,0,0,0,0,22,1,0,0,0,0,2,0,0,2,0,0,0,15,0,0,0,0,0,0,1,0,0,0,0,0,0,0,0,3,0,1,0,0,0,1,0,0,0,1,0,3,1,0,15,0,2,15,0,8,0,0,3,1,0,9,14,6,0,0,5,1,0,13,10,0,0,0,0,0,0,0,0,0,0,0,0,0,0,0,0,0,0,0,0,56,10,0,0,0,0,0,0,3,0,0,13,0,0,0,0,6,0,0,0,0,0,14,0,0,2,0,11,0,0,6,7,7,0
"7396x4773",0,0,5,0,0,2,0,0,43,0,0,0,0,6,0,0,0,0,1,0,0,0,0,0,0,0,0,0,0,0,0,3,9,0,0,1,0,0,0,5,1,1,29,0,0,0,0,0,1,0,1,1,0,0,101,41,9,0,0,0,29,0,0,4,0,0,0,0,0,0,0,0,3,0,0,0,0,0,0,1,0,0,0,0,0,0,0,0,0,0,0,0,0,7,0,11,0,6,0,20,1,14,0,1,0,0,3,0,0,0,4,1,0,0,0,3,0,0,0,0,0,0,1,0,0,0,0,0,0,0,0,0,27,0,0,0,0,0,0,0,6,0,7,0,0,0,1,0,0,0,2,0,0,0,0,0,0,6,0,0,2,0,1,26,6,0
"7421x5744",0,0,24,1,0,1,0,0,8,0,10,0,0,12,6,0,0,0,1,1,0,0,0,0,0,0,0,0,0,0,0,0,0,1,0,2,1,0,0,0,0,3,1,0,0,0,0,0,0,0,0,0,0,0,1,0,12,0,0,0,11,6,0,0,0,0,0,3,0,0,0,0,17,0,0,0,3,0,4,0,0,0,0,1,0,0,0,0,0,0,2,11,0,1,0,0,4,0,0,1,0,0,0,1,0,0,0,0,0,0,6,0,0,0,0,0,0,0,0,0,0,0,0,0,0,0,0,0,0,0,0,0,33,7,0,4,0,0,0,0,5,0,0,0,0,0,0,1,0,0,0,0,0,0,0,0,0,0,0,0,0,4,0,4,13,0
"7422x697",2,1,16,2,1,0,0,0,15,6,14,1,0,0,0,0,0,0,0,0,0,0,7,0,0,0,0,1,0,0,0,0,5,20,0,8,0,0,0,0,0,28,10,0,0,0,0,4,0,0,0,0,0,0,36,4,0,0,0,0,7,0,0,0,0,0,0,0,0,0,1,0,0,0,0,0,2,0,0,0,0,0,0,0,0,0,0,0,1,0,0,13,0,2,0,0,0,0,0,0,0,0,0,0,1,0,0,0,0,0,0,6,0,13,8,0,0,0,0,0,0,0,1,0,0,0,0,0,0,0,0,0,6,1,0,0,3,0,0,0,1,0,0,0,0,0,0,0,0,0,0,0,16,0,0,0,0,5,0,1,10,0,0,30,2,0
"7423x3354",0,0,0,0,0,0,0,0,17,0,19,0,14,0,0,0,0,0,0,0,0,0,0,0,0,0,0,0,2,0,13,0,0,13,0,0,0,0,0,0,0,0,0,0,0,0,0,0,0,0,0,0,0,0,0,0,0,0,0,0,0,0,0,0,4,0,0,0,0,0,0,0,0,0,51,0,2,0,0,1,0,0,0,6,0,0,0,0,0,0,0,4,0,0,6,0,0,0,0,4,0,0,0,0,0,0,0,0,0,0,0,2,0,0,0,0,0,0,0,0,0,0,0,0,0,0,0,0,0,0,0,0,0,0,1,0,0,11,0,0,0,0,0,0,0,0,0,0,0,0,0,0,0,0,0,0,0,0,0,0,0,0,0,0,1,0
"7414x2226",1,11,28,0,0,0,0,0,26,0,20,14,0,2,0,0,0,0,0,6,0,0,0,0,10,6,0,0,9,0,0,4,0,1,0,3,6,0,16,0,0,9,4,0,0,0,0,17,22,0,0,0,1,0,10,2,1,0,0,0,53,5,0,0,0,0,0,6,0,0,0,0,0,0,0,0,0,0,0,2,0,0,0,0,0,0,18,0,0,0,10,0,0,2,0,1,5,0,0,2,0,13,0,6,0,0,1,3,0,0,15,1,3,0,0,0,0,0,1,0,0,0,0,0,0,0,1,2,0,0,0,0,32,10,6,0,2,0,0,1,14,0,10,0,0,0,0,0,3,0,0,0,0,0,0,0,0,9,0,0,1,0,0,15,21,0
"7414x4227",0,6,0,0,2,1,0,0,68,0,10,19,0,0,0,1,0,0,3,3,0,8,0,0,0,1,0,2,0,0,0,0,0,1,0,0,0,0,0,0,0,0,8,0,0,1,0,0,0,0,0,0,0,0,0,0,15,0,0,0,4,0,0,0,0,0,0,0,0,0,0,0,0,0,0,0,0,0,0,0,0,0,0,0,0,0,1,0,0,0,2,3,0,1,0,0,4,0,0,6,0,1,0,6,0,0,4,3,0,0,0,0,0,0,0,0,0,0,0,0,0,0,0,0,0,1,0,0,0,0,0,0,47,0,0,0,0,0,0,0,11,0,7,0,0,0,0,2,0,0,0,1,0,0,0,6,4,0,0,0,2,0,1,2,7,0
"7437x5847",0,0,0,9,0,0,0,1,10,0,2,0,0,0,0,0,0,0,0,0,0,0,0,0,0,0,0,0,0,0,2,0,0,0,0,0,7,0,0,0,0,0,4,0,0,0,0,0,1,0,0,0,2,1,0,0,27,0,0,0,0,0,0,0,1,0,0,0,0,0,0,0,21,3,0,0,0,0,0,0,0,0,0,0,0,0,7,0,0,0,0,0,0,1,0,0,0,0,0,1,2,10,6,10,0,0,0,0,0,0,0,13,0,0,0,0,0,0,0,0,0,0,0,0,0,3,0,0,0,0,0,0,17,0,0,0,0,0,0,0,21,0,0,2,0,0,0,0,0,0,0,0,0,0,0,0,0,0,0,0,0,4,0,0,4,0
"7438x5959",0,0,19,0,1,1,0,0,15,0,10,1,0,0,0,0,0,0,0,0,0,1,0,0,0,18,0,0,0,0,0,0,0,0,0,0,13,1,0,0,0,0,17,0,1,0,0,1,0,0,3,0,0,1,0,0,8,0,0,0,1,0,0,0,0,0,0,1,0,0,0,0,0,1,0,0,2,0,0,0,0,0,0,0,3,0,5,0,0,0,0,0,0,1,0,0,0,0,0,10,0,6,20,2,0,0,0,0,0,0,1,7,0,0,0,0,0,0,0,0,0,0,0,0,0,0,0,9,0,0,0,19,25,0,0,0,0,0,0,0,0,0,0,0,0,0,0,5,0,0,0,0,0,0,0,0,0,0,0,0,0,0,0,0,6,0
"7440x6390",1,0,26,0,0,2,0,3,27,2,5,0,0,12,0,0,0,0,10,17,0,1,0,0,9,2,2,0,0,0,0,0,0,2,0,4,37,15,19,3,0,7,22,0,0,14,0,9,0,0,0,0,0,0,6,0,7,0,0,0,12,0,0,3,6,0,0,0,0,0,0,0,3,0,0,0,0,0,0,0,0,0,0,0,0,16,10,3,0,0,0,5,0,5,4,6,0,0,0,7,0,4,0,3,0,0,0,2,0,0,6,22,0,0,0,0,0,0,0,0,0,1,1,0,0,0,0,1,0,0,0,0,58,0,0,8,0,0,0,0,0,2,13,0,0,0,0,3,0,0,0,0,0,0,0,0,0,0,0,0,2,0,11,22,0,1
"7439x391",0,0,3,0,0,0,1,0,8,0,0,0,0,3,0,0,0,0,0,0,3,0,0,0,0,0,0,0,6,0,0,0,0,0,0,0,10,0,0,0,0,0,0,0,0,2,0,15,6,0,0,0,0,0,20,18,0,0,0,0,0,0,0,0,0,0,0,2,0,0,0,0,0,0,0,0,0,0,0,0,0,0,0,0,0,0,0,0,0,0,0,0,0,0,0,0,0,0,0,15,1,0,0,0,0,1,0,0,0,0,2,0,1,0,0,0,0,0,0,0,0,0,5,0,0,0,0,0,0,0,0,6,1,0,0,0,0,0,0,1,19,0,10,0,0,0,0,0,5,0,0,0,0,0,0,0,0,2,3,3,0,0,0,7,12,0
"7460x1238",0,12,84,1,3,2,0,7,36,0,2,0,0,0,0,0,0,0,4,14,0,1,0,0,61,3,0,0,0,0,2,0,1,1,0,1,9,0,0,0,0,0,34,0,0,3,4,0,7,0,0,0,0,0,0,0,19,0,0,0,2,0,0,17,5,0,0,7,0,0,0,0,0,0,0,0,0,0,11,0,0,0,3,0,0,0,8,0,0,0,0,7,0,0,12,2,0,4,0,0,1,2,4,15,0,0,0,0,0,0,13,9,0,8,12,0,0,0,0,0,0,0,17,7,0,1,0,0,0,0,0,0,169,3,0,12,0,0,0,0,7,9,28,0,1,0,13,1,0,0,0,2,15,0,1,3,0,0,0,0,17,0,0,3,16,0
"7450x2057",1,4,11,0,0,0,0,0,7,0,0,1,0,0,0,0,0,0,0,2,0,0,0,0,0,0,0,0,0,0,0,0,0,1,0,0,16,0,1,0,0,0,15,0,0,0,0,0,0,0,0,0,0,2,27,4,15,0,0,0,0,5,0,0,0,0,0,0,0,0,0,0,0,13,0,0,0,0,0,0,0,0,0,0,0,0,1,0,0,0,0,6,0,2,3,0,0,3,3,4,5,3,0,5,1,0,0,0,6,0,0,0,0,0,0,4,0,0,0,0,0,0,0,0,0,0,0,0,0,0,0,0,74,0,0,0,0,0,0,0,4,0,0,0,0,0,0,0,0,0,2,0,2,0,0,0,0,2,2,0,0,3,0,9,7,0
"7455x5420",0,0,2,1,0,0,0,2,8,0,3,0,0,0,0,0,0,0,6,1,0,0,0,0,0,0,0,0,0,0,0,0,0,0,0,0,35,4,1,0,0,0,16,0,0,15,0,0,0,0,0,0,0,0,1,0,5,0,0,0,1,0,0,0,0,0,2,0,0,0,0,0,0,0,0,0,6,0,4,0,0,0,0,0,0,3,6,0,0,0,1,6,0,0,8,0,0,0,0,0,0,0,26,0,0,0,0,0,0,0,2,0,1,0,0,0,0,0,3,0,0,0,0,0,0,0,0,0,0,0,0,0,66,0,2,3,0,0,2,0,12,0,22,0,0,0,0,0,0,0,0,0,0,0,0,0,0,0,0,0,0,0,6,5,4,0
"7440x5642",0,0,40,0,0,1,4,0,72,0,16,0,0,0,5,0,0,0,4,4,0,0,0,0,3,0,0,0,0,0,0,0,0,0,0,0,12,0,1,0,0,0,28,0,0,2,0,0,0,0,1,0,0,0,2,6,13,0,0,0,7,0,0,0,4,0,0,3,0,0,0,0,0,0,0,0,2,0,4,0,0,0,0,1,4,0,2,0,0,0,0,11,0,8,0,0,9,3,1,0,0,1,4,19,0,0,0,0,0,0,4,1,0,0,0,0,0,0,0,0,0,2,0,0,0,0,1,0,0,0,0,0,31,0,0,9,0,0,0,0,6,0,16,0,0,0,0,0,1,0,0,0,0,0,1,0,0,0,0,0,4,0,0,4,3,0
"7458x2570",0,0,18,0,0,0,0,0,0,0,13,0,3,0,0,0,0,0,0,0,0,0,0,0,2,0,0,0,0,0,4,0,0,2,0,0,0,0,0,0,0,0,0,0,0,12,10,0,0,0,0,0,0,0,2,0,0,0,0,0,12,0,0,0,0,0,0,0,0,0,0,0,0,0,0,0,1,0,0,0,0,0,0,0,4,0,0,0,0,0,1,0,0,0,0,0,0,0,0,11,0,0,1,0,0,0,0,0,0,0,0,11,0,0,0,0,0,0,0,0,0,0,0,0,0,0,0,0,0,0,0,2,17,0,0,0,0,0,0,0,1,0,0,0,0,0,0,0,0,0,0,0,0,0,0,0,0,0,0,0,0,0,0,0,0,0
"7470x3052",0,2,2,0,1,0,0,3,21,0,2,0,0,0,0,0,0,0,5,7,0,0,0,0,23,6,2,0,0,0,0,0,0,0,0,0,13,0,0,3,0,6,13,0,0,1,0,3,0,0,0,0,0,0,7,6,7,2,0,6,0,0,0,0,0,0,0,4,0,0,0,0,0,4,0,0,0,0,0,0,0,0,0,0,0,0,8,0,0,0,0,0,0,0,0,0,1,0,0,11,0,10,0,0,0,0,0,4,2,0,7,1,0,3,0,0,0,1,0,0,0,0,0,0,0,0,0,0,0,0,0,0,53,1,0,19,0,0,0,0,1,0,25,0,0,0,0,0,0,0,0,0,0,0,22,0,0,6,0,0,2,0,0,1,4,0
"7484x4921",0,0,14,0,0,0,0,0,22,1,2,0,0,0,0,0,0,0,1,4,0,0,0,0,4,3,0,0,0,0,0,0,0,8,0,0,0,0,0,0,0,0,11,0,3,0,0,0,0,0,2,0,0,0,0,0,3,0,0,0,0,0,0,0,0,1,0,2,0,0,0,0,0,0,0,0,2,0,0,0,0,1,0,0,0,0,5,0,0,0,0,0,0,0,3,2,0,0,0,0,0,4,12,0,0,0,0,4,0,0,13,0,0,0,5,0,0,0,0,0,0,0,0,0,0,0,0,0,0,0,0,0,38,1,0,2,0,0,1,0,1,0,10,0,0,0,0,0,0,0,0,0,0,0,1,0,0,0,0,0,0,0,0,0,18,0
"7497x6314",1,0,1,1,0,2,0,3,4,0,11,0,0,0,0,0,0,0,0,0,0,1,0,0,3,2,2,0,0,0,0,0,0,0,5,0,2,4,0,3,0,0,14,0,0,17,0,0,0,0,0,0,0,0,2,0,0,0,0,0,5,10,0,0,0,0,0,2,0,0,0,0,0,6,0,0,0,0,0,0,0,0,0,3,0,15,2,0,0,0,0,0,0,8,0,0,0,0,0,3,0,0,0,0,0,0,0,0,0,0,0,0,0,0,0,0,0,0,0,0,0,0,0,0,0,0,0,0,0,0,0,0,13,0,0,1,0,0,0,0,0,0,3,0,0,0,0,1,0,0,0,0,0,0,0,0,0,0,0,0,0,0,0,0,0,0
"7496x277",0,0,7,0,0,3,0,6,17,1,6,0,0,0,0,0,0,0,2,1,0,0,0,0,0,13,0,0,4,0,0,0,7,0,0,6,24,0,4,0,1,2,16,0,0,0,0,61,14,2,0,0,0,0,38,21,0,0,0,0,7,0,0,0,4,0,0,0,0,1,1,0,0,0,0,0,0,0,0,0,0,0,0,1,0,1,0,0,0,0,0,0,0,0,1,3,0,7,2,0,1,0,0,1,0,0,14,0,0,0,11,3,0,0,13,0,0,0,0,0,0,0,4,0,0,1,0,0,0,0,0,6,0,0,0,3,0,0,0,1,5,0,3,0,0,0,0,0,9,0,0,0,0,0,0,0,0,12,0,3,0,12,0,13,12,0
"7493x1825",0,0,0,1,0,0,0,17,2,0,7,0,0,5,0,0,0,0,0,5,0,0,0,1,0,0,0,1,0,0,0,0,0,0,0,0,0,0,0,0,0,0,0,0,0,0,0,0,0,0,0,0,0,0,2,1,0,0,0,0,0,0,0,0,13,1,0,0,0,0,0,0,0,0,0,0,3,0,0,0,0,0,0,0,0,0,0,0,0,1,0,1,0,0,0,0,0,0,0,6,0,0,0,1,0,0,0,0,0,0,0,6,7,0,0,0,0,0,0,0,0,0,1,0,0,0,0,0,0,0,0,0,0,0,0,0,0,0,88,0,0,1,0,0,0,0,2,0,0,0,0,0,0,0,0,0,0,7,0,0,0,0,0,0,1,0
"7572x513",0,9,36,0,1,0,3,0,16,0,4,50,4,0,0,0,0,1,10,7,3,0,1,0,1,0,0,0,0,0,19,0,0,10,0,4,17,0,2,3,0,1,10,0,0,2,0,0,12,0,1,0,0,0,0,0,38,28,0,0,8,0,1,0,0,0,0,0,0,1,1,0,0,0,0,0,1,0,4,0,0,0,3,0,0,0,7,0,0,0,9,9,0,0,0,0,0,0,0,1,0,0,6,1,1,0,0,5,0,0,29,12,1,8,0,0,0,0,0,0,0,0,1,0,0,0,0,0,0,0,0,7,155,0,0,0,0,0,0,1,1,0,9,0,0,0,11,0,0,0,5,0,0,0,2,0,0,5,0,0,0,0,0,0,16,0
"7540x5305",2,0,1,0,8,1,0,2,40,0,7,0,1,0,0,0,0,0,6,4,1,0,0,0,35,2,0,0,0,0,0,0,0,0,0,0,76,0,3,0,0,17,36,0,4,15,0,0,0,0,0,1,0,0,0,0,3,0,0,0,8,0,1,0,0,0,2,1,0,0,0,0,0,0,0,0,7,0,0,0,0,0,0,0,8,5,13,0,0,0,4,11,1,4,21,3,0,0,0,18,0,0,27,23,1,0,0,0,0,0,1,12,0,4,5,0,0,1,1,0,0,0,2,0,0,0,0,0,0,0,0,0,121,1,0,6,0,0,0,0,6,0,27,0,0,0,0,0,0,0,0,0,0,0,0,0,2,0,0,0,1,0,6,0,24,0
"7522x4094",0,4,17,0,1,3,0,3,25,0,0,10,1,0,0,0,0,0,10,6,0,0,0,0,11,7,0,0,6,0,0,0,0,0,0,0,0,4,1,0,0,12,37,0,0,2,0,0,0,0,0,0,0,0,1,5,8,0,0,0,13,0,0,0,0,1,0,4,0,0,0,0,0,0,0,4,0,0,0,0,0,0,7,0,0,1,0,0,9,0,0,9,0,5,8,1,0,0,0,0,0,0,0,0,0,12,0,0,0,0,1,10,0,0,7,0,0,0,0,0,0,0,1,6,0,0,0,0,0,0,0,0,97,7,4,20,0,0,0,0,0,0,3,0,0,0,0,4,0,0,0,0,0,0,4,0,0,0,0,2,0,1,0,2,16,0
"7531x2753",0,5,45,0,1,0,0,5,13,0,10,0,6,0,1,0,0,0,8,15,0,3,3,0,11,1,0,0,0,2,3,0,0,4,0,0,11,0,5,0,4,0,16,0,0,5,0,24,0,0,0,0,5,0,0,0,8,0,0,6,2,0,0,0,0,0,0,3,0,0,0,0,0,4,1,0,0,0,0,0,0,0,0,0,0,0,18,0,0,0,0,0,1,0,20,5,0,0,4,7,1,3,0,3,0,0,0,0,0,0,33,0,0,0,19,0,0,0,0,0,0,0,0,0,0,0,0,0,0,0,0,0,99,0,1,10,0,0,0,2,13,0,39,0,13,0,0,1,4,0,0,1,0,0,2,0,0,1,0,0,11,0,7,1,0,0
"7535x5149",5,1,3,0,1,0,0,0,47,5,17,0,0,0,0,0,0,0,9,21,0,0,0,0,64,0,0,1,5,0,0,0,0,1,0,9,23,0,0,0,12,2,34,0,0,5,0,0,4,0,0,0,0,0,0,0,10,2,0,0,16,0,0,3,0,0,0,0,0,0,0,0,0,0,0,0,0,0,0,0,0,0,0,0,0,17,15,0,0,0,4,9,0,0,5,0,0,2,0,0,0,3,0,25,0,0,0,0,0,0,30,5,0,0,0,0,0,1,3,0,0,0,0,0,0,0,0,0,0,0,0,10,93,3,0,21,0,0,0,0,15,0,21,0,0,0,0,0,1,0,0,0,0,5,0,0,17,1,0,1,21,2,1,6,12,0
"7534x2926",0,0,25,0,2,3,0,4,15,2,0,0,1,0,0,0,0,0,10,20,0,7,0,0,11,0,0,0,15,0,0,0,0,3,0,0,45,2,4,3,0,1,7,0,0,9,0,3,5,0,4,0,0,0,13,8,9,0,0,0,13,0,0,9,0,0,0,1,0,0,0,0,0,11,0,0,1,0,0,0,0,0,2,2,0,4,0,6,0,0,0,0,0,4,6,13,0,3,0,2,3,10,7,0,0,0,0,0,7,0,13,3,2,3,0,0,0,0,0,0,0,0,0,0,0,0,0,0,0,0,0,1,37,1,0,5,0,0,0,0,6,0,26,0,0,0,5,0,0,0,0,0,0,0,1,0,0,5,0,2,0,0,1,15,6,0
"7554x3279",3,0,0,2,0,0,0,0,0,0,14,0,10,0,0,0,0,0,0,0,0,0,0,0,0,0,0,0,4,2,0,0,0,1,0,0,0,0,0,0,0,0,0,0,0,3,1,0,0,0,0,0,0,0,0,0,0,0,0,0,0,0,0,0,2,1,0,0,0,0,0,0,0,0,12,0,2,0,0,0,0,0,0,0,0,0,0,0,0,1,0,0,0,0,0,0,0,0,0,1,0,0,0,0,0,0,0,0,0,0,0,0,0,7,0,0,0,0,0,0,0,0,0,0,0,0,0,0,0,0,0,0,0,1,0,2,0,5,0,1,0,0,0,0,0,0,17,0,0,0,0,6,0,0,0,0,0,0,0,0,0,0,0,0,6,0
"7550x4403",0,1,0,0,1,0,0,0,22,0,0,25,0,0,0,0,0,0,1,0,0,0,0,0,0,0,0,0,9,0,3,0,0,0,0,9,25,1,26,0,0,0,7,0,0,1,0,0,12,0,0,1,0,0,0,0,3,0,0,0,25,0,0,0,0,0,0,8,0,0,0,0,0,0,0,0,0,0,1,0,0,0,0,0,0,0,0,0,5,0,3,4,0,0,30,0,0,0,0,0,0,16,25,5,0,0,0,1,0,0,5,2,2,0,0,0,0,0,0,0,0,0,0,0,0,0,0,3,0,0,0,2,72,0,7,3,0,0,0,0,0,0,0,0,0,0,0,3,0,13,0,0,0,0,0,0,0,0,0,0,0,10,6,0,6,0
"7570x5584",0,1,8,1,1,0,2,0,31,0,3,0,0,0,0,0,0,0,3,3,0,0,0,0,2,2,0,0,0,0,0,0,0,7,0,0,7,0,6,0,1,0,44,0,0,2,18,6,0,0,0,0,0,3,115,31,2,0,0,0,10,0,0,0,0,0,0,2,0,0,0,0,0,4,0,1,0,0,0,1,0,1,11,0,0,0,0,0,0,0,0,0,0,0,0,7,0,7,0,3,0,0,8,4,0,0,0,0,0,0,0,16,11,0,12,3,0,3,0,0,0,0,0,0,0,0,1,0,0,0,0,0,18,7,0,0,0,0,0,0,16,0,2,0,0,0,0,0,0,0,0,0,0,0,1,1,0,0,0,0,0,0,9,31,7,0
"7553x4243",3,5,1,0,5,0,0,3,11,0,10,10,0,0,0,0,0,0,1,18,0,1,0,2,7,4,0,0,0,0,0,0,0,1,5,0,1,0,0,0,0,0,35,0,0,22,0,0,0,0,0,0,0,0,0,0,7,0,0,0,0,0,0,0,0,0,0,3,0,0,0,0,0,8,0,0,0,0,0,0,0,0,0,0,0,0,0,0,0,0,0,0,0,1,0,1,0,2,0,7,0,2,4,1,0,0,18,0,0,0,11,1,0,0,8,0,0,0,0,0,0,0,0,0,0,6,0,0,0,0,0,7,81,9,0,8,0,0,0,0,1,0,11,0,0,0,0,0,0,0,0,0,0,12,3,0,1,0,0,10,2,0,0,3,0,0
"7564x4666",0,0,18,0,2,0,0,0,11,0,11,0,1,0,0,0,0,0,0,2,0,0,0,0,0,11,1,0,0,0,0,0,13,19,0,1,0,0,0,0,0,0,31,0,0,0,0,0,1,0,0,0,1,0,54,11,0,0,0,0,0,0,0,0,0,0,1,7,0,0,0,0,35,0,0,0,0,0,1,0,0,0,0,1,0,0,0,0,0,0,1,7,0,0,8,7,0,0,2,9,0,1,0,0,0,0,1,0,0,0,0,1,0,0,7,0,0,0,0,0,0,0,0,0,0,0,0,0,0,0,0,0,1,0,0,0,0,0,0,0,8,0,0,0,0,0,0,0,1,0,0,0,0,0,0,0,0,0,0,0,0,0,2,25,0,1
"7615x682",0,30,46,0,3,1,0,0,45,8,4,24,1,0,0,0,0,0,16,27,0,0,9,0,0,0,0,0,0,0,8,0,0,9,0,0,20,0,7,15,0,1,36,0,0,0,0,0,0,0,3,0,1,7,113,22,65,0,0,13,30,0,7,0,1,1,0,9,0,0,0,0,0,0,0,0,2,0,4,0,0,0,0,0,0,0,11,0,1,0,7,5,0,8,17,1,0,3,0,13,0,4,1,18,1,0,19,6,0,0,11,10,0,4,0,0,0,0,0,0,0,1,1,0,0,2,0,0,0,0,0,0,148,9,0,5,0,4,0,0,2,0,0,0,0,0,12,0,0,0,0,0,0,0,2,0,8,26,0,3,23,0,4,19,22,0
"7573x2178",0,5,0,3,0,0,0,0,22,0,0,2,2,0,0,0,0,0,1,0,0,0,0,1,0,1,0,1,0,0,9,0,0,1,0,0,4,0,0,0,0,0,2,1,0,7,0,15,0,0,0,0,0,0,0,0,0,0,0,0,0,0,0,0,0,0,0,1,0,0,0,0,0,0,0,0,0,0,0,0,9,0,0,0,0,0,0,0,6,0,22,0,5,0,1,0,0,0,0,1,0,0,1,0,0,0,0,0,0,0,1,8,0,0,0,0,0,0,0,0,0,0,0,0,0,0,0,0,0,0,0,1,29,5,0,0,0,0,0,0,0,0,0,0,0,0,0,1,0,0,0,0,0,0,0,0,0,1,0,0,2,0,0,3,0,0
"7586x213",0,1,6,0,6,4,0,0,30,0,18,3,2,1,0,0,0,0,6,0,1,0,0,0,1,0,1,0,1,0,0,0,6,15,1,6,34,1,7,0,0,5,24,0,0,0,0,46,5,2,0,0,0,0,40,19,0,0,0,0,2,5,0,0,0,0,0,8,0,0,1,0,0,0,0,0,4,0,0,0,0,0,0,1,0,22,7,10,0,0,0,1,2,7,10,6,13,0,2,10,0,0,7,4,0,0,0,0,0,10,5,2,3,0,0,0,0,3,1,0,0,0,0,2,0,0,0,0,0,0,0,0,26,0,0,0,0,0,5,0,4,0,3,0,0,0,11,8,3,0,0,0,0,0,0,0,0,6,0,6,11,0,6,0,11,0
"7579x3986",0,0,5,0,0,1,0,0,21,0,16,3,0,0,12,0,0,0,0,0,0,0,0,0,10,0,5,0,0,0,0,0,0,23,0,0,2,0,1,4,0,0,5,0,0,0,0,0,0,0,0,0,0,0,0,0,0,0,0,0,0,1,0,1,2,0,0,2,0,0,0,0,0,3,0,4,0,0,0,0,0,0,5,0,0,0,0,0,3,0,5,15,0,16,0,0,0,0,0,31,4,0,7,5,0,0,0,0,0,0,0,13,0,0,0,0,0,0,0,0,1,0,6,3,0,0,0,0,0,0,0,0,4,0,0,0,0,0,0,0,10,0,0,0,0,0,5,0,0,0,0,0,0,0,0,0,0,0,0,0,10,0,2,0,5,0
"7589x2387",5,1,1,0,3,2,0,0,21,0,19,23,0,0,0,0,0,0,3,8,0,0,0,0,0,4,0,1,19,0,0,0,0,0,0,0,2,2,0,0,0,0,10,0,0,0,0,1,5,0,0,0,0,1,5,19,16,0,0,0,18,0,0,0,0,0,0,1,0,0,0,0,0,10,0,0,0,0,0,0,0,0,4,0,5,6,4,0,0,5,0,0,0,4,0,0,0,0,4,2,0,12,0,0,0,0,1,0,5,0,0,0,2,0,0,0,0,0,0,0,0,0,0,3,0,0,0,5,0,0,0,0,140,1,4,0,0,0,0,0,0,0,4,0,0,2,0,12,0,0,0,1,0,0,0,0,4,5,0,0,2,0,0,6,10,0
"7565x60",1,0,0,0,0,1,0,0,16,0,7,0,0,5,0,0,0,0,2,10,0,2,1,0,1,0,17,0,0,0,0,0,0,7,0,0,8,0,8,5,7,0,26,0,1,1,0,2,3,0,0,0,0,0,0,0,8,0,0,0,0,0,0,7,0,0,0,0,0,0,0,0,0,0,0,0,0,0,13,0,0,0,0,0,0,3,4,0,1,0,0,6,0,1,0,5,0,0,1,6,0,16,24,25,0,0,0,0,6,0,0,0,0,0,12,0,0,0,0,0,0,1,0,0,0,0,0,0,0,0,0,0,76,0,0,16,0,0,0,0,1,0,13,0,0,0,0,0,0,0,0,1,0,0,1,0,0,0,0,7,4,0,0,8,1,0
"7577x1033",0,0,8,0,3,1,0,0,21,0,16,0,0,2,0,0,0,0,0,0,0,0,0,0,0,0,4,0,0,0,0,0,5,9,0,0,42,0,0,6,0,0,28,0,0,0,0,73,2,0,0,0,0,0,19,35,3,0,0,0,0,0,0,0,0,0,0,4,0,0,0,0,0,0,0,0,0,0,0,0,0,0,0,0,0,1,1,0,0,0,0,0,0,1,7,4,1,1,5,19,0,2,0,0,0,0,0,13,0,0,6,1,0,0,12,0,0,0,2,0,0,0,0,0,0,0,1,0,0,0,0,0,8,1,0,0,0,0,159,1,1,37,7,0,0,0,4,0,0,0,1,0,0,0,0,8,0,0,0,0,1,3,0,4,0,0
"7638x3438",0,0,0,0,0,0,0,7,9,0,5,0,13,1,0,0,0,0,0,0,0,0,0,0,0,0,0,0,1,0,0,0,0,3,0,0,0,0,0,0,0,0,7,0,0,0,4,7,0,1,0,0,0,0,0,0,0,0,0,0,0,0,0,0,0,1,0,0,0,0,0,0,0,0,23,0,0,1,0,0,0,0,0,15,0,0,0,0,0,0,0,0,0,0,0,2,0,0,0,6,0,0,0,0,0,0,0,0,0,0,0,1,5,0,0,0,0,0,0,0,0,0,0,0,0,0,0,0,0,0,0,0,12,0,0,0,0,0,0,0,0,0,0,0,0,0,0,0,0,0,0,0,0,0,0,0,0,0,0,0,0,0,0,0,0,0
"7644x2004",0,2,36,0,0,3,0,3,46,2,1,0,0,0,0,0,0,0,8,5,0,0,0,0,19,0,0,0,0,0,0,0,0,4,0,0,30,0,5,0,0,0,0,0,0,0,0,0,0,0,0,0,0,2,0,0,2,0,0,0,7,0,0,7,0,0,0,8,0,0,0,0,0,0,0,0,2,0,6,0,0,0,0,0,0,0,1,0,0,0,0,8,0,10,32,10,0,0,0,0,2,4,5,11,0,0,0,0,6,0,15,20,0,0,0,0,0,0,0,0,0,0,0,0,0,0,4,0,0,0,0,0,131,2,1,1,0,0,0,0,0,0,34,0,0,0,6,1,0,0,0,0,0,0,18,0,0,4,0,1,13,0,0,4,17,0
"7656x4279",0,7,1,0,1,0,0,0,16,0,2,1,0,5,0,0,0,0,4,4,0,0,0,2,15,1,0,0,0,0,0,2,4,0,0,0,5,0,0,0,0,0,17,0,1,8,0,0,1,0,0,0,0,0,0,0,0,0,0,0,1,0,0,0,4,0,0,2,0,0,0,0,0,0,0,0,0,0,0,0,0,0,0,0,0,0,0,0,0,0,4,0,0,0,10,0,0,0,0,0,0,6,0,0,0,0,0,0,0,0,0,1,0,0,0,0,0,0,0,0,0,0,0,0,0,5,0,0,0,0,0,0,75,9,0,0,0,0,0,0,1,0,4,0,0,0,0,4,0,0,0,0,0,0,0,0,0,0,0,0,1,0,0,1,5,0
"7668x3002",1,0,12,0,2,7,0,0,28,0,1,0,0,0,2,0,0,0,7,3,0,0,1,0,0,0,0,1,0,0,1,0,0,0,0,0,3,8,10,0,0,0,24,0,0,3,0,0,0,0,0,0,0,0,0,0,16,0,0,0,9,0,1,0,0,0,0,0,0,0,0,0,0,8,0,0,0,0,13,0,0,0,0,0,0,0,1,0,0,0,0,0,0,0,0,0,0,3,0,2,0,0,1,14,0,0,1,0,0,0,18,0,6,0,0,0,0,0,0,0,0,0,5,0,0,0,0,0,0,0,0,10,33,0,0,0,0,0,8,0,2,2,4,0,0,0,0,0,0,0,0,3,0,0,0,0,1,0,0,0,6,0,2,0,3,0
"7664x3901",0,0,1,0,9,1,0,0,4,0,0,3,0,0,0,0,0,0,0,0,0,0,0,0,0,0,3,0,0,0,0,0,0,0,0,0,2,0,0,4,0,1,11,0,0,0,0,0,0,0,0,0,0,0,0,0,5,0,0,0,0,2,0,5,0,0,0,0,0,0,0,0,0,0,0,0,6,0,0,0,0,0,0,0,0,4,1,0,0,0,0,0,0,0,0,0,0,0,0,7,0,6,0,5,0,0,0,0,0,0,21,1,0,0,0,5,0,0,0,0,0,0,2,1,0,0,0,0,0,0,0,0,38,4,0,0,0,0,0,0,0,0,1,0,0,0,0,0,0,0,0,0,0,0,0,0,0,0,0,0,0,0,0,0,0,0
"7647x3697",0,0,0,0,0,0,0,0,13,0,0,0,0,0,0,0,0,0,0,0,0,0,1,0,1,0,0,0,0,0,0,0,0,0,0,0,0,0,0,0,0,0,3,0,0,0,0,0,0,0,0,0,0,0,6,11,0,0,0,0,0,0,0,0,0,0,0,0,0,0,0,0,0,0,0,0,0,0,0,0,0,0,0,0,0,2,0,0,0,5,0,0,0,0,0,29,0,0,0,0,0,0,7,0,0,0,0,1,0,0,0,2,0,0,0,0,0,0,0,0,0,3,0,0,0,0,0,0,0,0,0,0,26,0,0,0,0,0,1318,0,1,1,8,0,0,0,0,13,0,0,0,0,0,0,0,0,0,0,0,3,0,0,1,0,15,0
"7708x2506",0,7,29,0,1,1,0,0,59,0,4,28,2,0,0,0,0,0,1,9,0,0,0,0,2,9,0,0,26,1,5,0,1,0,0,0,12,0,3,1,14,3,41,0,1,1,0,4,1,0,0,0,0,2,20,54,0,0,0,0,14,0,0,0,0,0,0,4,0,0,0,0,0,3,0,0,5,0,0,0,8,0,0,0,0,0,12,0,0,0,12,0,0,6,4,0,0,3,1,0,0,7,0,19,2,0,0,4,5,5,0,9,0,0,2,0,0,0,6,0,0,0,0,0,0,9,0,1,0,0,0,0,175,0,0,0,9,0,0,2,5,1,1,0,0,2,15,1,0,0,0,0,1,0,6,0,1,4,0,3,11,0,0,20,8,0
"7692x1800",0,0,0,0,2,1,0,0,16,12,7,0,0,0,0,0,0,0,7,3,0,4,20,0,1,0,0,0,0,1,0,0,0,0,0,0,11,0,0,2,0,0,31,0,0,4,0,0,0,0,0,0,0,0,1,0,12,0,0,0,3,1,0,15,0,0,0,0,0,0,0,0,0,0,0,0,0,0,0,0,4,0,0,0,0,5,8,0,5,0,1,20,0,0,12,4,0,0,3,7,0,0,15,0,4,0,4,0,1,0,75,4,0,0,0,0,0,0,0,0,0,0,0,0,0,0,0,0,0,0,0,34,57,0,0,0,0,0,0,1,0,0,4,0,0,0,7,2,0,0,0,1,0,0,0,0,0,0,0,0,0,0,1,12,7,0
"7724x4516",0,0,19,0,1,0,0,0,11,0,0,0,0,0,0,0,0,0,0,2,0,0,0,0,4,0,0,0,0,0,0,0,0,0,0,0,0,0,0,0,3,0,3,0,0,4,1,0,0,0,2,0,0,0,0,0,0,0,0,0,1,0,0,0,0,1,0,1,0,0,0,0,0,0,0,0,0,0,0,0,0,0,0,0,0,0,3,0,0,0,0,0,0,0,0,4,0,0,0,5,0,3,0,5,0,0,0,0,0,0,0,9,8,0,0,0,0,0,0,0,1,0,0,0,0,7,1,0,0,0,0,0,26,0,0,5,0,0,0,0,0,0,3,0,0,0,10,0,0,0,0,0,0,0,5,0,0,0,0,0,14,0,0,3,0,0
"7755x4917",0,0,6,0,0,0,0,7,15,0,8,0,2,4,0,0,0,0,2,3,0,0,0,0,28,0,0,0,0,0,0,0,0,0,0,0,0,0,0,0,0,1,12,0,0,1,0,0,0,0,0,0,0,0,0,0,3,0,0,0,0,0,0,6,0,0,0,7,0,0,0,0,0,0,0,0,1,0,5,0,0,0,0,0,0,14,1,0,0,0,0,9,0,27,0,0,0,4,0,0,0,2,0,1,0,0,0,0,0,0,4,1,7,0,0,0,0,0,6,0,0,0,20,0,0,0,0,5,0,0,0,0,92,0,0,0,0,0,0,0,0,0,11,0,0,0,0,3,3,0,0,0,9,0,1,0,0,5,2,0,27,0,2,1,2,4
"7785x5059",0,0,0,0,0,1,0,0,16,0,3,0,3,0,0,0,0,0,0,0,0,0,0,0,6,0,0,0,0,0,0,0,0,0,0,0,0,0,0,0,2,27,14,0,0,0,0,0,0,0,0,0,6,0,0,0,5,0,0,0,0,0,0,0,0,0,0,1,0,0,0,0,0,0,0,0,7,0,2,0,0,0,0,0,0,0,4,0,0,0,0,2,0,0,7,0,0,3,0,2,0,0,0,0,0,0,0,1,0,0,0,3,0,0,0,0,0,0,0,0,0,0,2,0,0,0,1,0,0,0,0,0,25,0,0,0,0,0,0,0,12,0,0,0,0,0,0,0,0,0,0,0,0,0,0,0,0,0,0,0,0,0,0,12,18,0
"7740x3796",0,0,0,0,0,0,0,0,8,0,1,0,0,0,0,0,0,0,2,0,0,0,0,1,0,1,0,1,0,0,0,0,0,2,0,0,4,0,2,0,0,17,13,0,0,1,0,3,1,0,0,0,0,0,0,0,2,0,0,0,17,0,0,1,0,0,0,1,0,0,0,0,0,0,0,0,0,0,0,0,0,0,5,0,0,0,2,0,0,3,0,10,0,0,0,0,0,0,0,0,0,2,14,0,0,0,0,0,0,0,4,0,0,0,0,0,0,0,0,0,0,0,0,0,0,0,0,0,0,0,0,0,19,0,0,0,0,0,104,0,0,0,0,0,0,0,0,0,0,0,0,0,0,0,0,0,0,0,0,0,1,0,0,0,7,0
"7756x3150",0,0,4,0,0,0,0,0,10,0,0,0,2,0,0,0,0,0,0,0,0,0,0,0,0,0,0,0,0,0,6,0,0,0,0,0,1,0,0,0,0,0,8,0,0,0,0,0,0,3,2,0,0,0,0,0,0,0,0,2,0,0,0,0,0,0,0,1,0,0,0,0,0,7,0,0,0,0,1,0,6,0,0,0,0,0,0,0,0,0,0,6,0,0,12,15,0,0,0,0,0,3,0,0,0,0,0,0,0,0,0,0,0,0,0,0,0,0,0,0,0,1,0,0,0,0,0,0,0,0,0,0,42,0,0,0,0,1,0,0,7,0,0,0,0,0,0,0,0,0,0,0,0,0,0,0,0,0,0,1,0,0,0,0,0,0
"7762x1692",0,0,0,0,0,0,0,0,1,0,6,0,0,0,0,0,0,0,0,0,0,0,17,0,0,0,0,0,0,0,0,0,1,0,0,0,4,0,0,2,0,7,14,0,0,0,0,0,0,0,0,0,0,0,3,0,0,0,0,0,3,0,0,0,0,0,0,0,0,0,0,0,0,0,0,0,0,0,0,0,0,0,0,0,4,0,0,0,0,0,0,2,0,0,0,0,0,0,0,2,0,0,0,0,4,0,6,0,0,0,14,3,0,0,0,1,0,0,0,0,0,0,0,0,0,1,0,0,0,0,0,0,13,0,0,0,0,0,0,1,0,0,3,0,0,0,1,0,0,0,0,0,0,0,0,0,0,0,0,0,4,0,5,0,0,0
"7760x1129",0,2,0,0,0,1,0,0,12,4,0,0,0,0,3,0,0,0,8,10,0,0,0,6,0,0,0,0,0,0,0,0,0,1,0,0,37,0,1,0,0,0,7,0,0,0,0,41,0,0,0,0,8,0,7,15,5,0,0,0,0,0,0,16,2,0,0,0,0,0,0,0,2,0,0,0,0,0,0,0,0,0,0,0,0,0,2,0,4,0,0,0,0,1,0,0,0,0,0,9,0,0,0,0,0,0,0,0,0,0,4,15,0,0,0,0,0,0,0,0,3,0,0,0,0,0,0,0,0,0,0,0,2,1,0,0,0,0,0,0,6,8,6,0,0,0,0,2,0,0,1,7,6,0,0,0,2,0,102,0,0,0,11,15,3,0
"7759x3368",0,0,8,0,0,0,0,0,0,3,4,0,0,0,0,0,0,0,0,2,0,0,0,0,3,0,0,0,0,0,2,0,0,0,0,0,0,0,0,0,0,0,2,0,0,0,7,0,0,1,0,0,0,0,0,0,0,0,0,14,0,0,0,1,3,0,0,0,0,0,0,0,0,0,28,0,8,1,7,4,4,0,0,0,0,0,1,0,0,1,0,0,0,0,0,0,0,0,0,1,0,0,0,0,0,0,0,0,0,0,0,2,0,0,0,0,0,0,0,0,0,0,0,0,0,0,0,0,0,0,0,0,0,0,0,0,0,0,0,0,0,0,0,0,0,0,17,0,0,0,0,0,0,0,0,0,0,0,0,0,0,0,0,0,0,0
"7783x6514",0,0,0,0,1,0,0,14,19,0,4,0,1,0,0,0,0,0,1,0,0,2,0,0,14,0,0,0,0,0,0,0,0,8,0,0,4,0,0,0,0,2,18,0,0,1,0,0,0,0,0,0,0,0,26,24,2,0,0,4,8,0,0,0,2,0,0,17,0,0,0,0,0,0,0,3,2,0,1,1,0,0,0,0,0,1,0,0,1,12,0,0,0,0,0,0,0,1,3,10,4,0,0,1,0,0,0,1,0,0,14,0,4,0,17,7,0,0,0,0,0,0,0,0,0,0,0,0,0,0,0,0,12,0,0,4,0,0,146,0,6,10,0,0,0,0,1,1,0,13,0,0,0,0,0,0,0,0,0,0,1,0,0,33,0,0
"7766x1318",0,1,1,0,1,3,2,0,14,0,9,11,0,0,0,0,0,0,8,1,0,2,1,8,21,0,1,0,0,14,3,0,0,0,0,0,6,0,0,0,0,0,9,0,0,0,0,0,0,0,0,0,4,0,2,0,19,0,0,0,6,0,1,0,4,0,0,1,0,0,0,0,0,0,0,0,3,0,0,0,0,0,7,0,1,0,3,0,0,0,3,0,0,15,2,16,0,2,1,0,0,0,14,22,0,0,0,0,0,0,13,13,0,0,0,0,0,0,0,0,0,0,1,16,0,1,0,0,0,0,0,0,129,0,0,7,0,0,13,0,1,0,0,1,0,0,0,0,2,0,0,0,3,0,5,0,0,5,0,2,5,0,0,5,25,0
"7774x4780",2,5,23,0,2,1,0,4,31,0,2,2,0,6,4,0,0,0,4,18,0,0,0,0,23,9,0,0,5,0,0,0,0,0,0,2,1,0,0,2,0,0,51,0,0,7,0,0,1,0,0,0,0,0,0,0,14,0,0,0,9,0,0,0,0,0,0,7,0,0,0,0,0,1,0,0,1,0,6,0,0,0,0,0,0,0,9,0,0,0,8,0,0,1,1,20,1,4,0,21,0,7,0,0,0,0,9,3,0,0,13,0,4,0,11,0,0,0,5,0,0,0,0,0,0,1,0,0,0,0,0,9,86,1,0,2,0,0,4,0,11,0,2,0,0,0,10,4,2,0,0,1,0,0,15,0,0,9,0,1,19,2,0,1,2,0
"7796x1009",0,2,0,0,3,0,0,8,8,0,0,0,0,0,0,0,1,0,5,2,0,0,0,6,3,0,0,0,0,0,0,0,3,3,0,0,14,0,8,0,0,0,31,0,0,6,0,2,0,0,0,0,0,0,0,0,1,0,0,0,0,0,0,0,0,0,0,1,0,0,0,0,0,0,0,0,0,0,8,0,0,0,0,8,2,0,4,0,0,0,2,0,0,10,0,1,0,6,0,1,0,0,9,6,0,0,0,0,0,0,5,10,0,0,7,0,0,0,0,0,0,0,0,0,0,2,0,3,0,0,0,0,25,10,0,0,0,0,0,0,0,0,6,0,0,0,0,0,0,0,0,4,0,0,6,0,2,0,20,0,0,0,9,14,7,0
"7814x2021",5,0,0,0,0,0,0,0,19,0,0,0,0,0,1,0,0,2,12,1,0,0,18,0,0,14,45,0,0,0,0,0,0,60,0,0,0,0,1,0,0,23,33,0,0,16,0,0,0,0,0,0,1,0,59,42,0,0,1,0,0,0,0,33,6,0,0,2,0,0,0,0,0,0,0,0,0,0,0,0,0,0,4,0,0,7,1,0,0,0,0,10,0,0,0,6,0,1,0,11,6,4,0,5,0,0,0,0,0,0,12,9,0,0,0,0,0,0,0,0,0,0,5,0,0,0,0,4,9,0,0,0,5,0,0,1,0,0,0,0,11,11,0,6,0,0,0,0,0,0,1,0,0,0,0,0,0,0,0,0,4,1,0,35,10,0
"7807x2348",0,4,6,0,3,1,0,1,13,0,10,5,0,0,0,0,0,0,2,1,2,0,0,0,0,2,1,0,0,0,0,0,0,15,0,0,4,0,9,0,0,11,11,0,0,0,0,9,0,0,2,0,0,0,21,35,17,0,0,0,15,0,0,2,0,0,0,5,1,0,0,10,0,0,0,0,0,0,0,0,0,0,7,0,6,3,11,0,0,0,4,1,1,0,7,4,0,0,0,6,0,0,0,17,0,0,0,0,0,0,4,5,10,0,0,0,0,0,0,0,0,0,0,0,0,0,0,0,0,0,0,0,53,0,0,5,0,0,0,0,0,0,1,0,0,0,8,0,0,0,0,9,2,0,0,4,0,0,0,0,0,0,0,3,7,0
"7824x2843",0,0,0,0,0,0,0,0,6,0,3,0,0,0,0,0,1,0,0,1,0,0,0,0,0,0,0,0,0,0,7,0,0,1,0,1,4,0,0,1,0,0,4,0,0,0,4,0,0,0,0,0,0,1,1,0,1,0,0,0,1,3,0,0,0,0,1,0,0,0,0,3,0,0,0,0,13,0,0,0,0,0,2,1,0,0,4,0,0,0,0,5,0,0,0,1,0,0,0,0,0,9,2,0,0,0,0,3,0,0,0,0,3,0,0,0,0,0,0,0,3,0,1,11,0,0,0,0,0,0,0,0,29,0,0,15,0,0,1,0,1,0,4,0,0,0,2,3,0,0,0,0,0,0,0,0,1,0,0,0,8,0,0,0,0,0
"7848x5721",0,0,4,0,1,0,0,4,0,0,14,0,3,0,0,0,2,0,0,0,0,0,0,0,0,0,0,0,0,0,1,0,0,0,0,0,0,0,0,0,0,11,0,0,0,15,9,0,0,0,0,0,0,0,0,0,0,0,0,0,0,0,0,0,2,2,0,0,0,0,0,0,0,0,8,0,0,0,0,0,0,0,5,1,0,0,0,0,0,0,0,0,0,0,5,0,0,0,0,0,0,0,0,0,0,0,0,0,0,0,0,0,3,0,0,0,0,0,0,0,1,0,0,17,0,0,1,0,0,0,0,0,1,0,3,1,0,0,1,0,0,0,0,0,0,0,23,0,0,0,0,0,0,0,0,0,0,0,0,0,0,0,0,2,0,0
"7875x4710",0,10,17,0,2,2,0,9,4,0,16,2,1,2,0,0,0,0,1,1,0,0,8,0,24,0,0,0,14,0,6,0,0,0,0,2,0,0,0,2,0,0,37,0,0,0,0,0,0,0,0,0,0,0,1,0,12,5,0,0,14,0,0,0,1,0,0,6,0,0,0,0,1,0,0,0,1,0,33,0,0,1,0,0,0,12,12,0,0,0,5,4,0,0,0,19,0,9,0,28,4,11,42,8,0,0,4,0,11,0,6,2,1,0,4,0,0,0,0,0,0,0,0,0,0,0,0,0,0,0,0,11,143,0,0,0,0,0,0,0,10,0,0,0,0,0,0,1,2,0,0,1,0,0,9,0,0,1,0,0,2,0,0,0,11,1
"7885x6398",0,0,0,0,0,2,0,4,12,0,7,0,0,0,0,0,0,0,1,3,0,0,0,0,0,0,0,0,0,0,0,0,0,1,0,1,5,0,17,0,0,0,12,0,0,7,0,0,0,0,0,0,0,0,1,0,2,0,0,0,0,0,0,0,5,1,0,1,0,0,0,0,0,0,0,6,0,0,0,0,0,0,0,0,14,0,7,0,0,0,0,2,0,0,0,15,4,0,0,8,2,0,0,0,0,4,0,0,1,0,14,0,0,0,8,0,0,0,0,0,0,0,13,5,0,0,0,0,1,0,0,0,3,0,0,5,0,0,22,0,11,0,0,0,0,0,0,0,1,0,0,7,0,0,0,0,0,1,0,0,1,1,1,1,1,0
"7896x3771",0,0,1,0,0,0,0,0,10,0,0,0,0,0,0,0,0,0,2,0,0,0,0,0,0,0,0,0,0,0,0,0,0,10,0,0,11,0,5,0,0,7,13,0,2,0,1,10,0,0,0,0,0,0,11,2,0,0,0,0,0,0,0,0,0,0,0,0,0,0,0,1,0,0,0,0,0,0,0,0,0,0,0,0,0,0,0,0,0,0,0,0,0,0,1,0,0,0,0,0,16,0,14,0,0,0,0,0,0,0,6,12,3,0,0,0,0,0,0,0,0,1,0,0,0,0,0,0,0,0,0,9,0,3,0,3,0,0,0,0,0,0,19,0,0,0,1,0,0,0,0,0,0,0,0,0,0,4,2,0,0,0,2,22,0,0
"7862x6137",0,0,19,0,1,0,0,2,3,0,0,0,0,0,1,0,0,0,5,11,0,0,0,1,4,10,0,0,0,0,0,3,0,0,0,0,0,0,2,0,6,17,11,0,0,0,6,0,7,2,0,2,0,0,0,0,12,0,0,0,0,0,0,0,15,0,0,0,0,0,0,0,0,9,0,0,12,0,0,0,0,2,0,0,0,3,2,0,0,0,0,5,0,12,0,3,2,6,0,1,0,10,6,6,0,0,11,0,1,0,3,3,0,0,0,0,0,0,0,0,0,0,0,0,0,0,0,0,0,0,0,0,97,0,0,0,0,0,0,0,0,0,5,0,0,0,0,0,5,0,0,0,0,0,0,0,1,0,0,0,0,0,0,4,2,0
"7873x2531",0,0,9,0,1,1,0,17,34,1,3,0,0,0,10,0,0,0,0,5,0,0,5,0,1,9,0,0,0,1,0,0,0,0,0,0,0,0,1,0,0,3,18,0,0,8,0,1,0,0,0,0,0,0,4,0,15,4,0,0,23,0,0,0,0,0,0,5,0,0,0,0,0,0,0,0,0,0,0,0,0,0,0,0,0,0,2,8,0,0,0,3,0,1,13,1,0,0,0,17,0,3,0,4,0,0,0,0,1,0,0,0,0,0,0,0,0,0,0,0,0,0,0,0,0,0,0,0,0,0,0,20,64,7,0,2,0,0,0,2,2,0,11,0,1,0,13,1,0,0,0,0,0,0,7,0,0,0,0,0,0,0,0,7,0,0
"7921x3365",0,0,5,0,0,0,4,20,1,0,51,0,10,1,0,0,0,0,0,4,0,0,1,0,4,0,0,0,1,0,3,0,0,0,0,0,0,0,0,0,0,5,9,0,0,0,4,0,2,0,0,0,0,0,0,2,0,0,0,0,0,0,0,2,6,1,0,0,0,0,0,0,0,9,24,0,0,0,0,5,4,0,0,0,0,13,0,0,0,0,0,0,0,0,4,0,0,0,0,0,0,0,0,0,0,0,3,0,0,0,0,0,0,0,0,0,0,0,0,0,1,0,0,0,0,0,0,0,0,0,0,0,0,0,0,0,11,0,0,0,0,15,0,0,0,0,0,0,0,0,0,0,1,0,0,0,0,0,0,0,2,0,0,0,0,0
"7961x6125",0,0,4,0,0,1,0,12,0,0,1,0,0,0,0,0,0,0,1,1,0,0,0,0,13,2,0,0,0,0,0,0,0,0,0,0,0,0,14,0,1,0,14,0,0,0,0,0,0,0,0,1,0,0,0,0,0,0,0,0,0,0,0,0,1,0,0,0,0,0,0,0,0,0,0,0,1,0,0,0,0,0,0,0,0,0,3,0,0,0,2,5,0,0,0,22,0,0,0,1,0,1,0,0,0,0,0,0,2,0,1,1,2,0,12,0,0,0,0,0,0,0,0,0,0,4,0,0,0,0,0,0,82,0,0,11,0,0,0,0,0,0,7,0,0,0,0,0,1,0,0,0,0,0,0,0,1,0,0,0,0,0,0,0,4,0
"7927x607",0,0,9,0,0,0,0,2,47,0,0,0,0,0,0,0,0,0,2,12,0,0,0,0,16,9,0,0,2,0,0,0,0,10,0,0,0,0,3,0,0,0,0,0,0,5,0,0,6,0,0,0,0,0,0,0,7,0,0,0,1,8,0,0,0,0,0,13,0,0,0,0,0,2,0,0,1,0,0,0,0,0,1,0,0,4,40,0,0,0,0,0,0,0,1,6,2,0,5,27,0,3,6,2,0,0,0,12,0,0,5,24,0,0,1,0,0,0,7,0,0,0,0,0,0,3,1,0,0,0,0,1,73,9,0,0,0,0,0,0,0,0,14,0,0,0,0,1,0,0,0,0,0,0,0,0,0,0,0,0,4,0,2,3,10,0
"7935x103",0,0,3,0,0,1,0,0,22,0,0,0,0,0,0,0,0,0,0,0,0,0,0,0,0,1,0,0,0,0,0,0,0,0,0,0,0,0,0,0,0,12,0,0,0,0,0,0,0,0,0,0,0,0,40,9,0,0,0,0,0,0,0,1,0,0,0,5,0,0,0,0,0,0,0,0,4,0,0,0,0,0,0,0,1,0,0,0,0,0,0,1,0,0,0,0,0,3,2,4,4,9,0,21,0,0,2,0,0,0,0,0,0,0,0,0,0,0,0,0,0,0,0,0,0,0,0,0,0,0,0,0,0,0,0,0,0,0,0,0,0,0,0,0,0,0,0,0,0,0,0,0,0,0,0,0,0,0,0,0,0,0,0,4,0,0
"7952x2990",0,0,0,3,0,0,0,1,10,0,2,0,0,1,0,0,0,0,0,2,0,0,0,0,0,0,0,0,0,0,0,0,0,0,0,0,8,0,0,0,0,0,3,0,0,0,0,1,1,0,0,0,0,0,0,0,3,0,0,0,0,0,0,0,3,0,0,0,0,0,0,0,0,0,0,0,0,0,0,0,0,0,6,1,0,0,2,0,7,0,0,11,0,1,15,0,0,13,2,0,0,0,13,0,0,0,0,5,0,0,11,8,0,0,0,0,0,0,0,0,0,0,1,0,0,0,0,0,0,0,0,0,18,0,0,0,0,0,0,0,8,0,1,0,0,0,0,5,0,0,0,0,0,0,4,0,0,2,0,0,0,0,0,0,30,0
"7962x4469",0,10,22,0,12,0,0,1,52,0,21,56,2,5,0,0,0,0,9,4,0,0,0,0,19,5,0,7,4,0,4,0,0,3,0,5,38,0,8,2,0,1,23,0,0,14,0,54,9,0,0,1,0,0,0,0,13,0,0,0,7,0,1,0,0,0,0,1,0,0,0,0,1,8,4,0,0,0,0,0,0,0,0,1,0,0,27,0,0,0,1,2,0,21,0,0,5,3,1,3,0,11,6,0,2,4,0,0,0,0,27,0,1,11,15,0,0,0,2,0,0,0,4,1,0,0,1,0,0,0,0,0,142,0,0,0,1,0,0,9,9,0,18,0,0,0,0,0,0,0,0,0,0,14,1,0,0,26,0,0,9,0,0,3,1,0
"7977x1732",2,0,0,0,2,0,0,26,40,0,14,0,0,0,0,0,0,0,0,9,0,0,0,0,7,0,1,2,0,0,27,0,0,0,0,0,0,0,0,0,0,5,23,0,0,0,0,0,0,0,0,0,0,1,0,1,0,0,0,0,0,0,0,0,0,0,0,2,0,0,0,0,0,0,0,0,0,0,29,0,0,0,0,0,0,0,15,0,7,0,0,1,0,6,24,0,0,0,10,0,0,0,13,11,0,0,2,0,0,0,0,0,0,0,0,0,0,0,0,0,0,0,0,0,0,0,2,0,0,0,0,0,30,0,0,0,1,0,0,0,1,0,0,0,0,0,0,9,0,0,0,1,0,0,5,0,0,0,0,0,0,0,0,0,16,1
"7956x422",0,2,9,0,0,0,0,5,3,0,5,0,3,0,0,0,0,0,13,8,0,0,10,0,2,3,0,0,0,0,0,0,0,6,0,7,5,0,1,0,0,0,0,0,0,0,0,0,0,0,0,3,0,0,0,0,4,0,0,0,7,6,0,0,0,0,0,4,0,0,0,0,0,0,3,0,0,0,0,0,8,0,1,0,0,0,6,0,0,0,0,27,0,4,5,2,1,0,1,0,0,11,12,39,0,0,0,0,0,0,15,34,5,0,0,0,0,0,0,0,0,0,10,0,0,2,0,0,1,0,0,12,163,1,0,0,1,0,0,0,0,0,20,0,0,0,5,0,0,0,0,0,0,0,0,0,0,0,0,0,0,0,1,0,9,0
"7948x1383",4,0,0,0,0,4,0,1,18,0,9,0,0,0,0,0,0,0,0,2,0,7,0,0,0,1,0,0,0,0,0,0,0,3,0,0,0,0,0,0,0,25,6,0,2,1,0,0,0,0,0,0,0,0,0,0,5,0,0,0,0,0,0,0,0,0,0,0,0,0,0,0,0,0,0,0,0,0,19,0,0,0,6,0,0,0,0,0,0,0,0,0,0,0,4,0,0,0,1,0,3,0,10,3,0,0,30,0,3,0,1,0,0,0,1,0,0,0,0,0,0,0,0,0,0,0,0,0,0,0,1,0,39,0,0,9,1,0,0,0,0,0,0,0,0,0,0,5,1,0,0,0,0,0,10,0,6,1,0,1,1,0,5,0,21,0
"7969x4136",4,0,2,0,2,0,0,0,14,5,5,0,0,5,0,0,0,0,0,5,0,1,0,0,0,0,0,0,0,2,0,0,0,1,0,0,2,0,0,0,0,0,0,0,0,6,0,2,0,0,0,0,0,0,0,0,6,0,0,0,0,0,0,0,0,1,0,4,0,0,0,0,0,0,0,0,0,0,0,0,0,0,0,1,0,0,2,0,0,0,4,0,0,0,0,14,0,0,0,0,0,0,11,0,0,0,10,0,0,0,6,0,0,0,5,0,0,0,0,0,0,0,0,0,0,0,0,0,0,2,0,0,42,1,0,5,0,0,0,0,0,0,4,0,0,0,0,0,0,0,0,0,0,0,1,0,0,0,0,0,0,6,0,0,7,0
"8005x5806",0,0,0,0,1,0,0,0,0,0,12,0,0,0,0,0,0,0,0,12,0,0,11,0,0,0,0,0,0,0,1,0,0,0,0,0,0,0,0,0,0,0,0,0,0,0,0,0,2,0,0,0,9,0,21,6,0,0,0,0,1,0,0,0,0,0,0,0,0,0,2,0,0,0,0,0,0,0,0,1,0,0,0,0,0,0,1,0,0,0,0,0,0,0,15,0,1,1,3,0,0,2,0,0,0,0,0,0,1,0,0,13,0,0,0,2,0,0,0,0,0,2,7,0,0,0,0,0,0,0,0,0,5,0,0,0,5,0,0,0,0,0,0,0,0,0,0,0,0,0,0,0,0,0,0,0,0,0,0,0,0,0,0,12,0,0
"8017x1272",1,0,4,0,0,0,0,0,20,6,1,0,0,0,0,0,0,0,1,7,0,4,0,0,13,1,0,0,0,0,0,0,0,0,0,0,4,0,0,0,0,20,10,0,0,3,0,0,0,0,0,0,0,0,0,0,12,0,0,0,12,0,0,0,5,0,0,0,0,0,0,0,16,0,0,0,2,0,0,0,0,1,7,0,0,0,6,0,0,0,0,0,0,0,6,0,3,0,0,0,0,4,0,19,0,0,0,0,0,0,1,5,0,0,3,0,0,0,0,0,0,3,0,0,0,0,0,13,0,0,0,0,22,0,0,19,0,2,0,0,0,0,6,0,0,0,0,0,0,0,0,0,0,0,0,0,0,1,0,0,0,3,5,0,4,0
"8027x1173",0,3,0,0,0,0,0,3,18,0,25,12,0,0,0,0,0,0,0,5,0,0,0,0,3,0,0,0,0,0,0,0,0,0,0,0,0,0,0,17,0,0,11,0,0,0,0,0,0,0,0,0,0,0,0,0,19,0,0,0,6,0,0,0,7,0,0,0,0,0,0,0,0,0,0,2,0,0,0,0,0,1,2,0,0,0,1,0,0,0,2,7,0,2,0,0,0,0,2,0,0,7,2,17,0,0,0,0,1,0,1,3,0,0,0,0,0,0,0,0,0,0,0,0,0,0,0,0,0,0,0,0,23,0,0,2,0,0,0,0,0,0,10,0,0,0,11,0,0,0,0,0,0,0,0,0,0,8,0,0,0,0,0,0,5,0
"8007x4013",0,0,0,0,2,0,0,3,15,0,9,0,1,0,0,1,0,0,1,3,0,0,0,0,0,0,0,0,0,0,0,0,0,0,0,0,0,0,0,0,0,0,6,0,0,0,0,0,0,0,0,0,0,0,0,0,3,0,0,0,0,0,0,0,0,0,1,1,0,0,0,0,0,0,0,0,0,0,0,0,0,0,0,0,7,0,3,0,0,0,0,2,0,0,4,0,0,6,0,0,0,3,3,0,0,0,0,0,0,0,0,2,0,0,0,0,0,0,0,0,0,0,0,0,0,0,0,0,0,0,0,0,13,4,4,4,0,0,0,0,0,0,0,0,0,0,0,0,0,0,0,0,1,0,3,0,0,0,4,0,1,5,0,0,1,0
"8061x4757",0,0,7,0,0,1,0,0,12,0,1,15,1,0,0,0,0,0,0,6,0,0,0,0,1,7,0,0,1,0,0,0,9,0,0,1,11,0,0,0,0,2,2,0,0,0,0,0,0,0,0,0,0,0,4,0,8,0,0,0,6,0,0,0,0,0,0,13,0,0,0,0,0,0,0,0,0,0,0,0,0,0,0,0,0,0,15,0,0,0,0,0,0,0,1,0,0,0,1,3,0,1,0,13,0,0,0,0,0,0,0,0,0,0,0,0,0,0,0,0,0,0,0,0,0,4,0,0,0,0,0,0,34,10,0,5,0,0,70,0,6,0,5,0,0,0,2,0,3,0,0,0,0,0,1,0,0,27,0,0,0,0,0,0,7,0
"8039x3877",0,0,0,0,0,1,0,0,0,0,4,0,0,0,0,0,0,0,1,1,0,0,0,0,8,6,0,0,0,0,0,0,3,0,0,0,11,10,2,0,0,0,20,0,0,0,0,11,0,0,0,0,0,0,4,1,4,0,0,0,0,0,0,0,0,0,0,1,0,0,0,0,0,0,0,0,0,0,0,0,0,0,0,0,0,0,6,0,0,0,0,2,0,0,3,0,0,0,0,1,1,2,12,12,0,0,0,2,0,0,0,0,1,6,0,0,0,0,0,0,3,0,0,5,0,0,0,0,0,0,0,0,13,0,1,0,0,0,0,0,0,0,4,0,0,0,0,0,0,0,0,0,0,0,0,0,0,0,0,0,1,0,0,1,12,0
"8068x5356",1,0,0,0,0,0,0,0,0,0,10,0,0,0,0,0,0,0,15,0,0,0,0,0,7,0,0,0,0,0,0,0,0,0,0,0,0,0,0,0,0,2,15,0,0,0,0,0,0,0,0,0,0,0,2,0,0,0,0,0,0,0,0,9,0,0,0,0,0,0,0,0,0,0,0,0,0,0,0,0,0,0,0,0,0,0,0,0,0,0,0,0,0,4,0,0,0,0,0,14,0,0,0,0,0,0,0,0,0,0,11,0,0,0,0,0,0,0,0,0,1,0,0,0,0,0,0,1,0,0,0,0,14,0,0,0,9,0,0,0,0,0,0,0,0,0,0,0,0,0,0,0,0,0,0,0,0,2,0,0,0,0,0,0,1,0
"8025x314",0,0,8,0,0,2,0,0,11,0,0,0,4,0,0,0,0,0,6,5,0,0,4,0,0,0,1,0,0,0,18,0,0,9,0,0,0,0,6,0,0,31,8,0,0,0,0,0,4,0,1,3,0,1,2,0,6,0,0,0,3,0,1,0,0,0,0,6,0,0,0,0,0,0,0,0,3,0,6,0,0,0,3,0,19,0,0,0,0,0,0,0,0,0,21,0,3,0,1,0,0,2,27,10,0,0,0,0,0,0,14,0,0,0,4,0,0,0,0,0,0,1,21,1,0,0,1,0,0,0,0,0,114,0,0,0,0,0,0,0,6,0,4,1,0,0,0,0,1,0,0,0,0,0,3,0,0,3,0,0,5,0,0,0,9,0
"8076x575",0,0,1,0,5,0,0,0,27,0,0,0,0,0,0,0,0,0,2,0,0,0,0,0,0,1,0,0,2,0,0,22,7,0,0,0,0,0,0,0,2,0,10,0,0,0,0,9,0,0,0,0,0,0,48,21,2,1,0,0,0,0,0,0,3,0,0,5,0,0,1,0,0,7,0,0,0,0,0,0,0,0,0,0,0,0,0,0,0,0,0,0,0,0,5,0,0,2,2,0,0,3,0,0,0,0,0,0,1,0,1,10,0,0,6,3,0,0,0,0,0,0,0,0,0,2,0,0,0,0,0,18,14,11,0,0,0,0,0,0,1,0,2,1,2,0,0,0,0,4,4,0,2,0,0,0,0,5,0,0,1,8,0,55,8,0
"8072x1434",2,0,0,0,0,0,0,0,26,0,0,0,0,0,0,0,0,0,0,0,0,0,0,0,0,0,0,0,0,0,0,0,0,0,0,0,0,0,0,0,1,0,19,0,0,0,4,2,0,0,0,0,0,0,2,25,12,0,0,0,0,0,0,6,2,0,0,0,0,1,0,0,0,0,0,0,3,0,24,0,0,0,0,0,6,0,2,0,0,0,1,3,0,7,7,0,0,0,0,1,0,9,7,0,0,0,4,0,0,0,1,10,2,0,10,0,0,0,0,0,1,0,0,0,0,2,0,0,0,0,0,0,39,0,0,0,0,0,0,0,7,0,2,0,0,0,0,0,0,5,0,0,0,0,7,0,0,1,0,0,0,0,5,8,32,0
"8052x726",0,0,12,0,1,1,0,0,42,0,0,0,0,1,0,0,0,0,2,2,0,0,0,1,0,0,0,0,0,0,0,0,1,1,0,0,6,0,0,0,0,0,11,0,0,0,0,0,0,1,0,0,1,0,88,49,5,0,0,0,5,0,0,0,11,0,0,7,0,0,2,0,0,4,0,0,0,0,6,0,2,0,0,0,0,1,0,0,0,0,0,0,0,3,0,0,9,3,3,13,1,3,5,0,0,0,3,0,0,0,2,2,0,2,0,2,0,0,0,0,0,0,5,0,0,13,0,0,0,0,0,0,9,4,0,0,0,0,0,0,6,0,3,0,0,0,0,0,0,0,1,0,0,0,0,0,0,4,1,0,9,5,16,74,7,0
"8068x4145",0,2,6,0,5,0,0,0,8,0,1,0,1,7,0,0,0,0,0,3,0,0,0,0,0,9,0,0,0,0,0,0,0,0,0,0,0,0,0,0,0,10,1,0,0,0,1,0,0,0,0,0,0,0,0,0,0,0,0,0,6,0,0,0,0,0,0,0,0,0,0,0,0,0,0,0,0,0,0,0,0,0,0,0,0,0,0,0,0,0,0,0,0,0,0,1,0,0,0,0,0,0,0,2,0,0,0,0,0,0,0,0,7,0,0,0,0,0,0,0,0,0,0,0,0,0,0,0,0,0,0,0,23,2,0,0,0,0,2,0,0,0,14,0,0,0,0,0,0,0,0,0,0,0,1,0,0,0,0,0,0,0,2,0,3,0
"8081x5672",3,2,5,0,0,0,0,0,11,10,23,0,0,0,0,0,0,0,0,0,0,0,0,0,0,0,0,0,0,2,0,0,38,2,0,0,0,0,0,0,0,2,12,0,0,0,3,0,0,0,0,0,0,0,38,12,0,0,0,0,0,0,0,0,0,0,0,4,0,0,2,0,0,0,0,0,1,0,0,0,0,0,0,0,7,0,8,0,0,0,2,0,0,0,3,3,3,0,0,0,0,1,0,0,0,0,0,0,0,0,0,0,2,0,1,2,0,1,0,0,0,0,0,0,0,0,0,18,0,0,0,9,0,5,0,0,0,0,0,0,0,0,0,0,0,0,0,0,0,0,1,0,0,0,0,0,0,0,0,0,0,10,2,22,7,0
"8084x1098",0,0,0,0,1,0,0,21,16,0,48,2,0,0,0,0,0,0,1,0,0,0,0,0,6,0,0,0,0,0,0,0,0,0,2,0,0,0,0,0,0,0,15,0,0,3,0,0,0,0,0,0,0,0,0,0,0,0,0,0,0,0,0,0,0,0,0,3,0,0,0,1,0,0,0,0,0,0,1,0,0,0,2,0,0,0,1,0,0,0,0,23,0,1,0,0,0,0,2,3,0,0,15,11,0,0,1,4,0,0,1,21,0,0,0,0,0,0,0,0,0,1,0,0,0,0,0,0,0,0,0,0,68,0,0,1,0,0,0,0,0,0,2,0,0,0,0,0,0,0,0,0,0,0,5,0,0,7,0,0,0,0,0,12,13,0
"8099x4982",1,1,13,0,0,0,0,0,63,3,3,0,1,6,0,0,0,0,4,14,0,0,1,0,0,0,0,0,2,0,0,0,6,1,2,11,0,0,1,0,7,3,38,0,0,0,0,0,0,0,0,0,0,0,64,87,0,0,0,3,1,0,0,9,0,0,1,0,0,0,0,0,0,0,0,0,1,0,0,12,0,0,0,4,0,0,0,0,0,0,0,0,0,0,0,0,0,0,27,0,5,0,0,0,0,0,0,0,0,0,22,7,1,0,0,12,0,0,0,0,5,0,1,0,0,6,0,0,0,0,0,0,1,12,0,0,0,0,47,0,1,0,0,0,0,0,0,0,3,0,3,0,0,0,0,0,2,13,0,0,0,0,0,51,2,0
"8105x4007",0,0,2,4,0,0,0,5,3,15,6,0,0,0,0,0,0,0,0,0,0,0,0,13,1,1,0,0,0,0,0,0,0,2,0,0,5,0,0,0,0,0,1,0,0,0,0,0,0,0,1,0,0,0,0,0,1,0,0,0,0,0,0,0,0,0,0,0,0,0,0,0,0,10,0,0,3,0,0,0,0,0,0,0,0,0,2,0,0,0,0,0,0,0,0,0,0,1,0,0,0,1,1,0,0,0,0,0,0,0,0,5,0,0,0,0,0,0,0,0,0,0,5,0,0,0,1,0,0,0,0,0,17,0,0,0,0,0,0,0,0,0,1,0,0,0,0,0,0,0,0,0,0,0,0,0,0,0,0,0,0,0,0,1,10,0
"8076x5960",1,0,10,0,0,3,0,0,19,1,7,7,2,0,0,0,0,0,1,5,0,0,0,0,0,2,0,0,0,0,1,0,0,0,0,0,1,0,0,0,0,1,18,0,0,10,0,5,0,0,0,0,0,1,0,0,13,0,0,0,2,0,0,0,0,0,0,12,0,0,0,0,0,0,0,0,4,0,0,0,0,0,0,0,0,10,0,0,0,0,1,0,0,0,2,10,0,0,0,0,0,8,6,0,0,0,0,18,0,0,8,0,0,6,6,0,0,0,4,0,0,0,0,0,0,0,0,0,0,0,0,0,92,0,0,2,0,0,0,0,0,0,16,0,0,0,0,0,3,0,0,0,0,0,1,0,0,0,0,0,2,0,0,1,8,0
"8100x861",5,0,22,0,0,0,0,2,12,0,0,3,0,0,0,0,0,0,2,2,0,0,0,0,9,7,0,0,0,0,16,0,0,4,0,0,19,0,0,2,17,0,34,0,0,5,0,4,0,0,0,0,0,0,26,7,7,0,0,0,0,1,8,0,0,0,0,1,0,0,0,1,0,7,0,0,1,2,5,0,4,0,9,0,9,0,4,0,0,0,0,29,0,0,5,4,0,1,2,4,0,3,14,1,0,0,18,1,24,0,11,4,0,0,0,1,0,0,0,0,0,0,0,0,1,0,0,0,0,0,0,0,42,10,0,1,0,0,6,0,7,4,0,0,0,0,0,0,0,0,10,0,0,0,9,0,0,2,0,0,0,1,10,5,49,3
"8071x6544",1,1,7,0,0,0,0,0,2,0,20,24,0,0,0,0,0,0,0,1,0,6,9,0,9,0,10,0,0,0,0,0,0,1,0,0,6,0,0,0,0,0,0,0,0,1,0,0,0,3,0,0,0,0,2,0,0,1,0,0,7,0,0,0,0,0,1,3,0,0,0,0,0,0,0,0,0,0,0,0,0,0,0,0,4,0,0,0,2,0,0,17,0,1,9,0,7,0,3,0,0,6,0,9,0,0,0,0,0,0,8,2,9,12,0,0,0,0,0,0,0,0,6,0,0,3,0,0,0,9,0,0,59,16,0,3,0,0,1,0,0,0,0,0,0,0,0,12,0,0,0,0,0,0,0,0,3,3,0,0,0,0,0,0,0,7
"8128x1008",0,0,7,0,6,0,0,0,1,0,5,0,0,0,0,0,0,0,2,0,0,0,0,0,2,0,0,0,0,0,0,0,0,0,0,0,0,0,0,0,0,0,14,0,0,3,0,0,0,0,0,0,0,1,0,0,5,0,0,0,0,0,0,0,0,0,0,4,0,0,0,0,6,0,0,0,0,0,13,0,0,0,0,0,0,0,5,0,1,0,0,2,0,0,0,0,0,0,0,2,0,0,2,11,0,0,1,0,0,0,5,1,0,0,0,0,0,0,0,0,0,1,0,0,0,0,0,0,0,0,0,0,47,1,0,0,0,0,0,0,1,0,0,0,0,0,0,0,0,0,0,0,0,0,5,7,0,0,0,0,0,0,0,1,25,0
"8158x3850",0,0,17,0,0,0,0,0,26,0,1,1,0,0,0,0,0,0,0,0,0,0,0,0,0,16,0,0,10,0,0,0,2,0,0,0,14,0,0,0,0,0,8,0,0,0,0,4,0,0,0,0,0,0,123,4,4,0,0,0,0,0,1,4,0,0,0,6,0,0,1,0,0,0,0,0,3,0,5,0,0,0,0,0,2,0,2,0,0,0,0,0,0,1,6,0,0,0,1,4,3,0,0,13,0,0,0,0,1,0,19,13,13,12,1,2,0,0,0,0,0,0,0,0,0,0,0,0,0,0,0,8,5,2,0,4,0,0,0,4,23,0,0,0,0,10,0,0,0,0,0,0,0,0,0,0,0,0,3,0,1,3,0,51,4,0
"8125x6098",1,0,34,0,0,1,6,1,25,0,0,0,2,5,0,0,0,0,3,11,0,3,0,0,0,15,0,0,0,0,0,0,0,12,0,1,23,0,13,0,0,11,5,0,0,1,0,0,6,0,0,0,0,0,0,0,2,0,0,0,5,0,0,0,0,0,0,14,0,0,0,0,2,5,0,0,0,0,4,0,0,0,0,0,0,0,0,0,0,0,0,0,0,0,26,0,0,0,0,0,0,0,43,8,0,0,0,0,0,0,0,15,17,0,3,0,0,0,0,0,0,0,0,0,2,0,0,0,0,0,0,20,51,4,0,0,0,0,0,0,3,0,2,0,0,0,0,0,0,0,0,0,0,0,0,0,0,5,0,0,0,0,0,0,1,0
"8165x2812",0,3,16,0,7,1,0,0,17,0,16,0,0,0,2,0,0,0,6,3,0,4,0,0,13,0,0,0,0,0,0,0,0,0,0,2,68,1,15,0,0,1,17,0,0,0,0,26,22,0,1,3,0,0,0,0,8,2,0,0,34,0,0,0,0,0,0,5,0,0,0,0,0,4,0,0,2,0,0,0,0,0,3,0,5,0,2,0,0,0,0,0,0,0,21,1,2,0,0,1,0,5,86,3,0,0,0,1,0,0,0,0,0,0,1,0,0,0,0,0,0,0,0,0,0,2,0,2,7,0,0,8,43,0,0,4,0,1,0,0,0,0,0,0,0,0,0,3,0,0,0,0,0,0,0,0,0,0,0,0,0,1,2,0,0,0
"8163x5858",1,0,2,0,1,1,0,0,7,2,5,40,0,0,0,0,0,0,0,8,0,0,0,0,0,0,0,0,0,0,0,0,0,0,0,0,1,0,5,6,0,0,2,0,0,10,0,4,1,0,0,0,0,0,3,0,4,0,0,0,7,0,0,0,1,0,0,0,0,0,0,0,0,0,0,0,0,0,2,0,0,0,0,0,0,0,0,0,0,0,1,0,0,5,5,0,1,5,0,0,1,11,0,7,4,0,0,4,0,0,13,1,0,0,0,0,0,0,0,0,0,0,0,0,0,0,1,0,0,0,0,0,57,6,0,0,0,0,9,0,3,0,1,0,0,0,2,0,0,0,0,0,6,0,4,0,0,5,0,0,2,0,0,0,20,0
"8159x451",4,0,0,3,0,0,0,0,2,0,12,2,0,0,0,0,0,0,0,0,0,0,0,0,0,0,0,0,0,0,0,0,0,0,0,0,0,0,0,0,0,0,11,0,0,0,0,0,0,0,0,0,0,0,4,0,0,0,0,0,0,0,0,0,0,0,0,0,0,0,0,0,0,0,0,0,0,0,0,0,0,0,7,0,10,0,0,0,0,0,0,2,0,0,0,0,0,0,1,0,0,0,0,0,0,0,0,0,0,0,10,8,0,0,0,0,0,0,0,0,0,0,0,0,0,0,0,0,0,0,0,18,3,0,0,0,0,0,0,0,0,0,0,0,0,0,56,1,0,3,0,5,0,0,0,0,0,0,0,0,0,11,0,0,1,0
"8170x1870",1,0,0,0,0,3,0,9,32,0,4,1,0,0,0,0,0,0,4,2,0,1,0,0,10,0,0,0,2,0,5,0,1,8,0,0,27,0,0,0,0,22,45,0,0,0,0,0,0,0,0,0,0,0,0,0,6,0,0,0,22,0,0,0,0,0,0,5,0,0,0,0,0,9,0,0,11,0,0,0,0,0,5,0,1,0,3,0,0,0,9,3,0,5,0,43,0,2,18,3,0,1,11,17,0,0,0,0,1,0,12,0,4,0,0,0,0,1,3,0,0,0,4,1,0,0,0,0,0,0,0,0,146,2,0,8,0,0,0,2,1,0,8,0,0,0,0,0,1,0,0,0,0,0,0,0,0,1,0,0,0,0,14,5,2,0
"8135x4559",0,0,1,0,0,0,1,0,42,0,4,1,0,0,0,0,0,0,5,1,0,0,4,0,0,0,0,6,0,0,0,0,0,3,3,0,10,0,1,0,2,0,27,0,0,0,0,9,0,0,0,2,0,0,64,19,5,2,0,0,0,0,0,0,0,0,0,1,0,1,0,0,0,0,4,0,3,0,0,0,0,0,1,0,0,0,0,0,0,0,0,0,0,1,0,0,0,5,2,2,0,2,0,0,0,0,14,0,0,0,7,19,3,0,0,1,0,0,0,0,0,1,0,0,0,0,1,0,0,0,0,0,26,3,0,0,0,0,0,0,1,0,6,0,0,0,0,1,0,0,2,0,0,0,0,0,0,1,1,0,11,0,8,30,0,0
"8170x3230",0,0,0,0,0,0,0,0,5,0,7,1,56,0,0,0,0,0,1,0,0,0,0,0,0,0,0,0,0,0,13,0,0,23,0,0,0,0,0,0,0,0,18,0,0,0,6,0,0,0,0,0,0,0,0,0,0,0,0,0,0,0,0,0,0,0,0,0,0,0,0,0,0,0,20,0,5,0,0,0,0,0,0,0,0,0,0,0,0,0,0,0,0,0,0,0,0,0,0,3,0,0,0,0,0,0,0,0,0,0,0,0,0,0,0,0,0,0,0,0,0,0,0,5,0,0,0,0,0,0,0,0,0,0,0,0,0,0,0,0,0,0,0,0,0,0,0,0,0,0,0,0,0,0,0,0,0,0,0,0,0,0,0,0,0,0
"8197x6380",1,0,5,0,1,0,0,0,14,0,0,0,0,0,0,0,0,0,3,0,0,0,0,0,0,21,12,0,0,0,0,0,0,0,0,2,22,0,1,0,0,26,0,0,0,0,0,9,0,0,0,0,0,0,0,0,0,0,0,0,4,0,0,0,0,0,0,1,0,0,0,0,0,0,0,0,0,0,0,0,0,0,0,0,0,0,9,0,0,1,0,0,0,2,0,0,0,0,0,0,0,5,34,6,0,0,0,6,1,0,0,0,0,0,12,0,0,0,0,0,0,0,0,0,0,1,0,0,0,0,0,0,93,0,0,6,0,0,0,0,0,0,1,0,0,0,0,0,0,0,0,0,0,0,0,0,0,0,0,0,0,0,0,0,0,0
"8206x2642",0,2,22,0,0,0,0,0,83,0,17,10,0,0,1,0,0,0,3,16,1,0,0,0,13,2,0,0,0,9,0,0,0,0,0,11,2,0,0,0,0,3,27,0,0,1,0,7,1,0,0,0,4,0,0,0,18,1,0,0,0,0,0,1,0,0,0,3,2,0,0,0,0,3,0,0,2,0,7,0,0,3,0,0,1,0,28,0,0,0,0,0,0,1,4,8,3,0,0,31,0,6,10,30,9,0,0,0,1,0,13,26,0,2,1,0,0,0,6,0,0,0,0,1,0,0,0,0,0,0,0,24,58,1,4,1,0,0,3,5,6,0,7,0,0,0,0,7,5,0,0,0,2,0,0,0,0,2,3,1,5,0,4,11,11,0
"8208x2333",0,1,2,0,6,2,0,4,32,6,7,1,10,0,11,0,0,0,8,0,0,5,0,0,17,0,4,0,0,0,0,0,0,0,0,0,70,2,37,0,0,9,28,0,0,3,3,9,6,0,1,0,0,0,0,0,3,0,0,0,35,0,0,0,0,0,0,5,0,0,0,0,8,4,0,5,0,0,0,0,0,0,2,0,6,0,2,0,0,0,2,16,0,6,21,11,0,0,0,4,10,23,9,23,0,0,0,0,0,0,30,14,11,2,9,0,0,0,7,2,0,0,0,0,0,0,0,0,0,0,0,0,123,10,0,11,0,0,2,0,0,0,13,0,0,0,0,0,0,0,0,0,0,0,0,0,4,0,0,0,6,0,7,2,14,0
"8216x5718",0,0,6,3,0,0,0,0,28,0,4,0,0,0,0,0,0,0,1,0,0,1,0,0,0,0,0,0,0,2,0,0,20,0,0,0,0,0,2,0,1,0,11,0,0,0,0,0,1,2,0,0,0,1,83,33,2,0,0,0,17,0,1,0,0,0,0,5,0,0,2,0,0,0,0,0,5,0,0,2,0,0,0,0,3,0,0,0,0,0,2,1,0,0,5,1,1,4,0,11,1,0,0,23,0,0,2,2,0,0,19,9,0,0,0,5,0,0,0,0,0,0,0,0,0,0,0,0,0,2,0,0,10,1,0,0,0,1,2,6,1,0,4,0,0,0,4,0,0,0,0,0,0,0,0,1,0,4,16,0,2,7,1,25,3,0
"8207x5398",0,9,2,0,0,1,0,0,8,0,15,0,1,0,0,0,0,0,2,6,0,0,0,0,0,0,0,1,0,0,0,0,0,2,0,0,0,0,7,0,0,0,7,0,0,0,2,0,0,0,0,0,0,0,2,0,8,0,0,0,1,0,0,0,1,1,0,1,0,0,0,0,0,0,0,5,1,0,0,0,0,1,0,0,0,0,2,0,0,0,0,0,0,1,3,0,0,0,3,18,0,0,0,0,0,0,0,0,0,0,2,7,0,0,2,1,0,0,0,0,0,0,4,7,0,4,0,0,0,0,0,0,6,8,0,0,0,0,0,0,0,0,1,0,0,0,6,0,0,0,0,0,0,0,2,0,0,0,0,0,0,0,2,16,0,0
"8224x730",0,6,19,0,1,0,0,0,23,0,1,0,0,0,0,0,0,0,1,7,0,0,0,0,0,3,0,0,0,0,0,0,0,2,0,0,7,0,0,3,0,0,12,0,0,0,1,0,0,0,0,0,0,0,2,2,5,0,0,0,3,2,0,0,0,0,0,4,0,0,0,0,0,0,0,0,1,0,0,0,0,0,4,3,0,0,7,0,0,0,0,0,0,0,0,2,0,0,0,0,1,0,4,0,0,0,9,0,3,0,6,8,0,0,0,0,0,0,0,0,0,1,0,0,0,2,0,0,0,0,0,12,79,0,0,0,0,0,7,0,0,0,0,0,0,0,1,4,0,0,6,0,0,0,0,0,0,2,0,0,5,0,0,2,18,1
"8337x1658",3,0,3,0,0,0,0,0,22,0,1,0,22,4,0,0,0,0,0,2,0,1,0,0,5,0,0,0,7,0,6,0,0,4,0,0,1,0,5,0,0,0,5,0,0,0,0,0,0,1,0,0,0,0,4,4,18,0,0,0,0,0,0,0,0,0,0,14,0,0,0,0,0,2,0,0,2,0,1,0,0,0,0,6,0,0,0,0,0,0,0,0,0,0,0,1,6,1,0,1,4,6,4,0,0,0,0,0,0,0,2,0,1,0,0,0,0,0,0,0,0,0,0,0,0,0,0,0,0,0,0,4,81,1,0,3,0,0,517,1,0,18,0,0,0,0,4,3,0,0,0,0,0,0,0,0,0,2,14,0,6,0,0,7,0,0
"8280x3143",0,0,0,0,0,3,0,0,9,0,15,2,71,1,0,0,0,0,0,0,0,0,0,0,13,0,0,0,0,0,36,0,0,0,0,0,0,0,0,0,1,0,14,0,0,0,0,25,0,0,0,0,0,0,2,0,0,0,0,0,0,0,0,0,3,0,0,0,0,0,0,0,0,0,79,0,0,0,7,0,0,0,0,0,0,0,0,0,0,0,0,9,0,0,0,0,0,0,0,5,0,9,0,7,0,0,7,0,0,0,0,9,0,0,0,0,0,0,0,0,0,0,0,0,0,0,0,0,0,0,0,0,0,0,0,0,0,8,2,0,0,2,0,0,0,0,2,0,0,0,0,0,0,0,0,0,0,0,1,0,0,0,1,0,0,0
"8277x507",0,0,32,0,0,1,0,0,29,2,1,0,0,0,0,0,0,0,4,5,0,0,0,0,0,0,0,0,0,0,1,0,0,0,2,0,0,0,0,0,0,4,8,0,0,0,0,0,0,0,0,0,0,0,39,18,0,0,1,4,9,0,0,0,0,0,0,5,0,1,0,0,0,4,0,0,0,0,0,0,0,0,0,0,0,0,0,0,0,0,0,0,0,0,0,4,0,0,0,0,0,0,0,0,0,0,0,0,0,0,0,4,0,0,0,0,0,0,0,0,0,0,0,0,0,0,0,0,0,0,0,0,1,0,0,0,0,0,0,0,4,0,0,0,0,0,0,0,0,0,0,0,0,0,0,0,0,6,0,0,0,0,0,30,0,0
"8296x6129",0,0,26,0,1,0,0,0,4,0,8,0,0,0,0,0,0,0,0,0,3,0,0,0,0,0,0,0,0,0,0,0,0,0,0,0,14,0,0,0,0,12,2,0,0,0,0,0,0,0,0,0,0,0,1,0,0,0,0,0,0,0,0,0,0,0,0,0,0,0,0,0,0,3,0,0,2,0,3,0,0,0,0,0,0,0,0,0,0,0,0,8,0,0,14,0,0,0,0,3,0,0,17,0,0,0,19,0,8,0,0,1,1,0,0,0,0,0,0,0,0,0,0,0,0,1,0,0,0,0,0,0,7,0,0,0,0,0,0,0,0,0,0,0,0,0,0,0,0,0,0,4,0,0,0,0,0,0,0,0,0,0,4,0,15,2
"8310x1108",0,0,0,0,4,0,0,0,4,0,1,2,0,0,0,0,0,0,1,11,0,0,0,0,0,0,0,0,0,0,0,0,1,4,0,0,6,0,0,0,3,0,4,0,0,0,0,0,0,0,0,0,0,0,0,0,6,0,0,0,1,0,0,0,1,0,0,3,0,0,0,0,0,0,0,0,3,0,0,0,0,0,2,0,9,0,2,0,4,0,0,17,0,0,0,4,0,0,0,11,0,2,0,14,0,0,9,0,0,0,6,16,0,0,0,1,0,0,3,0,1,1,0,0,0,2,0,0,0,0,0,0,22,1,0,0,0,0,0,0,0,0,2,0,0,0,0,0,0,0,0,0,1,0,3,0,0,1,0,0,1,0,0,1,1,0
"8305x4147",0,0,0,0,0,1,0,0,6,3,5,0,0,0,0,0,0,0,2,0,0,9,0,0,0,0,0,0,0,1,0,0,0,0,0,0,12,0,0,0,0,8,0,0,0,0,0,0,8,0,0,0,0,0,5,0,0,0,0,0,1,1,0,0,0,0,0,0,0,0,0,0,0,0,0,0,4,0,0,0,0,0,3,0,0,2,5,0,0,0,0,4,0,0,0,0,0,0,0,11,0,1,1,0,0,0,0,0,0,0,1,4,19,0,4,0,0,0,0,0,0,0,0,4,0,0,2,0,0,0,0,0,4,0,0,1,0,0,39,0,0,0,5,0,0,0,13,0,0,2,0,0,0,0,0,0,0,0,0,0,0,0,5,1,1,0
"8296x5507",0,0,0,0,0,0,0,0,13,0,0,0,0,0,0,0,0,0,5,1,0,0,0,0,0,0,0,0,0,0,0,0,0,1,0,0,5,0,3,0,0,0,3,0,0,0,0,0,0,0,0,0,0,0,0,0,10,0,0,0,2,0,2,0,1,0,0,4,0,0,0,0,0,0,0,0,0,0,0,0,0,0,0,0,0,1,5,0,0,0,0,2,0,0,6,0,0,0,0,0,0,0,0,7,0,0,3,0,0,0,1,0,0,0,1,0,0,0,0,0,0,0,0,0,0,4,0,0,0,0,0,0,52,0,0,0,0,0,0,0,0,0,10,0,0,0,0,0,0,0,0,0,0,0,0,0,0,0,0,0,0,0,0,0,0,0
"8332x3267",0,0,0,2,0,0,0,0,6,0,21,0,19,0,0,0,0,0,1,0,0,0,0,0,0,0,0,0,0,0,0,0,0,1,3,3,6,0,0,0,0,0,21,0,0,0,0,0,0,0,0,0,0,1,0,0,0,0,0,0,0,0,0,0,0,0,0,0,0,0,0,0,0,0,0,0,1,0,0,0,0,0,8,0,0,0,0,0,0,0,0,4,0,0,0,0,0,0,0,13,0,2,0,0,0,0,0,0,0,0,10,0,4,0,1,0,0,1,0,0,4,0,0,0,0,0,0,9,0,0,0,0,0,0,0,0,0,2,0,0,0,0,0,0,0,0,2,0,0,0,0,0,1,0,0,0,0,0,0,0,10,0,0,0,0,0
"8332x6285",0,0,16,0,9,1,0,0,9,0,1,0,0,23,0,1,0,0,1,5,0,0,0,0,0,7,3,0,0,0,0,0,0,0,0,0,54,5,5,0,0,0,11,1,0,0,0,5,8,0,0,0,0,0,0,0,2,0,0,0,36,0,0,0,0,0,0,2,0,0,0,0,0,0,0,0,0,0,0,0,0,0,0,0,0,0,0,1,2,0,0,5,0,22,0,0,0,0,2,0,0,2,39,2,0,0,11,7,0,0,0,22,0,11,1,0,0,0,0,0,6,3,0,0,0,0,0,0,0,0,0,37,48,0,0,28,0,0,0,0,2,0,2,0,0,0,0,0,0,0,0,0,0,0,0,1,0,0,0,0,0,0,2,2,0,0
"8316x6450",0,0,12,0,5,0,0,0,12,0,0,2,0,0,0,0,0,0,8,8,0,0,0,0,3,3,3,0,0,0,0,0,0,0,0,4,11,0,1,1,0,1,6,0,0,1,0,0,0,0,0,1,0,2,0,0,3,0,0,0,3,0,0,0,5,0,0,0,0,0,0,0,0,0,0,0,0,0,0,0,0,0,0,0,0,0,9,0,6,6,0,2,0,8,3,0,0,0,0,2,0,21,16,6,0,0,0,0,0,0,2,1,0,0,7,0,0,0,0,0,0,0,0,0,0,0,0,3,12,0,0,11,61,3,0,13,0,0,0,0,6,0,0,2,0,0,9,0,0,0,0,0,7,0,0,0,0,0,0,0,0,0,8,0,0,2
"8311x3961",3,0,6,0,1,0,0,3,11,4,19,0,1,0,0,0,0,0,1,2,0,0,0,0,22,19,1,0,0,0,0,0,0,0,0,0,3,0,0,3,0,0,17,0,0,3,0,0,0,0,0,0,0,0,0,0,13,0,0,0,0,0,0,0,0,0,0,4,0,0,0,0,0,0,0,0,2,0,1,0,1,0,2,1,8,0,4,0,0,0,0,0,0,0,2,0,0,2,0,3,0,0,4,31,0,0,5,0,3,0,9,3,1,0,3,0,0,0,0,0,0,0,0,0,0,0,0,0,0,0,0,9,81,0,0,0,0,0,0,0,9,1,16,0,0,0,1,0,0,7,0,0,0,0,0,0,0,0,0,2,0,17,0,0,16,0
"8327x5907",4,0,8,0,0,2,0,8,22,0,12,13,0,0,1,0,0,0,7,12,0,2,0,0,42,9,0,1,4,0,0,0,12,8,0,0,3,0,1,0,4,0,37,0,0,0,0,13,8,3,0,1,0,0,70,10,3,0,0,11,9,0,0,0,0,0,0,5,0,0,3,1,0,0,0,0,1,0,1,2,0,0,8,0,1,0,0,0,0,0,1,0,0,28,2,0,1,1,3,1,1,0,9,3,4,0,9,1,0,0,23,0,3,0,0,3,0,0,0,0,0,0,0,0,0,1,1,0,0,0,0,0,15,10,5,0,0,0,0,0,4,0,1,0,0,0,0,1,0,0,0,0,13,0,0,7,0,10,1,0,15,8,2,56,6,0
"8350x5676",0,0,10,0,0,0,0,2,47,0,9,0,0,0,0,0,0,0,7,4,0,1,0,0,67,7,0,0,0,3,6,0,1,8,0,0,23,1,3,1,0,0,13,0,0,0,0,27,0,0,0,1,0,0,2,5,2,0,0,0,32,0,0,7,0,0,0,1,0,0,0,0,0,6,0,0,1,0,0,2,2,0,0,0,8,0,0,0,5,0,8,0,0,0,1,0,0,0,1,19,0,3,7,21,0,0,8,1,0,0,3,3,1,0,7,2,0,0,0,0,0,2,0,0,0,2,0,3,0,0,0,0,184,1,0,0,0,0,0,0,1,0,29,10,0,0,1,16,0,0,0,1,0,0,0,0,0,0,0,0,7,0,11,9,0,0
"8336x3842",0,0,0,4,0,0,0,0,0,0,12,0,0,0,0,0,0,0,1,0,0,0,1,0,0,3,0,2,0,0,0,0,0,0,0,0,0,0,0,0,0,0,11,0,0,0,0,0,0,0,0,0,0,0,0,0,0,0,0,0,0,0,1,0,0,0,0,0,0,0,0,0,0,0,0,0,0,0,3,0,0,0,0,0,10,0,0,0,0,0,0,0,0,0,0,0,0,0,0,6,0,0,0,0,0,0,0,0,8,0,0,15,0,0,7,0,0,0,0,0,0,6,0,0,0,0,0,0,0,0,0,17,11,0,0,0,0,0,0,0,0,0,0,0,0,0,0,0,0,0,0,0,0,0,0,0,0,0,0,0,0,0,0,2,0,0
"8356x2709",0,0,11,1,4,0,0,0,51,0,7,0,0,0,0,0,0,0,2,0,0,0,0,0,1,1,4,0,0,0,1,0,0,5,0,0,0,0,0,0,6,0,22,0,0,0,0,0,0,0,0,0,2,0,0,0,1,0,0,0,1,0,0,0,0,0,0,0,0,0,0,0,0,2,0,0,0,0,0,0,0,0,5,0,0,0,1,0,0,0,0,0,0,0,9,0,0,1,0,24,0,0,3,9,0,0,0,0,0,0,0,0,0,0,0,1,0,0,5,0,0,0,0,1,0,0,0,0,0,0,0,0,57,4,4,0,0,0,0,0,0,0,0,0,0,0,0,0,0,0,0,0,0,0,0,0,0,1,0,0,0,0,0,4,0,0
"8320x3583",0,0,13,1,5,0,0,0,29,3,0,0,0,0,0,0,0,0,2,0,0,0,0,1,0,0,0,0,2,0,4,0,0,0,0,0,22,0,0,0,0,34,8,0,0,0,0,0,0,2,0,0,1,0,1,0,22,0,0,1,23,0,0,0,0,0,0,0,0,0,0,0,0,0,0,0,0,0,0,0,0,0,0,0,0,0,6,0,3,0,6,29,1,2,2,0,0,0,0,1,0,0,40,2,0,0,0,0,1,0,4,2,6,0,0,0,0,0,0,0,0,0,10,0,0,0,2,0,0,0,0,0,112,3,0,0,0,0,1,0,0,0,0,0,0,0,0,14,0,0,0,0,0,0,0,0,0,0,0,0,5,0,0,0,8,0
"8350x3000",1,0,25,0,0,5,0,0,16,0,7,25,10,0,0,0,0,0,3,0,0,0,0,0,4,0,1,0,3,1,12,0,0,0,0,11,48,6,19,1,5,7,21,0,0,0,8,14,4,0,0,0,0,0,0,0,3,0,0,0,20,0,0,0,0,0,0,0,0,0,0,0,0,0,12,0,0,0,0,11,0,0,0,0,0,0,0,0,4,0,0,18,0,9,0,0,0,7,0,2,0,0,0,2,1,0,6,0,0,0,13,5,0,13,1,0,0,0,0,0,0,0,14,0,0,7,0,0,1,0,0,1,29,4,0,19,0,0,4,0,0,0,11,0,0,0,0,2,0,0,0,1,0,0,0,0,0,0,0,0,0,0,0,18,0,0
"8376x2503",0,0,5,0,0,0,0,1,17,0,2,0,0,0,0,0,0,0,0,0,0,0,0,0,3,0,0,0,0,0,0,0,0,0,0,0,0,0,0,16,0,0,25,1,0,1,0,0,7,0,3,0,0,0,0,0,6,0,0,1,2,0,0,0,1,0,0,0,0,0,0,0,0,5,0,0,1,0,1,0,0,0,8,0,1,0,1,0,0,0,0,8,0,1,0,0,0,0,0,10,0,0,2,0,0,0,1,0,0,0,10,0,0,0,0,0,0,0,0,0,0,0,0,0,0,0,0,0,0,0,0,0,22,3,0,0,0,0,0,0,3,0,0,0,0,0,0,0,0,0,0,0,0,0,0,0,0,0,0,0,0,0,2,0,1,0
"8384x5251",0,10,13,0,3,1,0,16,30,0,5,0,0,0,0,0,0,0,0,19,0,0,0,0,1,13,0,3,0,0,0,4,0,0,0,8,15,0,3,0,0,0,40,0,0,5,0,0,5,0,0,0,0,0,0,0,0,0,0,0,8,0,0,3,0,0,0,3,0,0,0,0,0,0,0,0,0,0,0,0,0,0,0,1,0,0,9,0,0,0,1,0,0,5,0,1,0,0,0,1,0,6,0,5,0,0,9,0,0,0,11,2,0,0,0,0,0,0,0,0,0,0,1,0,0,0,0,0,0,0,0,17,82,0,0,5,10,0,0,5,4,0,0,0,0,0,0,0,2,0,0,0,10,0,0,8,0,5,0,0,7,0,0,8,3,0
"8386x75",0,0,0,0,0,0,0,0,8,0,0,1,0,0,0,0,0,0,3,0,0,0,0,0,0,0,0,0,0,0,0,0,0,0,0,0,0,0,0,0,0,0,4,0,0,0,0,14,0,0,1,0,0,0,0,0,0,0,0,0,7,0,0,0,0,0,0,0,0,0,0,0,0,0,0,0,0,0,2,0,0,0,0,0,12,0,5,0,0,0,0,15,0,0,0,0,0,0,0,0,0,0,10,8,0,0,0,0,0,0,0,0,0,0,0,0,0,0,0,0,0,0,0,0,0,0,0,0,0,0,0,0,5,0,0,2,0,0,0,0,5,0,2,0,0,0,0,2,0,0,0,0,0,0,0,0,0,0,0,0,0,0,0,0,13,0
"8406x4567",0,0,11,0,0,0,0,0,6,0,13,0,0,0,0,0,0,0,1,5,0,0,0,0,4,0,0,0,0,0,3,0,0,0,0,0,0,0,0,0,0,5,15,0,0,0,0,0,1,0,0,0,0,0,1,0,0,0,0,0,0,0,8,0,10,0,0,0,0,0,0,0,0,0,0,0,1,0,7,0,0,0,0,0,0,0,4,0,0,0,0,12,0,0,6,0,0,0,0,5,0,2,14,1,0,0,0,6,2,0,0,2,0,0,0,0,0,0,0,0,0,0,0,0,0,0,0,0,0,0,0,0,72,0,0,0,0,0,368,0,8,0,0,0,0,5,0,4,0,0,0,1,0,0,1,0,4,0,0,0,8,0,1,0,12,0
"8401x5508",7,0,0,0,0,0,0,0,5,0,10,0,0,0,0,0,0,0,1,10,0,0,0,0,0,0,0,2,0,0,0,0,0,0,0,0,0,5,0,0,0,0,0,0,0,0,0,0,15,0,0,0,0,0,0,0,4,0,0,0,4,0,1,0,0,0,0,1,0,0,0,0,0,0,0,0,0,0,0,0,0,0,0,0,0,0,2,0,0,0,0,0,0,0,6,0,0,0,0,2,0,2,0,10,0,0,3,0,0,0,2,2,5,0,5,0,0,0,0,0,0,0,0,0,0,0,0,0,0,0,0,0,20,0,0,0,0,0,0,0,0,0,0,0,0,0,0,2,0,0,0,0,0,0,0,0,0,0,0,0,0,0,3,0,1,0
"8413x5356",0,2,7,0,1,0,0,0,10,0,8,16,0,1,0,0,0,0,0,17,0,0,0,0,10,0,4,0,2,0,0,0,0,4,0,0,6,0,0,5,0,13,16,0,0,17,0,0,7,0,0,0,0,0,0,0,0,7,0,0,30,0,0,3,2,0,0,0,0,0,0,0,0,0,0,0,0,0,0,0,0,0,0,0,0,0,3,0,0,0,0,0,0,0,0,1,0,0,0,0,0,0,0,0,0,0,0,0,0,0,5,0,7,0,0,0,0,0,0,0,0,0,0,0,0,0,0,0,0,0,0,1,21,0,0,3,0,0,0,0,3,0,4,0,0,0,0,0,0,0,0,0,0,0,0,0,0,0,0,0,0,0,0,0,3,0
"8425x6532",4,0,7,0,2,3,0,0,11,0,1,1,0,0,0,0,0,0,3,1,0,0,0,0,0,4,0,0,0,0,0,0,0,0,0,0,0,0,1,0,0,0,10,0,0,0,0,0,1,0,0,1,0,0,0,0,11,0,0,0,13,1,0,3,1,0,0,0,0,0,0,0,0,0,0,0,0,0,0,0,5,0,0,0,0,5,6,0,0,2,0,5,0,0,18,8,0,6,0,0,0,2,5,5,0,0,0,0,0,0,7,11,0,0,9,0,0,0,0,0,0,0,4,3,0,0,0,0,2,0,0,5,50,0,0,13,0,0,0,0,0,0,0,0,0,0,0,4,0,0,0,0,0,0,0,0,0,0,0,1,1,0,0,0,15,0
"8427x5135",1,5,2,0,4,2,0,13,7,0,11,1,1,0,1,0,0,0,0,4,0,0,0,1,0,0,0,0,6,0,0,0,0,4,0,0,44,0,0,0,0,0,5,0,0,2,0,0,5,0,0,0,0,0,3,0,3,0,0,0,0,0,0,6,0,0,0,0,0,0,0,0,0,0,0,0,1,0,0,0,0,0,0,0,0,0,5,0,0,0,1,0,0,2,0,0,0,1,0,6,0,0,0,0,0,0,6,0,0,0,0,2,0,0,0,0,0,0,0,0,0,0,0,0,0,0,2,0,0,0,0,0,51,0,0,0,12,0,9,0,3,0,0,0,0,0,1,0,1,0,0,1,9,0,0,0,0,0,0,0,5,0,0,0,9,0
"8446x3129",0,1,23,2,0,1,0,0,12,0,3,21,19,0,0,0,0,0,0,3,0,0,0,2,2,8,0,0,17,0,32,0,0,0,0,4,3,1,0,3,0,0,9,0,0,0,1,9,0,0,0,0,0,1,0,0,0,0,0,0,0,0,0,0,5,0,1,0,0,0,0,0,0,9,65,0,0,0,0,10,0,0,0,0,0,0,4,0,0,0,3,0,0,0,1,1,0,1,0,0,0,7,2,0,0,0,0,0,0,0,9,0,1,0,0,0,0,0,0,0,0,0,2,0,0,0,0,0,0,0,0,0,40,0,0,13,0,4,0,0,6,1,0,0,0,0,11,1,0,0,0,0,0,0,0,0,0,0,0,3,24,0,0,0,1,0
"8467x3936",0,3,15,0,0,0,0,0,3,0,1,0,0,0,0,0,0,0,0,0,0,0,2,0,5,0,0,0,0,0,4,0,0,0,0,0,0,0,0,0,0,0,13,0,0,0,0,0,0,0,0,0,0,0,0,0,0,0,0,0,1,0,0,0,0,0,0,0,0,0,0,0,0,0,0,0,0,0,1,0,4,0,0,0,0,0,2,0,0,0,0,15,0,0,9,0,0,0,0,0,1,0,5,0,0,0,0,0,0,0,12,3,0,0,0,0,0,0,0,0,2,0,2,0,0,0,0,0,0,0,0,0,15,0,0,0,0,0,0,0,3,0,0,0,0,0,0,1,0,0,0,0,0,0,0,0,0,0,0,0,0,0,1,0,10,0
"8463x4042",0,0,1,0,0,0,0,0,8,0,28,0,0,0,1,0,0,0,1,0,0,0,0,3,2,0,0,0,0,0,2,0,0,0,17,0,0,0,0,4,0,0,3,0,0,0,0,0,0,0,0,0,0,0,0,0,0,0,0,0,0,0,0,0,0,0,0,0,0,0,0,0,0,0,0,1,0,0,0,0,3,0,0,0,0,0,0,0,0,0,0,0,0,0,0,0,0,0,0,0,0,0,0,2,0,0,1,0,0,0,2,3,0,0,5,0,0,0,0,0,0,0,0,0,1,0,0,0,0,0,0,0,4,0,0,1,0,0,0,0,1,0,0,0,0,0,0,0,0,0,0,0,0,0,8,0,4,0,0,0,0,11,3,0,12,0
"8482x1121",4,0,0,0,0,0,0,0,1,0,11,0,0,7,0,0,0,0,0,1,0,0,0,0,0,0,0,0,0,0,0,0,1,0,0,0,0,0,0,0,0,0,3,0,0,0,0,0,4,0,0,0,0,0,3,1,1,0,0,0,0,0,0,0,2,1,0,1,0,0,0,0,8,13,0,0,0,0,0,0,0,0,0,0,0,0,0,0,0,0,3,0,0,1,0,1,0,0,0,0,0,0,0,2,0,0,0,0,0,0,0,2,1,0,0,0,0,0,0,0,0,0,1,0,0,0,0,0,0,0,0,0,2,0,0,0,3,1,1406,0,2,1,0,0,0,0,0,0,0,2,0,0,0,0,0,0,0,0,0,0,1,0,0,0,0,0
"8472x1003",0,0,0,0,0,0,0,0,5,0,0,6,2,0,0,0,0,0,4,0,0,0,0,0,0,0,7,0,0,0,0,0,0,0,0,0,0,0,0,0,0,0,6,0,0,0,0,0,0,0,0,0,0,0,0,0,3,0,0,0,0,0,0,0,0,2,0,0,0,0,0,0,7,1,0,0,0,0,4,0,0,0,0,0,3,0,0,0,0,0,0,0,0,0,0,0,0,0,0,0,1,0,0,0,0,0,0,0,0,0,0,0,0,0,0,2,0,0,0,0,3,0,0,0,0,0,0,0,0,0,0,0,1,2,10,0,0,0,276,2,0,0,0,0,0,0,0,0,0,0,0,0,0,0,0,0,0,0,0,0,0,0,0,0,0,0
"8468x2551",0,1,6,0,0,0,0,0,38,0,1,0,0,0,0,0,0,0,1,2,0,0,0,0,2,0,0,0,0,0,0,0,0,3,0,0,0,0,0,17,0,2,34,0,3,0,0,0,7,0,0,0,0,0,6,2,0,0,0,0,2,0,0,0,9,0,1,0,0,0,0,0,1,0,0,0,0,0,2,0,2,0,0,0,0,0,6,0,0,0,3,9,0,3,0,0,0,0,0,0,0,0,12,5,0,0,1,0,0,0,4,1,0,0,0,0,0,0,0,0,0,0,0,0,0,0,0,0,0,0,0,0,28,5,0,0,0,0,6,0,2,0,0,0,0,0,0,0,0,0,0,0,0,0,0,0,3,0,0,0,0,0,0,0,9,0
"8468x4674",0,0,9,0,0,0,0,1,0,0,0,0,0,0,0,0,0,0,1,0,0,0,13,0,1,0,0,0,0,0,0,0,0,0,0,0,0,0,0,0,0,0,4,0,0,0,0,0,0,0,0,0,0,0,0,3,0,0,0,0,0,0,0,0,1,0,0,0,0,0,0,0,0,0,0,0,0,0,0,0,0,0,0,0,12,0,0,0,0,0,0,7,0,0,3,0,0,0,0,0,1,1,0,14,0,0,0,0,1,0,0,0,0,0,0,0,0,0,0,0,0,0,0,0,0,0,0,0,0,0,0,0,8,0,0,0,0,0,0,0,0,0,0,0,0,0,21,1,0,0,0,1,0,0,0,0,0,0,0,0,0,0,0,0,18,0
"8496x1362",0,0,1,0,0,0,0,0,4,8,0,0,0,0,0,0,0,0,0,2,0,0,0,0,6,0,0,0,8,0,0,0,0,0,0,0,0,0,0,1,0,6,4,0,0,5,0,1,0,0,0,0,0,0,0,1,2,0,0,0,0,0,0,0,0,0,0,3,0,0,0,0,0,0,0,0,0,0,0,0,0,0,0,0,1,0,0,0,0,0,0,0,0,0,1,0,0,0,0,0,7,8,27,0,0,0,0,0,0,4,7,2,0,0,0,0,0,0,0,0,0,0,0,0,0,0,0,3,0,0,0,5,28,0,3,0,0,0,92,0,5,1,0,0,0,0,0,1,0,0,0,0,0,0,0,0,7,5,0,1,0,0,0,3,11,0
"8515x3592",0,0,0,0,7,1,0,3,8,0,14,0,0,0,0,0,0,0,0,0,0,0,0,0,3,0,0,0,0,0,1,0,0,2,0,0,0,0,0,12,4,0,9,0,0,2,0,0,0,0,0,0,0,0,1,0,4,0,0,1,0,0,0,0,0,0,0,0,7,0,0,0,0,8,0,0,0,0,2,0,20,0,0,7,0,0,8,0,2,0,0,4,0,0,0,0,0,0,0,4,0,8,18,0,0,0,0,0,0,0,0,0,2,0,0,0,0,0,0,0,4,0,0,0,0,0,0,0,0,0,0,0,19,0,0,0,0,0,1,0,0,0,0,0,0,0,0,1,0,0,0,1,0,0,0,0,0,0,0,1,4,13,9,0,3,0
"8500x1899",1,0,0,1,1,0,0,0,9,0,0,0,1,0,0,0,0,0,1,0,0,0,0,0,0,0,0,0,0,0,0,0,0,0,0,0,9,0,0,0,0,0,10,0,0,0,0,0,3,0,0,0,0,0,0,0,5,0,0,0,0,0,0,0,0,0,0,2,0,3,0,0,0,3,0,0,1,0,29,0,0,0,0,0,0,1,0,0,0,0,0,0,0,0,0,4,7,6,0,0,10,2,1,4,0,0,0,2,0,0,4,0,7,0,0,0,0,0,0,0,0,0,0,0,0,0,0,0,0,0,0,0,46,0,0,1,0,0,10,0,24,0,0,0,0,0,1,6,8,0,0,0,7,0,1,0,0,0,0,1,0,0,4,0,34,0
"8585x38",0,0,13,0,0,0,0,0,7,0,0,0,0,0,0,0,0,0,0,0,0,0,0,0,0,0,0,0,0,0,6,0,0,0,0,0,10,0,0,0,0,5,12,0,0,2,0,0,0,2,0,0,0,0,0,0,0,0,0,0,0,0,0,0,5,0,0,0,0,0,0,0,0,0,0,0,0,0,1,0,0,0,0,0,0,0,4,0,0,0,0,2,0,0,0,0,0,0,0,0,0,1,1,0,0,0,0,2,0,0,8,2,0,0,0,0,0,0,0,0,0,0,0,0,0,0,0,0,0,0,0,0,29,0,0,0,0,0,1,0,4,0,0,0,0,0,0,0,0,0,0,0,0,0,13,0,0,0,0,0,0,0,0,0,0,0
"8561x473",0,5,9,0,0,0,0,0,0,12,0,0,1,0,0,0,0,0,0,1,0,0,0,0,0,0,0,0,0,0,0,0,3,0,0,0,0,0,0,0,0,0,0,0,0,0,1,0,0,0,0,0,0,0,0,0,0,4,0,0,9,0,0,0,1,0,0,3,0,1,0,0,0,0,0,0,0,0,5,0,0,0,0,0,8,9,0,0,0,0,0,0,0,1,7,2,2,0,0,0,0,6,0,0,0,0,0,6,0,0,0,0,5,0,11,0,0,0,0,0,0,0,0,0,0,5,0,1,0,0,0,0,43,1,0,0,0,0,21,0,0,0,0,2,0,0,0,0,0,0,0,0,0,0,0,0,0,0,0,0,3,0,0,0,0,0
"8541x6083",6,0,1,0,0,0,0,0,9,0,0,0,0,0,0,0,0,0,1,0,0,12,0,0,1,7,0,0,0,0,1,0,0,7,0,0,0,0,3,0,0,0,10,0,0,0,0,28,0,0,0,0,0,0,1,0,1,0,0,0,0,0,0,0,0,0,0,0,0,0,0,3,0,0,0,0,0,0,4,0,0,0,0,0,0,0,0,0,0,0,0,2,0,0,0,0,0,1,0,6,3,0,10,0,0,0,0,1,7,0,0,17,0,0,1,0,0,1,0,0,0,3,0,0,2,0,0,0,0,0,0,0,48,0,0,0,0,0,6,0,0,0,0,0,0,0,0,0,0,0,0,0,0,0,0,0,0,0,0,0,0,1,13,0,12,1
"8552x1527",0,0,0,0,0,0,0,1,1,0,22,0,0,0,0,0,0,0,0,0,0,0,10,0,1,0,0,0,0,0,0,0,0,2,0,1,0,0,0,0,0,22,0,0,0,0,0,0,0,0,1,0,0,0,0,0,5,0,0,0,1,0,0,0,2,0,0,0,0,0,0,0,0,0,0,0,0,0,0,0,0,0,0,0,0,0,0,0,1,2,0,0,0,0,0,0,0,0,0,16,1,2,7,0,0,0,2,0,0,0,0,4,0,0,0,0,0,0,0,0,0,0,0,0,0,0,0,0,0,0,0,14,25,0,0,0,0,0,0,0,0,0,0,0,0,0,0,0,0,0,0,0,0,0,0,0,0,1,0,0,0,0,0,0,0,0
"8571x2937",0,0,6,0,0,2,0,0,0,0,0,0,13,0,0,0,0,0,0,0,0,0,0,0,0,0,0,0,0,0,2,0,0,2,0,0,0,0,0,0,0,1,15,0,0,0,16,0,1,0,0,0,0,0,0,0,0,0,0,0,0,0,0,0,1,0,0,0,0,0,0,0,0,8,81,0,0,0,2,3,0,0,0,1,0,0,0,0,0,0,0,0,0,0,0,0,0,0,1,4,0,0,0,0,0,0,0,0,0,0,0,0,0,0,0,0,0,0,0,0,0,0,0,0,0,0,0,0,0,0,0,0,0,0,0,0,0,17,0,0,0,0,0,0,0,3,0,0,0,0,0,0,0,0,0,0,0,0,0,0,0,0,0,0,1,0
"8573x779",0,0,0,0,2,0,0,0,11,0,5,0,6,1,0,0,0,0,0,0,0,0,0,0,0,2,0,0,0,0,0,0,0,0,4,0,0,0,0,0,0,0,0,0,0,0,5,0,0,0,0,0,0,0,3,0,0,0,0,0,0,0,0,0,0,0,0,0,0,0,0,0,0,0,0,0,0,0,0,0,0,0,7,0,0,0,0,0,0,0,0,0,0,0,0,0,0,0,0,0,0,2,0,0,0,0,0,0,0,0,13,4,0,0,0,0,0,0,0,0,3,0,0,0,0,0,0,0,0,0,0,0,0,0,7,0,0,15,17,0,0,0,0,0,0,0,0,0,1,0,0,0,0,0,0,0,0,0,0,0,1,0,0,0,0,0
"8593x1722",0,0,14,4,0,0,0,2,14,0,5,8,1,0,0,0,0,0,2,0,0,0,0,0,0,0,0,0,0,0,26,0,0,0,0,0,27,0,0,0,2,0,3,0,0,0,0,13,0,0,0,0,0,1,0,0,9,0,0,1,3,0,0,0,11,0,0,1,0,1,0,0,0,0,0,2,2,0,17,0,2,0,0,0,16,1,4,0,0,0,0,1,0,6,4,1,0,0,0,16,5,9,8,3,0,0,16,0,0,0,0,12,8,0,0,0,0,0,0,0,0,0,0,0,0,0,0,0,0,0,3,0,17,0,0,0,0,0,0,0,35,0,0,0,0,0,0,0,9,0,0,0,0,0,5,0,1,0,0,0,5,5,0,19,13,0
"8607x3234",0,0,0,0,3,0,0,4,11,0,2,0,0,0,0,0,0,0,6,5,0,3,0,0,52,7,0,0,0,0,19,0,0,3,0,0,16,4,2,0,0,4,31,0,0,0,0,0,2,0,0,0,3,0,0,0,17,0,0,0,19,0,1,0,0,0,0,0,0,1,0,0,0,1,0,0,0,0,1,0,1,0,0,1,0,0,1,0,0,0,0,0,0,11,4,4,0,0,0,0,0,10,17,13,0,0,2,0,0,0,2,0,0,0,0,0,0,0,0,0,0,0,0,0,0,0,0,0,1,0,0,4,142,1,0,0,0,2,0,0,4,0,0,3,0,0,0,1,0,0,0,0,6,0,0,0,4,0,0,0,9,0,0,0,0,0
"8618x195",1,0,6,0,0,3,0,0,29,1,3,3,0,0,0,0,0,0,0,0,0,0,0,0,0,4,0,0,0,0,3,0,0,0,0,0,0,0,8,0,0,21,20,0,0,0,0,0,0,0,0,0,0,0,0,0,0,0,0,0,0,0,0,0,0,0,0,0,0,0,0,0,0,0,0,0,0,0,6,0,0,0,0,1,0,0,1,0,1,0,0,6,0,3,18,0,0,12,0,1,0,0,0,1,0,0,0,1,8,0,8,5,0,0,0,0,0,0,0,0,0,0,0,0,0,0,0,0,0,0,0,0,8,0,0,0,0,0,0,0,7,0,0,0,1,0,0,8,0,0,3,0,12,0,4,0,0,0,0,0,0,0,9,3,16,0
"8629x5202",0,0,1,0,0,0,0,0,25,0,0,0,0,0,0,0,0,0,0,1,0,8,0,0,0,0,0,0,0,0,1,0,0,0,0,0,1,0,0,0,0,10,8,0,0,0,0,0,0,0,0,0,0,0,0,0,0,0,0,0,0,0,0,0,0,0,0,0,0,0,0,0,0,0,2,0,0,1,0,0,0,0,0,0,0,0,0,0,0,0,0,2,0,0,0,0,0,0,0,0,4,0,1,0,0,0,0,3,0,0,0,4,0,0,1,0,0,0,0,0,0,0,0,0,0,3,0,0,0,0,0,3,13,0,0,0,0,0,0,0,0,0,0,0,0,0,0,0,0,0,0,0,0,0,0,0,0,4,0,0,0,0,0,1,12,0
"8641x395",0,0,7,0,2,0,0,1,16,4,20,6,1,4,0,0,0,0,3,3,0,0,0,0,5,0,0,0,5,0,7,0,3,6,0,0,0,0,0,0,0,17,11,0,0,4,0,0,0,0,0,0,0,0,0,0,0,0,0,0,1,0,0,0,9,0,0,12,0,0,0,0,0,0,0,0,0,0,18,0,0,0,0,0,0,0,0,0,14,0,0,4,0,1,19,2,0,9,1,0,5,11,6,15,0,0,0,5,0,0,5,0,0,0,11,0,0,0,0,0,0,0,0,0,0,6,0,0,0,0,0,0,68,0,3,0,0,0,5,0,15,2,0,0,0,0,0,0,0,0,0,1,0,0,3,0,0,2,0,0,5,0,0,15,32,1
"8638x4918",1,1,1,0,0,0,0,0,12,0,11,0,8,0,0,0,0,0,8,0,0,6,29,0,1,6,0,0,0,0,5,0,0,4,0,0,5,0,0,0,1,14,8,0,0,0,16,0,0,0,0,0,0,2,0,0,11,0,0,0,19,0,0,5,0,0,0,1,0,0,0,0,0,0,3,0,0,0,0,0,0,0,0,0,0,0,0,0,2,0,0,0,0,3,9,2,0,0,0,3,0,4,0,27,0,1,0,0,0,0,22,1,0,0,0,0,0,1,0,0,0,0,0,0,0,0,0,0,0,0,0,2,119,1,0,0,0,0,0,0,1,0,0,0,0,0,0,1,0,0,0,0,0,0,0,0,0,0,0,0,0,0,0,1,0,3
"8653x882",0,0,0,0,0,0,0,5,1,0,10,0,2,0,0,0,0,0,0,0,0,0,0,0,0,0,0,0,0,0,0,0,0,0,0,0,0,0,2,14,5,0,18,0,0,0,0,3,0,0,0,0,0,0,2,2,0,0,0,0,0,0,0,0,1,0,0,0,0,0,0,0,0,0,0,0,0,0,0,0,0,0,0,0,0,0,0,0,0,0,0,0,0,0,0,0,0,0,0,0,0,0,0,0,2,0,0,0,5,2,0,0,0,0,0,0,0,0,0,0,0,0,0,0,0,0,0,0,0,0,0,0,0,5,0,0,0,0,79,0,4,0,0,0,0,0,0,2,0,0,0,0,0,0,0,0,0,0,0,0,1,0,0,6,1,0
"8644x2558",0,0,0,1,0,0,0,0,2,0,0,0,0,0,13,0,0,0,0,0,0,0,0,0,0,0,0,0,0,0,1,0,24,14,0,2,0,0,0,0,0,0,4,0,0,0,0,0,0,0,0,0,0,0,0,0,0,0,0,0,0,7,0,0,0,0,0,0,0,0,0,0,0,0,0,0,0,0,31,0,0,0,0,0,0,0,0,0,12,0,0,0,0,0,0,0,0,0,0,0,0,0,0,0,0,0,0,0,0,0,0,0,0,0,0,0,0,0,0,0,0,0,0,0,5,0,0,0,0,0,0,0,9,0,0,0,0,0,504,0,0,0,0,0,0,0,0,0,0,0,0,0,0,0,0,0,0,0,0,0,0,0,0,0,1,2
"8653x1383",0,0,0,0,2,0,0,3,0,0,30,0,0,0,0,0,0,0,5,5,0,8,0,0,65,0,1,0,3,0,0,4,0,0,0,1,9,0,0,0,0,6,16,0,1,0,0,4,1,0,1,0,0,0,0,0,3,0,0,9,4,0,0,1,0,0,0,1,1,0,0,0,0,0,0,0,1,0,3,0,0,0,0,0,0,0,1,0,0,0,5,0,0,2,13,0,0,6,0,3,1,6,17,8,0,0,0,0,0,0,20,10,3,5,5,0,0,0,0,0,0,8,0,0,0,0,0,3,0,0,0,2,66,4,0,0,0,0,0,0,4,0,0,3,0,0,0,0,0,0,0,1,0,0,0,0,0,0,0,0,7,0,0,10,0,4
"8682x4779",0,0,2,0,4,0,0,3,7,0,12,0,1,0,0,0,0,0,6,1,0,0,0,0,16,1,0,0,0,0,5,0,0,0,0,1,13,0,0,0,0,3,5,0,0,0,0,8,0,0,0,0,0,6,0,0,18,0,0,0,2,0,0,7,2,2,0,0,0,0,0,0,0,6,0,0,0,0,0,0,0,0,0,0,0,0,0,4,2,0,0,0,0,2,9,0,0,0,1,4,0,7,36,15,0,0,0,0,0,0,60,0,0,0,0,0,0,0,0,0,0,0,4,0,0,8,0,0,0,0,0,9,125,1,0,0,0,0,0,0,0,0,0,2,0,0,0,0,0,0,0,0,0,0,0,0,0,4,0,0,0,0,8,18,8,1
"8665x5073",0,0,14,0,3,0,0,0,25,0,17,0,0,0,0,0,0,0,7,11,0,0,1,0,0,4,0,0,1,1,0,0,0,6,0,3,71,1,0,0,0,0,8,0,0,6,0,2,0,0,1,0,0,0,0,0,5,0,0,0,9,0,0,0,0,0,2,0,0,0,0,1,0,0,0,0,0,0,4,0,0,0,0,0,0,0,0,0,0,0,0,0,0,13,7,3,2,0,0,0,0,9,33,8,0,0,1,0,2,0,0,14,0,0,3,0,0,0,0,0,0,0,0,0,0,5,0,0,0,0,0,7,77,0,0,0,0,0,0,1,6,0,0,3,0,0,0,2,0,0,0,0,0,0,0,0,0,0,0,0,8,15,0,1,15,0
"8701x1955",0,4,5,0,2,1,0,15,42,0,4,0,7,0,0,0,0,0,2,2,0,0,0,0,4,3,1,1,0,0,5,0,0,0,0,0,35,0,0,0,0,0,22,0,0,0,0,2,0,0,1,0,0,0,0,0,0,0,0,0,5,0,0,0,0,0,0,0,0,0,0,0,0,0,0,0,0,0,0,0,0,0,8,0,1,0,0,0,0,0,0,0,0,16,13,0,0,3,0,5,0,2,17,0,0,0,18,0,0,0,0,0,6,0,3,0,0,0,0,0,0,0,0,0,0,0,0,0,0,0,0,19,101,2,0,0,0,0,0,4,2,0,0,0,0,0,0,0,0,0,0,0,0,0,0,0,0,0,0,0,5,0,0,2,0,0
"8692x3108",0,0,3,0,1,2,0,0,6,0,0,0,0,0,0,0,0,0,1,8,0,3,0,0,7,0,0,1,0,0,6,0,0,1,0,0,4,0,0,0,0,0,0,0,0,0,17,0,0,0,0,0,0,0,0,0,2,0,0,0,13,0,0,5,0,0,0,1,0,0,0,0,0,0,4,0,0,0,0,0,0,0,0,0,0,1,5,0,0,0,0,0,0,1,0,0,0,0,0,0,0,3,0,1,0,0,0,0,0,0,0,2,0,0,0,0,0,0,0,0,0,0,0,0,0,0,0,0,0,0,0,3,37,0,0,0,0,0,0,0,0,0,0,10,0,0,1,8,0,0,0,1,1,0,0,0,1,0,0,4,7,0,0,0,0,0
"8704x2410",0,6,6,0,3,0,0,8,40,0,0,0,2,0,0,0,0,0,2,32,0,0,0,0,19,1,0,1,6,0,7,0,0,1,0,0,22,0,0,0,0,14,14,0,0,4,0,1,3,0,0,0,0,0,0,0,6,0,0,0,8,0,0,0,0,0,0,12,0,0,0,0,0,11,0,0,0,0,10,0,0,0,0,0,0,0,2,0,0,0,0,0,0,0,9,3,0,0,0,0,0,1,28,0,0,0,0,0,0,0,15,4,0,0,0,0,0,1,0,0,0,0,0,0,0,4,0,1,0,0,0,10,95,0,0,0,2,0,0,0,5,1,0,11,0,0,0,4,1,0,0,0,0,0,0,0,0,0,0,0,4,0,0,0,0,2
"8703x4279",0,0,0,2,1,0,0,0,34,1,4,0,0,0,3,0,0,0,0,13,0,0,0,0,2,2,1,0,1,0,21,0,0,2,0,0,0,0,2,0,0,5,24,0,0,0,0,0,0,2,3,0,0,1,17,3,0,0,0,0,5,0,2,2,9,0,0,0,0,0,0,0,0,0,1,6,0,0,9,0,3,0,0,3,0,10,0,0,0,2,0,0,0,14,0,1,0,1,1,0,0,2,17,30,0,0,8,0,1,3,10,9,1,10,0,0,0,0,0,0,0,3,0,2,0,4,1,4,0,0,0,45,128,0,0,0,1,0,37,0,10,20,0,9,0,0,0,0,1,0,0,2,0,0,0,0,1,0,0,0,0,4,7,2,0,0
"8704x765",0,0,24,0,0,0,0,5,3,0,33,0,0,0,0,0,0,0,0,0,0,0,0,0,2,0,0,0,0,0,0,0,0,0,0,0,1,0,0,0,0,0,5,0,0,0,0,2,0,0,0,0,0,0,0,6,0,0,0,0,0,0,0,0,1,0,0,0,0,0,0,0,0,1,0,0,0,0,0,0,2,0,0,0,0,0,0,0,0,6,0,0,0,0,8,0,3,0,0,6,0,0,0,0,0,0,0,0,0,0,3,1,0,0,0,0,0,0,0,0,0,0,22,0,0,0,0,0,0,0,0,0,0,0,0,0,0,16,413,0,0,0,0,0,0,0,0,0,0,0,0,0,0,0,0,0,0,0,0,0,0,0,0,9,0,0
"8688x1123",2,0,1,2,0,0,0,0,2,0,0,0,0,0,0,0,0,0,0,4,0,0,0,0,0,0,0,0,0,0,0,0,0,0,0,0,0,0,0,0,1,0,28,0,0,0,0,0,0,0,0,1,0,0,8,1,1,0,0,0,0,0,0,0,0,0,0,0,0,0,0,0,3,0,0,0,0,0,0,0,0,0,0,0,0,0,0,2,0,0,0,0,0,0,0,0,1,1,2,5,0,0,0,0,0,0,0,0,0,0,18,0,9,1,0,0,0,0,0,0,0,0,2,0,0,0,0,0,0,0,0,1,8,5,0,0,0,0,24,0,0,0,0,0,0,0,10,0,0,0,0,0,0,0,7,0,1,0,1,3,1,0,0,12,0,0
"8714x5636",0,0,3,0,8,0,0,11,0,0,9,1,0,0,0,0,0,0,12,15,0,1,1,0,1,3,0,0,0,0,16,0,0,0,0,0,59,12,0,0,0,0,32,0,0,0,0,14,2,0,0,0,0,2,7,2,17,0,0,0,25,0,3,7,0,0,0,4,0,0,0,0,0,0,0,2,0,0,0,0,0,0,7,0,0,0,4,0,0,0,9,11,0,0,0,0,0,0,0,0,1,3,31,3,0,0,0,0,0,0,15,18,0,0,0,0,0,0,0,0,0,0,0,0,0,0,0,2,0,0,0,3,100,0,0,0,0,0,7,0,9,0,0,0,0,0,0,0,0,0,0,0,0,0,0,0,0,8,0,0,0,0,2,0,0,0
"8746x2070",0,2,3,0,3,3,0,3,0,0,1,1,6,0,0,0,0,0,2,3,0,1,0,4,1,1,0,0,0,0,10,0,2,4,0,0,25,0,0,0,0,0,15,0,0,1,0,12,4,0,0,0,0,0,0,0,0,4,0,0,7,0,0,0,5,0,1,0,0,0,0,0,0,0,0,2,3,0,0,0,0,0,0,0,0,0,0,0,0,0,0,0,0,4,10,5,1,0,0,1,0,0,28,1,1,0,3,0,0,0,11,17,2,0,0,0,0,0,0,0,0,0,0,0,1,0,0,0,0,0,0,10,29,0,0,0,0,0,46,4,20,0,1,0,0,0,0,0,0,0,0,0,0,0,0,0,0,0,0,0,1,2,0,2,25,0
"8771x2725",2,0,15,6,0,0,0,6,26,0,9,0,3,0,0,0,0,0,2,0,0,0,5,0,0,0,0,0,7,0,8,0,5,3,0,0,1,0,0,0,0,0,31,0,0,1,9,3,2,0,0,0,0,0,6,3,12,0,0,0,0,0,0,0,1,0,0,1,0,0,1,0,0,1,6,0,0,0,0,1,0,0,0,0,19,0,0,0,0,0,4,0,0,6,15,0,5,0,1,1,0,0,9,16,0,0,0,0,0,0,3,15,0,0,0,2,0,0,0,0,0,0,6,1,0,0,0,9,1,0,2,3,18,0,0,0,0,0,1448,0,3,0,0,0,0,0,0,0,1,21,3,0,0,0,0,0,0,1,0,0,5,0,1,4,5,0
"8730x3749",0,0,9,0,0,0,0,0,9,0,3,0,0,0,0,0,0,0,1,4,0,0,0,0,29,0,0,0,0,0,0,0,29,0,0,0,1,0,4,0,0,0,0,0,0,1,0,0,0,0,0,0,0,0,1,0,4,0,0,0,0,0,0,2,0,0,0,0,0,0,0,0,0,2,0,0,3,0,0,0,0,0,0,0,2,22,14,0,0,0,0,2,0,0,4,0,0,6,0,3,0,9,0,5,0,0,0,2,0,0,0,0,1,0,0,0,0,0,0,0,0,0,11,0,0,2,0,0,0,0,0,0,50,1,0,1,0,0,5,0,0,0,9,0,0,0,0,0,0,0,0,0,0,0,0,2,0,0,0,0,3,0,0,3,3,0
"8724x592",0,0,2,0,0,0,0,0,2,0,0,0,0,0,0,0,0,0,1,1,0,4,0,0,0,0,0,1,0,0,8,0,11,0,0,0,0,0,0,0,0,0,15,0,0,0,12,0,3,0,1,0,0,2,7,5,5,0,0,0,10,0,0,0,0,0,0,4,0,0,0,0,0,1,0,0,0,0,2,0,0,0,0,0,0,4,0,0,0,0,0,0,0,1,0,0,0,0,0,0,5,10,3,0,4,0,2,0,0,2,1,0,0,0,0,0,0,0,0,0,0,0,0,0,0,0,0,0,0,0,0,0,50,0,0,0,0,0,772,0,5,0,0,6,0,0,0,4,0,8,0,0,0,0,0,0,0,0,0,0,3,0,2,2,0,1
"8736x5500",0,0,5,0,4,0,0,0,6,0,0,0,1,0,0,0,0,0,1,9,0,2,6,0,0,0,0,0,0,0,0,1,5,0,0,0,0,0,0,0,0,1,5,0,0,0,0,11,0,0,0,0,0,1,66,2,0,0,0,0,0,0,0,0,0,0,0,1,0,0,0,0,0,0,0,0,2,0,0,0,0,0,0,0,0,0,0,0,0,0,1,1,0,0,0,0,0,0,0,0,0,0,3,11,0,0,0,0,0,0,2,1,0,0,1,0,0,0,0,0,0,0,10,0,0,0,0,2,0,0,0,0,2,0,0,0,0,0,17,0,0,9,3,0,0,0,0,0,0,0,0,0,0,0,0,0,0,3,0,0,6,0,0,7,0,0
"8720x6292",0,2,13,0,0,0,0,0,8,0,0,0,0,0,0,0,0,0,0,5,0,0,0,0,0,0,0,0,0,0,0,0,0,0,0,0,7,0,0,0,0,0,1,0,0,4,8,3,0,0,1,0,0,0,2,0,0,3,0,0,0,0,0,0,1,3,1,0,0,0,0,5,0,0,0,0,4,0,0,0,0,0,0,0,13,0,1,0,0,2,1,7,0,0,0,0,1,0,2,0,0,4,14,0,0,0,0,0,0,0,0,4,0,0,1,0,0,0,0,0,0,0,2,0,0,0,0,0,0,0,0,0,61,0,6,1,0,0,0,0,9,0,1,0,0,0,0,1,0,0,2,1,0,0,0,0,0,0,0,0,0,0,1,13,0,0
"8699x6526",0,0,3,0,3,0,0,0,11,0,0,0,0,0,0,0,0,0,0,8,0,0,0,0,13,0,0,0,0,0,1,0,0,0,0,0,22,0,0,0,0,0,16,0,0,0,0,0,2,1,2,0,0,0,0,1,0,0,0,0,0,0,0,2,1,0,0,0,0,0,0,0,0,0,0,0,0,0,0,0,0,0,0,0,9,0,5,0,0,0,0,0,0,2,0,0,0,0,0,0,1,5,20,0,0,0,0,0,0,0,22,11,2,0,1,0,0,0,0,0,0,0,0,0,0,3,0,0,0,0,0,11,56,0,0,0,0,0,0,0,0,0,0,8,0,0,0,0,0,0,0,0,0,0,0,0,0,0,0,0,1,0,6,13,0,0
"8767x1277",0,0,8,0,0,0,0,7,15,0,0,0,0,0,0,0,0,0,2,2,0,0,0,0,0,0,0,0,0,0,0,0,0,0,0,0,9,0,0,0,0,0,14,0,0,0,7,3,3,0,0,0,0,0,2,0,1,0,0,0,2,0,0,0,0,0,0,0,0,0,0,0,0,0,0,0,0,0,0,0,0,0,0,0,0,0,0,0,0,0,0,0,0,0,0,0,0,8,0,0,0,0,8,11,0,0,0,0,0,0,9,7,6,0,5,0,0,1,0,0,0,0,0,2,0,1,0,2,0,0,0,1,40,0,0,0,0,0,1,0,2,0,0,1,0,0,0,0,0,0,0,0,0,0,0,0,6,0,0,0,0,0,0,5,0,0
"8769x2264",4,2,11,0,0,1,0,6,15,0,32,0,0,3,0,0,0,0,6,6,0,0,0,0,0,1,0,1,0,0,34,0,0,1,0,4,68,0,4,0,0,0,28,0,0,0,0,23,3,0,0,0,0,0,0,0,15,1,0,0,3,0,0,0,0,0,0,1,0,0,0,0,0,0,0,0,0,0,2,0,0,0,0,1,3,0,2,2,0,0,0,0,0,6,7,1,0,12,0,11,0,0,24,4,0,0,0,2,0,0,6,27,0,0,0,0,0,0,0,0,0,0,4,0,0,1,0,2,0,0,0,23,145,0,3,0,0,0,7,0,7,0,0,5,0,0,0,4,0,0,0,0,0,0,0,0,0,0,0,0,4,0,2,1,3,0
"8789x3026",0,0,17,0,0,0,0,0,5,0,3,0,21,0,0,0,0,0,0,4,0,0,0,0,23,0,0,0,0,0,5,0,0,0,0,0,4,0,0,0,0,0,21,0,0,0,4,0,0,0,0,0,0,0,0,0,0,0,0,0,0,3,0,0,1,0,0,0,0,0,0,0,0,0,54,0,0,0,0,0,0,0,0,0,0,0,0,0,0,0,0,0,0,0,3,0,0,0,0,2,0,5,0,1,0,0,1,0,0,0,5,1,0,0,0,0,0,0,0,0,0,1,1,0,0,0,0,0,0,0,0,0,0,1,0,0,3,6,0,0,0,0,0,0,0,0,0,0,0,0,0,0,0,0,0,0,0,1,0,0,0,0,0,0,0,0
"8789x2897",0,0,0,0,0,0,0,0,2,0,0,0,3,0,0,0,1,0,1,0,0,0,3,0,0,0,0,0,0,0,1,0,0,1,0,0,0,0,0,0,3,0,0,0,0,0,8,0,0,0,0,0,0,0,2,0,0,0,0,0,0,0,0,0,0,0,0,1,0,0,0,0,0,0,71,0,1,0,0,0,0,0,0,0,0,3,0,0,0,0,0,1,0,0,0,0,0,0,0,0,0,0,0,7,0,0,0,0,0,0,0,0,0,0,0,0,0,0,0,0,0,0,0,0,0,0,0,0,0,0,0,0,6,0,0,0,0,0,4,0,6,0,0,0,0,0,0,0,0,0,0,0,0,0,0,0,0,0,0,0,1,0,0,0,0,0
"8810x407",3,7,29,0,3,0,0,10,28,8,22,0,0,0,0,0,0,0,0,6,0,0,0,0,8,0,0,0,8,0,0,0,0,15,0,0,6,0,0,0,0,19,28,0,4,0,0,0,14,0,0,0,3,0,2,1,2,0,0,0,0,0,0,0,0,0,0,10,0,0,0,0,0,8,0,1,0,0,0,0,0,0,7,0,0,0,0,0,0,0,0,0,0,1,0,0,0,0,0,0,0,21,14,13,0,0,0,1,0,0,2,11,0,0,0,0,0,0,0,0,1,0,0,0,0,4,0,1,0,0,0,39,114,0,7,0,0,0,2,2,9,3,0,12,2,0,6,12,0,2,0,0,0,0,0,0,0,0,0,0,10,0,0,13,0,0
"8806x4015",0,0,3,0,0,0,0,0,11,0,0,0,0,0,0,0,0,0,0,0,0,0,0,0,0,0,0,0,0,0,0,0,0,0,0,0,4,0,0,0,8,16,1,0,0,0,0,0,0,0,0,0,0,0,0,0,0,0,0,0,0,0,0,1,0,0,0,0,0,0,0,0,5,0,0,0,0,0,6,0,0,0,0,0,1,0,0,0,0,0,0,18,0,0,0,0,0,0,0,0,5,0,0,0,0,0,0,0,0,0,0,9,0,0,0,0,0,0,0,0,0,0,0,0,0,1,0,0,0,0,0,0,49,5,0,0,0,0,1,0,0,0,0,0,0,0,0,14,0,0,0,0,0,0,0,0,0,2,0,0,0,0,0,0,4,0
"8837x940",0,0,11,0,0,0,0,1,13,0,0,0,1,0,0,0,0,0,1,1,0,0,16,0,0,0,2,0,0,0,0,0,0,1,0,0,0,0,0,0,0,0,16,0,0,0,0,0,0,2,0,0,0,0,1,0,0,0,0,0,2,0,0,0,0,0,0,0,0,0,0,0,0,0,0,0,1,0,1,0,0,0,0,0,0,0,3,0,0,0,0,0,0,0,0,0,0,0,0,0,0,4,5,0,0,0,8,0,1,0,0,0,0,0,4,0,0,0,0,0,0,0,8,0,0,0,0,0,0,0,0,4,3,0,0,0,0,0,0,0,0,0,0,0,0,0,0,0,0,0,0,0,0,0,0,0,0,0,0,0,25,0,0,0,0,0
"8849x6554",0,0,1,0,0,0,0,0,3,0,0,0,0,0,0,0,0,0,2,1,0,0,0,0,0,0,0,0,0,0,0,0,0,0,0,0,13,0,3,0,0,0,1,0,0,0,0,0,0,0,0,0,0,0,9,27,0,0,0,0,1,0,0,0,0,0,0,0,0,0,0,0,0,0,0,0,0,0,0,0,0,0,0,0,0,6,0,1,5,0,1,0,0,1,2,0,5,0,3,1,0,0,0,0,0,0,0,0,2,0,8,0,0,0,0,0,0,0,0,0,0,0,0,0,0,0,0,0,0,0,0,0,1,0,0,0,0,0,0,0,0,0,0,0,0,0,0,0,0,1,0,0,0,0,0,0,0,0,0,0,0,0,0,32,0,0
"8850x3143",1,0,3,1,1,0,0,0,14,0,5,0,0,1,11,0,0,0,4,0,0,0,0,0,47,0,0,0,0,0,11,0,0,10,0,5,17,0,0,1,0,0,16,0,0,0,0,3,0,1,0,0,0,0,0,0,3,0,0,0,26,0,0,0,0,0,0,1,0,0,0,2,0,0,0,0,0,0,0,0,0,0,0,1,0,0,18,0,0,0,0,6,0,0,0,3,0,0,0,0,0,11,8,6,0,0,8,0,0,0,9,4,0,0,0,0,0,0,0,0,1,0,0,0,0,0,0,0,4,0,0,10,7,0,0,0,0,0,15,2,0,0,0,0,0,0,0,0,0,0,0,0,1,0,0,0,0,0,0,0,1,0,0,0,0,0
"8854x3721",0,0,0,0,2,2,0,0,3,0,7,0,2,0,0,0,0,0,6,4,0,0,0,0,4,0,0,0,0,0,1,0,0,0,0,0,0,0,6,32,0,2,8,0,0,2,0,0,0,0,0,0,0,0,0,0,2,0,0,0,0,0,0,0,0,0,0,3,0,0,0,0,0,0,0,3,0,0,1,0,0,0,0,0,3,0,5,0,0,0,6,0,0,8,0,4,0,0,0,0,0,10,0,18,1,0,0,0,0,0,2,0,0,0,8,0,0,0,0,0,0,0,6,0,0,0,0,0,0,0,0,0,21,2,0,2,0,0,0,0,0,0,1,0,0,0,0,0,0,0,0,0,0,0,0,0,0,1,0,0,0,0,3,4,0,0
"8851x4898",0,3,15,0,18,1,0,4,31,0,12,0,0,0,2,0,0,0,19,29,0,0,0,0,16,0,0,0,0,0,5,0,0,0,0,0,53,16,9,0,0,0,13,0,0,15,0,10,21,0,6,1,0,0,0,0,5,0,0,0,19,0,0,7,3,0,1,1,0,2,0,0,0,0,0,0,0,2,0,0,0,0,0,0,0,4,0,3,2,0,0,1,0,0,8,0,10,4,0,21,0,18,51,6,0,0,0,0,0,0,2,15,0,0,0,3,0,0,0,0,0,0,0,0,0,1,0,16,0,0,0,12,140,0,0,0,0,0,10,0,6,0,0,3,0,1,0,0,0,0,0,0,0,0,0,0,0,0,0,0,0,0,1,0,8,0
"8878x5486",0,0,0,0,0,0,0,0,9,0,0,0,0,0,9,0,0,0,0,1,0,0,0,0,0,0,0,0,0,0,0,0,0,0,0,0,0,0,0,0,0,0,9,0,0,0,1,0,0,1,0,0,1,0,4,0,0,0,0,0,0,0,0,0,0,0,0,0,0,0,0,0,0,3,0,0,0,0,0,0,0,0,0,0,0,0,0,0,0,0,4,2,0,0,0,0,0,0,0,0,0,0,0,10,0,0,8,0,0,0,28,5,0,0,2,0,0,0,0,0,0,0,0,0,0,0,0,0,0,0,0,0,3,0,0,0,0,0,4,0,0,0,0,0,0,0,0,4,0,0,0,0,0,0,0,0,1,0,0,0,0,2,0,1,10,0
"8863x3423",0,0,2,0,0,0,0,0,1,0,6,0,0,0,0,0,0,0,0,0,0,0,0,0,0,0,0,0,0,0,0,0,0,0,0,0,0,0,0,0,0,0,0,0,0,0,0,0,0,0,0,0,0,0,0,5,0,0,0,1,1,0,0,0,6,0,0,0,0,0,0,0,0,0,0,0,0,0,0,0,0,0,0,0,0,0,0,0,0,0,0,0,0,0,0,0,0,0,0,0,0,0,5,0,0,0,0,0,1,0,0,0,0,0,0,1,0,1,0,0,0,0,1,0,0,0,0,0,0,0,0,7,5,0,0,0,3,0,114,0,0,1,0,0,0,0,0,0,0,0,0,0,0,0,0,0,0,0,0,0,0,0,0,9,0,0
"8879x6106",6,1,11,2,5,2,0,3,31,0,17,0,0,0,0,0,0,0,1,2,0,0,0,0,2,8,1,0,0,0,0,0,0,7,0,0,29,2,1,0,0,0,10,0,0,0,0,9,2,0,0,0,0,0,5,16,5,0,0,0,0,0,0,0,0,0,0,0,0,0,0,0,0,0,0,0,0,0,0,0,0,0,0,0,11,13,2,0,5,0,4,0,0,0,1,4,0,0,0,0,1,0,0,18,0,0,0,0,0,0,3,5,4,0,0,0,0,0,0,0,0,0,5,0,0,0,0,1,0,0,0,0,15,0,0,0,0,0,224,0,1,10,10,1,0,0,0,0,1,0,0,0,2,0,0,0,0,3,0,0,2,0,3,0,1,1
"8891x5084",0,0,0,0,1,0,0,0,3,0,0,0,1,0,0,0,0,0,1,14,0,0,0,0,0,0,0,0,0,0,6,0,0,2,0,0,13,0,0,0,0,0,0,0,0,6,0,3,3,0,2,0,0,0,0,0,0,0,0,0,2,0,0,0,5,0,0,0,0,0,0,0,0,0,0,0,6,0,0,1,0,0,5,0,1,0,0,0,0,1,0,0,2,0,16,0,0,0,0,0,1,3,4,0,0,0,0,0,5,0,0,13,0,0,0,1,0,0,0,0,0,0,0,0,0,11,0,0,0,0,0,0,37,0,0,0,0,1,0,0,3,0,0,0,0,0,0,0,0,0,0,0,0,0,1,0,0,0,0,0,0,0,0,0,0,0
"8851x72",0,0,0,0,0,1,0,10,5,0,3,0,0,0,0,0,0,0,3,0,0,0,0,0,0,0,0,0,0,0,5,0,0,0,0,0,2,0,0,0,0,0,1,0,0,0,0,20,0,0,0,0,0,0,0,0,0,0,0,0,0,0,0,0,0,0,0,0,0,2,0,0,0,0,0,0,0,0,0,0,0,0,0,0,0,0,8,0,4,0,0,0,0,0,0,0,0,7,1,0,0,2,10,0,0,0,1,0,0,0,0,3,0,10,0,0,0,0,0,0,0,0,0,0,0,0,1,2,0,0,0,6,21,0,0,0,0,0,0,0,0,0,0,0,0,0,0,2,0,0,0,0,0,0,0,0,0,0,0,0,0,0,0,0,1,0
"8946x1526",0,0,15,0,3,0,5,0,9,0,11,0,0,2,8,0,0,0,2,5,0,0,0,0,1,0,0,0,0,0,0,0,0,5,0,0,0,0,0,2,0,0,28,0,0,0,21,0,0,0,0,0,0,0,1,0,9,0,0,0,0,0,0,0,3,0,0,9,0,1,0,0,0,0,0,0,0,0,0,0,0,0,0,0,2,3,0,0,0,2,4,1,0,2,1,0,0,10,0,19,0,4,2,6,0,5,0,0,0,0,5,25,0,0,0,0,0,0,0,0,0,0,0,6,0,0,0,0,0,0,0,24,46,0,0,1,0,0,0,0,14,0,0,10,0,0,0,3,0,16,1,0,0,0,0,0,6,0,0,1,6,0,0,3,0,0
"8919x5293",1,0,0,0,16,0,0,9,31,0,4,0,0,0,6,0,0,0,0,8,0,0,0,0,32,0,0,0,0,0,11,0,0,4,0,0,1,0,0,0,0,13,31,0,0,0,0,0,0,0,0,0,0,0,0,0,3,0,0,0,0,0,0,0,0,0,0,3,0,0,0,0,8,8,0,0,2,0,0,0,0,0,0,0,0,0,1,0,10,0,0,0,0,3,0,0,0,0,0,18,0,9,15,8,0,1,0,5,0,0,11,16,9,3,0,0,0,0,0,0,0,0,0,0,4,10,0,0,0,0,0,7,85,7,0,0,0,0,0,0,0,0,0,3,0,4,0,0,0,0,0,0,7,0,0,0,0,5,0,0,2,1,0,4,0,6
"8907x1343",2,10,9,0,1,0,0,5,7,7,25,0,0,0,0,0,0,0,8,4,0,1,0,0,32,0,0,0,0,0,10,0,0,1,0,4,81,2,26,0,0,0,14,0,0,0,19,52,35,0,0,0,0,0,0,0,5,0,0,0,29,0,0,1,0,0,0,6,0,0,0,0,0,0,0,2,0,0,0,0,2,0,0,0,0,0,1,0,7,0,2,0,0,3,0,0,0,2,0,9,0,0,19,8,0,0,0,0,5,0,1,5,0,5,0,0,0,0,0,0,0,0,11,0,0,4,0,0,0,0,0,18,111,13,0,0,0,0,0,0,8,0,0,3,0,0,1,4,0,0,0,0,0,0,0,0,0,0,0,1,15,1,0,0,1,0
"8945x2067",0,0,18,0,4,3,1,1,48,0,19,1,0,0,0,0,1,0,2,10,0,0,0,4,37,3,0,0,13,0,0,0,0,1,0,1,21,0,0,7,4,22,43,0,0,0,0,0,4,0,0,0,0,0,0,0,26,3,0,0,3,0,1,0,9,0,0,12,0,0,0,0,0,0,0,3,0,0,0,0,0,0,0,0,0,1,0,0,0,0,0,0,0,0,21,11,5,6,0,17,0,3,51,34,0,0,0,5,0,2,20,28,1,0,13,0,0,0,1,0,0,0,8,4,1,3,1,0,6,0,0,38,261,3,0,0,20,0,1,0,5,0,1,10,0,0,0,15,0,0,0,0,0,0,0,0,0,1,0,0,24,0,6,0,4,6
"8943x6349",0,0,0,0,3,0,0,0,19,0,0,0,0,0,0,0,0,0,1,1,0,0,0,0,0,0,0,0,0,0,0,0,0,0,0,0,5,0,0,0,0,0,13,0,0,0,0,0,0,0,0,0,0,0,0,0,9,0,0,0,0,0,0,0,0,0,0,5,0,3,0,0,0,1,0,0,1,0,0,0,0,0,0,5,15,2,0,0,0,1,0,1,0,0,0,1,0,0,0,9,0,1,19,0,0,0,0,1,0,0,0,0,0,0,1,0,0,0,0,0,2,1,0,0,0,2,0,0,0,0,0,5,32,0,0,0,0,0,0,0,1,0,3,0,0,0,0,0,1,0,0,0,0,0,0,0,0,1,0,0,0,0,0,0,1,4
"8961x922",0,0,10,0,0,1,0,0,4,0,0,0,0,0,0,0,0,0,7,3,0,1,0,1,0,0,0,0,0,0,0,0,0,6,0,0,0,0,0,0,0,0,21,0,0,2,0,15,0,0,0,0,6,0,8,31,0,0,0,0,0,0,10,0,0,0,0,1,0,0,0,0,0,0,0,0,1,0,0,0,0,0,0,0,0,0,5,0,0,9,0,0,0,0,0,1,1,0,0,0,0,4,2,0,0,0,0,1,0,4,15,0,7,0,0,0,0,0,0,0,1,0,0,0,0,6,0,0,0,0,0,21,0,0,0,0,0,0,0,0,2,0,0,0,0,0,2,0,0,0,0,0,0,0,0,0,0,0,0,0,2,0,0,0,0,0
"8972x2462",0,3,0,0,0,0,0,0,0,0,1,2,0,0,2,0,0,0,1,2,0,0,0,0,0,0,0,0,0,0,4,0,0,0,0,1,2,0,0,12,6,0,19,0,0,0,0,0,0,0,0,0,0,0,0,0,0,0,0,0,0,0,0,0,0,2,0,1,0,0,0,0,0,0,0,0,0,0,2,0,0,0,0,0,0,0,0,0,0,0,0,0,0,0,0,0,0,1,0,4,0,4,0,33,0,0,0,0,0,0,0,1,0,0,11,0,0,0,0,0,0,0,0,0,0,0,0,0,0,0,0,0,9,6,0,0,0,0,0,0,13,0,0,0,0,0,0,0,0,0,0,0,0,0,0,0,0,0,0,0,0,0,0,5,0,0
"8964x670",0,0,34,0,2,1,0,4,9,0,23,0,0,0,0,0,0,0,3,1,0,8,0,0,10,0,0,0,3,0,0,0,0,0,0,0,43,0,2,0,0,5,45,0,0,0,0,0,5,1,2,12,0,0,0,0,5,0,0,3,10,0,0,1,10,0,0,16,0,0,0,0,0,0,0,0,0,0,1,0,0,0,0,0,0,0,0,1,0,0,0,3,0,6,14,0,0,1,0,0,0,5,50,2,0,0,8,0,0,0,0,6,1,2,1,0,0,2,0,0,4,0,0,0,0,0,0,7,1,0,0,9,65,0,0,0,11,0,0,0,2,0,0,3,0,0,0,5,0,0,0,5,0,0,0,0,2,0,0,0,3,0,2,3,5,0
"8971x1181",0,0,0,0,6,0,0,0,12,0,0,0,0,0,0,0,0,0,4,0,0,0,0,0,0,0,0,0,0,0,1,0,0,3,0,0,36,2,5,0,0,0,29,0,0,0,0,1,6,0,1,2,0,0,0,0,0,0,0,0,10,0,0,0,0,1,0,2,0,0,0,0,0,0,0,6,0,0,0,0,0,0,0,0,0,0,0,0,2,0,0,0,0,0,0,0,0,4,0,0,0,0,7,7,0,0,0,0,0,0,0,0,0,2,3,0,0,0,0,0,0,0,0,0,0,0,0,7,0,0,0,0,22,0,0,0,0,0,0,0,5,0,0,0,0,0,0,3,0,0,0,0,0,0,20,0,0,0,0,0,0,5,0,0,2,0
"8976x3205",0,0,0,0,0,0,0,0,0,2,7,0,4,0,5,0,0,0,0,0,0,0,3,0,0,1,0,0,6,0,0,0,0,4,0,0,0,0,0,5,0,0,0,0,0,0,0,8,0,0,0,0,0,0,0,0,0,0,0,0,0,0,0,0,5,0,0,0,0,0,0,0,0,0,0,0,1,0,0,0,0,0,0,1,1,0,5,0,0,0,0,7,0,0,0,12,0,0,0,2,0,0,0,7,0,0,0,0,0,0,0,0,0,0,4,0,0,0,0,0,0,0,4,0,0,0,0,0,2,0,0,1,3,0,0,2,0,0,176,0,0,0,0,0,0,0,0,0,0,0,0,0,0,0,0,0,0,0,0,0,6,0,0,5,0,2
"8975x3441",0,0,2,0,0,2,0,0,22,0,15,0,1,0,0,0,0,0,0,1,0,0,0,0,0,0,0,0,6,0,0,0,0,0,0,0,0,0,0,5,0,2,7,0,0,0,0,8,0,0,0,0,0,0,0,0,0,0,0,0,0,0,0,0,0,0,0,1,0,0,0,0,0,0,0,0,0,0,0,0,0,0,0,12,0,0,0,0,0,0,0,0,0,0,0,0,0,0,0,0,0,4,7,0,0,0,0,0,0,0,1,0,0,0,0,0,0,0,0,0,0,0,0,0,0,0,0,0,0,0,0,0,17,0,0,0,0,7,13,0,5,0,0,0,0,0,0,0,0,0,0,0,0,0,0,0,0,0,0,0,0,0,5,4,8,0
"8988x329",0,0,10,0,3,0,0,0,37,0,4,0,0,0,5,0,0,0,1,7,0,0,0,0,0,0,0,0,0,0,1,0,0,6,0,2,9,0,0,0,0,1,10,0,0,0,11,0,1,0,0,3,0,0,0,0,0,0,0,0,1,0,0,1,0,0,0,2,0,0,0,0,0,9,2,0,15,4,0,0,2,0,0,0,0,0,0,0,0,0,1,0,0,0,0,0,0,0,0,3,0,0,13,6,0,0,12,0,0,0,4,23,0,0,0,0,0,0,0,0,0,0,0,0,0,0,2,0,0,0,0,3,83,0,0,0,0,0,0,0,0,0,0,0,0,0,6,0,0,0,0,0,0,0,0,0,0,0,0,0,0,6,0,0,0,0
"9005x6230",0,0,1,0,11,0,0,12,1,0,0,0,0,0,0,0,0,0,2,3,0,0,0,0,0,0,1,0,2,0,0,0,0,0,0,0,13,0,7,5,0,0,3,0,0,0,0,6,0,0,0,1,0,0,0,0,0,0,0,0,1,0,0,0,0,0,0,1,0,3,0,0,0,1,0,0,0,0,1,0,0,0,0,0,15,0,2,0,0,1,0,13,0,1,3,0,0,0,0,25,0,3,10,0,0,0,0,0,0,0,0,5,17,0,9,0,0,0,0,0,0,0,0,0,0,1,0,1,0,0,0,2,21,0,0,0,0,0,11,0,11,0,0,1,0,1,0,0,1,0,0,5,0,0,0,0,0,0,0,0,0,0,0,0,4,0
"9008x5032",0,0,2,0,7,0,0,4,20,0,1,0,0,0,0,0,0,0,5,17,0,2,0,0,12,3,0,0,0,0,13,0,0,0,0,0,15,2,0,0,0,0,32,0,0,0,0,1,11,0,4,0,1,0,0,0,5,0,0,0,7,0,3,17,2,0,0,4,0,1,0,0,0,0,0,2,0,0,0,1,0,0,0,0,1,0,5,0,3,0,0,0,0,0,10,0,0,0,2,6,0,8,62,19,2,0,0,0,0,0,3,25,0,0,0,0,0,0,0,0,0,0,5,0,1,11,0,13,0,0,0,6,170,9,0,0,0,0,0,2,10,0,0,0,0,0,0,1,0,0,0,0,0,0,1,0,0,0,0,3,14,4,1,0,5,1
"9033x5813",0,0,1,0,8,2,0,4,16,0,0,0,0,0,0,0,0,0,3,0,0,0,1,0,0,2,0,0,0,0,0,0,7,0,0,0,17,0,10,0,0,0,14,0,0,3,0,0,0,0,2,0,0,0,0,0,5,0,0,0,2,0,0,0,0,0,0,0,0,0,0,0,0,0,0,0,0,0,4,0,0,0,0,0,1,0,0,0,0,0,0,0,0,0,0,0,0,0,2,6,0,0,20,0,0,0,0,0,0,0,12,3,0,0,0,0,0,0,0,0,0,0,0,2,0,0,1,2,0,0,0,14,30,0,0,0,0,0,0,0,3,0,0,1,0,0,0,0,0,0,0,0,0,0,0,0,0,0,0,0,0,0,0,10,0,0
"9010x3027",0,0,0,2,0,0,0,0,0,0,3,0,8,0,0,0,0,0,0,0,0,0,0,0,3,0,0,0,0,0,7,0,0,0,0,0,0,0,0,0,0,0,0,0,0,9,0,0,0,0,0,0,0,0,0,0,0,0,0,0,0,0,0,0,0,0,0,0,0,0,0,0,0,0,0,0,0,0,0,2,0,0,0,1,0,1,0,0,0,0,0,3,0,0,2,0,0,0,0,0,0,1,0,0,0,0,0,0,0,0,0,0,7,0,0,0,0,0,0,0,0,0,0,0,0,0,0,0,0,0,0,0,0,0,0,0,0,3,142,0,0,0,0,0,0,1,0,0,0,0,0,0,0,0,0,0,0,0,0,0,0,0,0,0,0,0
"9050x5689",0,0,0,0,1,1,0,0,23,0,0,0,0,0,0,0,0,0,0,7,0,0,0,0,0,0,0,0,0,0,5,0,0,0,0,0,1,0,0,0,0,6,7,0,0,4,0,0,0,0,0,1,0,0,0,0,5,0,0,0,4,0,0,0,0,0,0,10,1,0,0,0,0,0,0,0,0,0,5,0,0,0,0,0,3,0,0,0,0,0,0,0,0,0,0,1,2,1,0,1,0,0,15,0,0,0,0,3,0,0,3,0,0,0,0,0,0,0,0,0,0,0,4,0,0,0,1,2,0,0,0,20,77,2,0,0,0,0,1,0,7,0,0,1,0,0,0,1,0,0,0,0,0,0,0,0,0,0,0,0,3,0,0,0,0,0
"9046x2737",0,0,0,0,0,0,0,7,5,0,0,0,4,0,0,0,0,0,0,2,0,0,0,0,2,0,3,0,0,0,0,0,0,3,0,0,0,0,0,0,0,0,3,0,0,0,8,0,0,0,0,0,0,0,0,0,0,0,0,0,0,0,0,0,0,0,0,3,0,0,0,0,1,0,46,0,0,0,0,2,0,0,0,0,0,6,0,0,0,0,0,0,0,0,0,5,0,0,0,1,0,1,0,4,0,0,0,0,0,0,0,0,0,0,8,0,0,0,0,0,0,0,0,0,0,0,0,0,0,0,0,0,0,0,0,0,3,0,0,0,0,0,0,0,0,0,0,0,0,0,0,0,0,0,0,0,0,0,0,0,6,0,0,0,0,0
"9037x3605",0,0,0,2,0,3,1,1,14,0,0,3,49,0,0,0,0,0,0,6,0,0,0,0,0,0,0,0,0,1,11,0,0,0,0,0,0,0,0,1,0,5,21,0,0,0,0,0,0,0,3,0,0,0,0,0,0,0,0,0,1,0,0,1,0,0,0,0,0,0,0,0,0,0,63,1,1,0,0,8,1,4,0,14,0,0,0,0,0,0,0,0,0,0,0,0,0,0,0,0,0,6,10,0,0,0,0,0,0,0,13,1,0,0,0,0,0,0,0,0,0,0,0,0,0,0,0,0,0,0,0,5,28,0,0,0,0,3,7,0,0,0,0,0,0,0,8,0,0,0,0,0,0,0,0,0,0,0,0,0,0,0,2,0,0,0
"9094x1087",0,0,3,0,3,0,0,0,15,0,1,0,0,0,0,0,0,0,3,11,0,0,0,0,0,0,0,0,2,0,0,0,0,2,0,0,3,0,0,0,0,0,14,0,0,0,0,0,0,0,0,0,0,0,3,0,1,0,0,0,0,0,0,0,11,1,0,0,0,0,0,0,0,0,2,0,0,0,0,0,0,0,0,0,0,8,2,0,0,0,0,0,0,9,11,7,0,0,0,0,0,0,27,9,0,0,0,0,0,0,0,2,0,2,0,0,0,0,0,0,0,0,0,0,0,0,0,0,0,0,0,2,26,0,0,0,0,0,0,0,2,0,0,3,0,0,0,7,0,0,0,0,0,0,3,0,0,0,0,0,0,0,0,0,0,2
"9075x1437",0,0,3,0,0,0,0,4,38,8,32,0,0,0,0,0,0,0,2,5,0,0,0,0,0,26,0,0,0,0,0,0,1,1,0,5,4,0,0,0,0,3,22,0,0,0,0,0,0,0,0,0,0,0,27,47,11,0,0,0,0,0,0,0,0,0,0,1,0,0,0,0,0,0,0,0,0,0,0,0,0,0,6,0,0,0,0,0,0,0,1,0,0,0,13,0,0,0,0,12,0,0,12,3,0,5,3,4,0,1,23,3,1,0,0,0,0,0,0,0,0,0,10,0,0,11,0,0,0,0,0,0,31,0,1,1,0,0,231,0,6,11,0,3,0,0,5,0,0,1,1,0,0,0,0,0,2,4,0,0,11,0,0,26,0,0
"9078x6078",0,0,6,0,3,0,0,0,12,0,15,0,2,0,0,0,0,0,8,5,0,19,0,3,0,0,0,0,2,0,0,0,0,11,0,0,14,2,2,0,0,0,24,0,0,0,0,17,0,0,0,2,0,0,0,10,5,0,0,0,4,0,0,0,0,0,1,2,0,0,0,0,0,0,2,0,1,0,0,0,0,0,0,0,6,0,1,0,0,1,6,4,0,0,2,0,0,0,0,2,0,5,37,4,0,0,0,0,17,0,21,11,0,0,5,0,0,0,0,0,0,0,2,0,0,1,0,1,0,0,0,16,66,0,0,0,0,0,0,0,4,0,0,1,0,6,8,0,0,0,0,6,0,0,0,0,0,2,0,0,1,0,0,3,0,2
"9092x223",1,0,1,0,2,0,0,0,26,0,3,0,1,1,0,0,0,0,2,2,0,0,0,0,0,0,0,0,0,0,19,0,4,0,0,7,26,0,1,0,0,10,2,0,0,0,0,0,0,0,0,0,0,0,6,12,0,0,0,0,6,0,0,0,0,0,0,0,0,0,0,0,0,0,0,0,3,0,0,0,0,0,0,0,0,0,0,0,0,0,0,0,0,0,0,0,0,0,0,0,0,0,14,0,0,0,0,0,0,0,2,0,0,2,0,0,0,0,0,0,0,0,12,0,0,1,0,0,0,0,0,1,19,0,0,0,0,0,5,0,1,0,0,1,0,0,0,4,7,0,0,0,0,0,0,0,0,2,0,0,1,0,0,1,0,0
"9100x3472",0,0,0,0,0,0,0,0,5,0,0,0,24,0,0,0,0,0,0,4,0,0,0,2,0,0,0,0,0,0,6,0,0,0,0,0,0,0,0,0,0,0,0,0,0,0,11,0,0,0,0,0,0,0,0,0,0,0,0,0,14,0,0,0,0,0,0,0,0,0,0,0,0,0,11,0,0,0,0,4,0,0,0,3,0,0,4,0,0,0,1,0,0,0,0,0,0,0,0,10,0,0,0,0,0,0,2,0,0,0,0,0,0,0,0,0,0,0,0,0,0,0,0,0,0,0,0,0,0,0,0,2,8,0,0,0,2,12,0,0,0,0,3,0,0,0,0,0,0,0,0,0,0,0,0,0,0,0,0,0,0,0,2,0,0,0
"9065x4162",0,0,10,1,0,2,0,6,7,0,15,0,3,0,0,0,0,0,0,1,0,0,0,0,0,0,0,0,0,0,5,0,0,6,0,0,0,0,19,9,0,0,23,0,0,0,0,0,0,0,0,0,0,0,0,0,0,0,0,0,0,5,0,0,1,0,0,0,0,0,0,0,0,0,5,0,0,0,0,0,9,0,0,2,0,0,0,0,0,0,7,2,0,0,0,0,0,0,0,25,0,6,0,6,0,0,0,0,0,0,0,7,17,0,0,0,0,0,0,0,0,0,0,0,0,0,0,0,0,0,0,0,17,2,0,0,0,12,0,0,0,0,3,0,0,0,0,0,0,0,0,0,0,0,0,0,6,0,0,0,1,0,0,0,3,0
"9086x4696",0,0,0,0,0,1,0,5,0,0,7,0,0,0,0,0,0,0,0,2,0,0,1,0,0,0,0,0,0,0,0,0,0,1,0,0,0,0,0,7,0,32,0,0,0,0,2,0,3,3,1,0,0,0,3,0,0,0,0,2,0,0,0,0,5,0,0,4,0,0,0,0,0,0,0,1,4,0,0,0,1,0,0,0,0,2,2,0,0,0,1,0,0,1,0,0,0,4,0,3,0,0,0,0,0,0,0,0,0,0,0,0,0,0,10,0,0,0,0,0,0,0,1,0,0,0,0,0,0,0,0,0,11,0,0,0,0,0,0,0,1,0,0,0,0,0,0,0,0,0,0,1,0,0,0,0,0,0,0,0,0,0,0,0,0,0
"9095x3162",0,0,2,0,0,0,0,0,0,0,22,0,2,0,0,0,0,0,0,0,0,0,0,0,0,0,0,0,0,0,0,0,0,3,0,0,0,0,0,0,0,1,5,0,0,0,0,0,0,0,0,0,0,0,0,0,0,0,0,0,0,0,0,0,6,0,0,0,0,0,0,0,0,0,4,0,4,0,0,0,0,0,6,0,1,0,0,0,0,0,0,0,0,0,0,29,0,0,0,1,0,0,0,0,0,0,0,0,0,0,1,0,0,0,17,0,0,0,0,0,0,0,0,0,0,0,0,0,0,0,0,0,0,0,0,2,0,0,169,0,0,0,0,0,0,0,2,0,0,0,0,0,0,0,0,0,0,0,0,0,8,0,0,0,1,0
"9105x3971",0,0,6,0,0,0,0,0,1,0,4,0,11,1,0,0,0,0,1,15,0,0,0,0,0,0,0,0,0,0,11,0,0,6,0,0,0,0,11,0,0,0,9,0,0,0,10,0,0,0,0,0,0,0,0,0,0,0,0,0,0,0,0,0,4,0,0,0,0,0,0,0,0,6,11,0,0,0,0,0,0,0,0,0,0,6,0,0,0,0,0,3,0,0,3,0,0,0,0,1,0,3,0,2,0,0,0,0,0,0,0,0,0,0,0,0,0,0,0,0,0,0,0,0,0,0,0,0,0,0,0,1,4,0,9,5,0,0,0,0,0,0,0,0,0,7,0,1,0,0,0,0,0,0,0,0,0,0,0,0,0,0,3,0,0,0
"9121x88",0,2,2,0,0,2,0,2,34,9,6,0,0,14,3,0,2,2,5,3,0,4,0,0,0,0,2,0,0,0,13,0,0,0,0,0,78,0,2,0,0,2,10,0,0,0,5,7,6,0,0,2,2,0,0,5,0,0,0,0,29,0,0,0,0,0,0,1,0,0,0,0,0,0,0,0,8,0,0,0,0,0,4,0,0,0,1,0,0,0,0,0,0,0,0,6,0,1,11,0,0,2,17,8,0,0,0,0,0,0,14,3,0,0,0,0,0,0,0,0,0,0,0,0,0,0,0,0,0,0,1,31,108,6,3,1,0,0,0,0,5,0,7,5,0,0,0,0,0,0,0,0,0,0,0,0,0,0,0,0,3,4,5,0,0,1
"9175x349",0,0,18,0,0,2,0,1,20,2,14,0,1,0,0,0,0,0,6,5,0,4,0,0,0,0,0,0,0,0,1,0,0,2,0,7,5,0,0,0,0,0,17,0,0,0,0,0,0,0,0,0,0,0,0,0,1,5,0,0,0,0,0,0,0,0,0,1,0,0,0,0,0,8,0,0,1,0,2,0,0,0,0,0,0,0,4,0,7,0,7,0,0,17,27,0,0,0,0,2,1,2,23,18,0,0,0,0,0,0,16,6,0,0,8,0,0,0,0,0,0,0,11,0,0,0,0,0,0,0,0,19,161,8,1,15,0,0,0,0,2,0,0,9,0,0,0,3,0,0,0,5,0,0,0,0,0,2,0,0,1,0,0,0,1,0
"9108x837",0,0,0,0,2,0,1,0,11,0,3,0,0,0,0,0,0,0,13,3,0,0,0,0,0,11,2,0,1,0,0,0,0,71,0,0,4,0,0,0,0,0,40,0,0,6,0,24,0,0,0,0,3,1,40,14,0,1,0,0,1,2,52,7,1,0,1,4,0,0,0,0,0,1,0,0,0,0,0,0,0,0,2,0,0,0,0,0,0,0,0,0,0,9,7,3,2,0,0,10,1,1,0,20,0,0,0,0,0,38,10,0,0,0,12,0,0,0,5,0,0,7,0,0,0,0,0,0,0,0,5,4,7,0,0,0,12,0,0,1,0,30,0,13,0,0,2,3,0,0,0,5,38,4,0,0,0,12,0,0,0,7,0,4,0,1
"9120x2116",0,0,32,0,0,0,0,1,42,0,9,0,0,0,7,0,0,0,0,2,0,5,0,0,50,0,0,0,0,6,1,0,0,1,0,2,0,0,0,0,0,0,17,0,0,0,0,0,0,0,0,3,0,1,0,0,4,0,0,0,0,0,8,0,11,0,0,4,0,0,0,0,0,1,0,5,0,0,0,0,0,0,4,0,1,0,2,0,1,0,0,0,0,2,0,0,0,0,0,10,0,13,28,0,0,0,8,19,1,0,22,6,16,0,3,0,0,1,0,0,0,0,0,3,1,7,0,0,0,0,0,10,101,1,0,12,10,0,0,2,10,0,0,13,0,0,8,3,0,0,0,5,0,0,0,0,0,0,0,0,12,0,1,7,12,0
"9126x3707",0,0,0,3,0,0,0,1,0,0,1,0,71,0,0,0,0,0,0,11,0,0,0,0,0,0,0,0,0,0,3,0,0,0,0,0,0,0,0,0,0,14,13,0,0,0,1,0,0,0,1,0,0,0,0,0,0,1,0,0,0,0,0,0,0,0,0,0,0,0,0,0,0,0,8,0,1,0,1,1,3,4,0,0,0,0,0,0,0,0,5,0,0,0,3,2,0,0,0,0,0,0,6,0,0,0,0,0,0,0,0,4,5,0,0,0,0,0,0,0,0,0,0,0,0,0,0,0,0,0,0,0,0,1,1,0,0,16,5,0,0,0,0,0,0,0,0,3,0,0,0,0,0,0,0,0,0,0,0,0,0,0,0,0,0,0
"9124x2441",0,0,7,4,3,8,0,0,0,0,5,1,0,0,2,0,0,0,1,5,0,0,0,0,0,1,0,0,0,0,9,0,0,0,0,0,1,0,0,26,0,0,2,0,0,0,0,0,1,0,0,0,0,0,0,0,0,0,0,0,0,0,0,0,0,0,0,0,0,0,0,0,0,0,0,2,0,0,0,0,0,0,0,0,0,0,4,0,0,0,0,0,0,0,4,0,0,0,0,0,0,2,2,0,0,0,0,0,0,0,15,0,2,0,6,0,0,0,0,0,0,0,0,0,0,0,0,0,0,0,0,22,64,0,0,0,0,0,0,0,17,0,0,0,0,0,0,0,0,0,0,0,0,0,0,0,0,0,0,0,0,0,2,0,0,1
"9123x4440",2,0,24,0,1,0,0,0,1,0,15,0,7,0,0,0,0,0,0,0,0,0,0,0,0,0,0,0,0,0,6,0,0,1,0,0,0,0,0,0,0,3,2,0,0,0,3,0,3,0,0,0,0,0,0,0,2,0,0,0,0,0,0,0,0,0,0,0,0,0,0,0,0,0,1,0,0,0,0,0,1,0,0,1,0,0,0,0,0,0,1,5,0,0,0,0,0,0,0,2,1,0,0,9,0,0,0,1,0,0,0,0,0,0,0,0,0,0,0,0,0,0,0,0,0,0,0,0,0,0,0,1,3,3,0,0,2,1,0,0,0,0,0,0,0,0,0,0,0,0,0,0,0,0,0,0,0,0,0,0,0,0,0,1,1,0
"9177x2676",0,0,0,0,0,0,0,0,17,0,0,0,18,0,0,0,0,0,0,1,0,0,0,0,0,0,0,0,0,0,3,0,0,4,0,0,5,3,1,0,0,1,13,0,0,0,0,0,3,0,0,1,0,0,0,0,1,0,0,0,0,0,0,0,0,0,1,0,0,0,0,0,0,0,1,0,0,0,0,3,0,0,0,0,0,0,0,0,0,0,0,0,0,0,0,0,0,0,0,4,0,0,0,0,0,0,2,0,0,0,0,4,0,0,0,0,0,0,0,0,0,0,6,4,0,0,0,0,0,0,0,0,0,0,0,4,0,0,0,2,0,2,0,0,0,0,0,0,0,0,0,7,0,0,4,0,0,0,0,0,2,0,0,0,0,0
"9170x6314",0,0,4,0,10,2,0,1,15,0,3,0,0,0,0,0,0,0,1,3,0,0,0,0,0,0,0,0,0,0,0,0,0,0,0,0,30,0,19,0,0,0,0,0,0,0,0,8,1,0,0,0,0,0,8,0,0,0,0,0,15,0,0,0,0,0,1,1,0,0,0,0,0,2,0,5,1,0,0,0,0,0,0,0,0,7,0,0,2,0,10,0,0,18,7,2,0,0,1,0,0,2,20,0,0,0,0,0,0,0,0,2,0,0,6,0,0,0,0,0,0,0,0,0,0,0,0,0,4,0,0,10,69,0,0,1,0,0,0,0,1,0,0,4,0,0,0,0,2,0,0,0,0,0,0,0,0,0,0,0,0,0,3,0,0,0
"9179x1988",0,0,2,0,4,0,0,13,24,14,2,0,0,0,7,0,0,0,1,15,0,0,0,0,12,2,0,0,3,0,10,0,0,6,0,7,49,0,0,0,0,4,22,0,0,0,0,0,6,0,0,0,0,1,0,0,0,0,0,8,12,0,0,0,10,0,0,2,0,1,0,0,4,0,0,5,0,0,0,0,0,0,0,0,1,6,2,0,0,0,0,3,0,3,2,0,0,5,1,0,0,7,25,2,0,0,0,1,4,0,17,14,0,0,0,0,0,0,0,0,0,0,0,3,0,0,0,0,0,0,0,33,105,19,0,12,0,0,0,0,14,0,0,12,0,10,0,13,7,0,0,1,0,0,0,0,0,0,0,0,3,0,0,1,1,0
"9209x1739",2,0,8,1,2,5,2,0,0,0,0,0,0,0,0,0,0,0,6,1,0,7,15,0,1,0,0,0,0,0,7,0,0,6,0,0,20,0,5,0,0,17,5,0,0,0,0,0,0,0,0,0,0,1,0,0,6,0,0,0,0,0,0,0,0,0,0,0,0,0,0,0,0,7,0,0,8,0,4,0,0,0,0,0,0,7,0,0,0,0,0,0,0,0,28,0,0,0,0,2,0,1,17,1,0,0,0,0,0,0,2,14,0,0,0,0,0,0,0,0,0,0,0,0,1,0,0,0,0,0,0,7,81,0,0,3,0,0,1,0,2,0,0,3,0,0,0,1,0,5,0,0,0,0,0,0,0,0,0,0,0,0,0,2,0,0
"9184x4655",0,0,4,0,0,0,0,0,4,0,5,0,9,0,0,0,0,0,0,0,0,0,0,0,0,7,0,0,0,0,10,0,0,4,0,1,0,0,0,0,0,2,14,0,0,0,5,0,0,0,1,0,0,0,0,0,6,3,0,0,0,4,0,0,0,0,0,0,0,0,0,0,0,0,0,1,0,0,0,5,8,0,7,0,0,2,0,0,0,0,0,0,0,3,0,3,0,4,0,1,0,0,0,0,0,0,0,0,0,0,0,0,0,0,0,0,0,0,0,0,0,0,0,0,1,0,0,0,0,0,0,0,0,2,0,0,0,0,0,7,0,0,0,0,0,0,0,0,0,0,0,1,0,0,0,0,0,0,0,0,0,0,0,0,1,0
"9199x1157",0,0,20,0,1,1,0,10,25,0,5,0,0,0,0,0,0,0,6,11,0,0,0,0,10,0,0,0,0,0,3,0,1,0,0,0,0,0,3,0,0,0,20,0,0,0,0,0,4,0,0,0,0,0,1,0,5,0,0,0,0,0,2,2,0,0,0,8,0,0,0,0,0,7,2,1,7,0,0,0,0,0,0,0,0,2,3,0,7,0,0,1,0,31,0,7,7,0,0,0,0,0,41,9,0,0,0,0,0,0,0,12,0,0,0,0,0,0,0,0,0,0,1,0,1,0,0,0,5,0,0,14,60,0,0,0,0,0,0,0,3,0,0,5,0,0,0,5,0,0,0,0,3,0,0,0,0,0,0,0,3,0,0,0,6,2
"9190x2194",0,1,22,2,9,1,0,4,25,0,17,0,1,5,0,0,0,0,4,7,0,0,0,0,7,0,0,0,0,17,8,0,0,0,0,0,0,0,0,0,0,5,46,0,0,0,0,0,0,0,0,3,0,0,0,0,6,0,0,0,0,0,0,4,0,0,0,6,0,0,2,0,3,0,0,0,4,0,0,0,0,0,0,0,0,0,13,0,0,0,0,1,0,0,0,0,0,0,0,13,0,15,33,0,0,0,8,0,0,0,15,1,3,0,5,0,0,0,0,0,0,0,0,0,1,1,0,0,0,0,0,19,119,11,0,0,1,0,0,2,10,0,0,4,0,0,0,3,0,0,0,0,0,0,0,0,0,0,0,0,1,0,1,0,2,2
"9238x1415",0,0,6,0,11,4,0,0,17,0,31,0,0,0,0,0,0,0,1,5,0,0,10,0,0,8,0,0,9,0,11,0,1,9,0,7,3,0,0,0,0,9,6,0,0,0,9,0,7,0,0,0,2,0,0,12,24,0,0,0,0,0,0,8,25,0,0,1,0,0,0,0,0,0,0,0,1,0,1,0,0,0,0,0,3,0,0,2,5,0,1,0,0,4,3,0,0,0,0,3,0,0,44,11,0,0,0,1,0,0,5,8,8,0,3,0,0,0,0,0,0,0,1,0,0,0,0,0,0,0,0,30,133,2,0,0,7,1,16,0,2,1,5,19,0,0,0,4,0,1,0,2,0,0,0,0,0,2,0,0,10,0,2,28,2,0
"9246x4814",0,0,0,0,0,0,0,0,11,4,3,0,5,0,0,0,0,0,1,8,0,0,0,0,0,0,0,0,0,0,0,0,0,6,0,0,0,0,2,4,0,13,16,0,0,7,0,0,0,0,0,0,0,0,0,0,1,0,0,0,0,0,0,0,2,0,0,1,0,0,0,1,0,0,0,0,2,0,0,0,0,0,0,0,0,0,1,0,0,0,0,0,0,0,0,0,0,0,2,2,0,14,10,0,0,0,0,1,0,0,36,0,0,0,1,1,0,0,0,0,2,0,0,0,0,0,0,0,0,0,0,0,1,4,0,0,0,0,0,0,0,0,3,0,0,0,0,0,0,0,0,0,0,0,0,0,0,0,0,0,0,0,0,0,0,0
"9234x4505",0,0,0,0,0,0,0,0,0,0,21,0,6,0,0,0,0,0,0,0,0,0,0,0,0,0,0,0,0,0,0,0,0,0,0,15,0,0,0,0,0,0,13,0,0,0,0,0,2,0,0,0,0,0,2,0,1,0,0,2,0,1,0,7,0,0,0,0,0,0,0,0,0,0,0,0,0,0,3,1,0,0,0,0,0,3,0,0,0,0,1,11,0,0,13,1,0,0,0,0,0,1,0,0,0,0,0,0,0,0,12,0,0,0,0,0,0,0,0,0,0,0,8,0,0,1,0,0,0,0,0,0,0,0,0,0,4,0,0,0,0,0,5,0,0,4,0,0,0,0,0,0,0,0,0,0,0,0,0,0,3,0,0,1,0,0
"9200x4338",0,0,0,1,1,0,0,0,0,0,0,0,26,2,0,0,0,0,2,0,0,0,0,0,0,0,0,0,0,0,41,2,0,4,2,2,0,0,0,0,0,0,5,0,0,2,2,0,0,0,0,0,0,0,0,0,0,0,0,0,20,0,0,0,0,0,0,0,0,0,0,0,0,0,3,0,0,0,0,9,1,0,6,0,0,0,0,0,0,0,2,1,0,0,11,0,0,3,0,9,1,0,0,0,0,0,4,0,0,0,13,0,8,0,0,0,0,0,0,0,0,0,0,0,0,1,0,0,0,0,0,0,0,2,0,0,0,7,1,0,3,0,0,0,0,0,0,0,0,0,0,0,0,0,0,0,0,0,0,0,8,0,0,4,0,0
"9233x4048",0,0,3,0,5,0,0,0,2,0,0,0,3,0,0,0,0,0,1,0,0,0,9,0,3,4,0,0,0,0,0,0,0,14,2,0,25,0,1,0,0,0,15,0,0,0,0,0,2,0,1,0,0,0,0,0,10,0,0,0,12,0,0,0,0,0,0,1,0,0,0,0,0,0,0,0,0,0,0,0,0,0,31,0,0,0,2,0,1,0,0,0,0,1,1,0,0,0,0,0,0,0,22,18,0,0,0,1,0,0,4,3,0,4,2,0,0,0,0,0,0,2,0,1,1,1,0,0,0,3,0,14,107,3,0,0,0,0,0,0,4,0,0,16,0,0,0,2,0,0,0,0,0,0,0,0,1,0,0,0,8,0,5,12,7,0
"9234x834",2,0,0,0,4,0,0,1,1,0,2,0,0,0,1,0,0,0,1,5,0,0,0,0,12,10,0,0,0,0,0,0,0,27,0,0,4,2,1,0,0,4,15,0,0,0,0,4,6,0,1,0,0,0,0,1,4,0,0,1,1,0,1,0,0,0,0,0,0,0,0,0,0,0,0,0,0,0,29,0,0,0,7,0,0,0,0,0,0,0,0,0,0,0,0,0,0,0,0,5,0,0,0,0,0,0,0,0,0,0,11,4,0,0,0,0,0,2,0,0,1,1,0,0,0,0,0,0,0,0,0,4,6,0,0,4,0,0,0,0,2,20,12,9,0,0,0,4,0,0,0,0,0,0,0,0,0,2,0,0,0,3,0,16,2,0
"9255x2298",0,0,2,0,0,0,0,0,5,0,2,0,0,0,0,0,0,0,2,6,0,0,0,0,0,0,0,1,0,0,2,0,0,0,0,0,13,0,0,0,0,0,0,0,0,3,0,0,0,0,0,0,0,0,0,0,0,0,0,0,8,0,0,0,0,0,0,0,0,0,0,0,0,2,0,0,0,0,0,0,0,0,1,0,0,0,0,0,0,0,0,0,0,0,7,0,0,0,0,0,0,2,7,22,0,0,0,0,0,0,1,0,1,0,0,0,0,0,0,0,0,0,0,0,0,0,0,0,0,0,0,4,50,0,0,0,0,0,0,0,0,0,0,4,0,1,0,1,0,0,0,0,0,0,0,0,0,0,3,1,0,0,0,0,0,0
"9248x5569",1,0,27,8,1,2,0,0,15,0,16,0,0,0,0,0,0,0,13,8,0,0,1,17,2,2,0,0,0,0,0,0,0,14,0,7,17,0,0,23,0,0,3,0,0,9,2,0,3,0,2,1,0,1,0,0,3,0,0,0,4,0,0,0,1,1,0,2,0,2,0,0,0,0,0,2,4,0,12,0,0,0,0,2,5,0,9,0,0,0,3,0,0,13,15,0,0,0,0,6,0,16,57,0,0,0,1,0,0,1,3,0,8,2,3,0,0,0,0,0,2,0,6,0,0,2,3,0,0,0,0,38,122,0,0,5,0,0,0,0,0,0,0,2,2,0,1,2,0,0,0,0,0,0,0,0,0,0,0,1,30,0,1,0,0,0
"9258x2518",0,0,5,0,12,2,0,0,2,6,5,0,1,0,0,0,0,0,3,5,0,0,0,0,11,11,3,0,0,4,0,0,0,0,0,0,40,2,22,0,0,7,29,0,0,0,1,24,64,0,0,0,0,0,0,0,1,0,0,0,17,0,0,0,0,0,0,0,0,0,0,0,0,0,3,0,0,0,13,0,0,0,0,0,2,0,18,1,3,0,7,25,0,6,21,3,0,0,0,9,0,24,8,7,0,0,0,0,0,0,0,10,0,3,10,0,0,0,0,0,0,0,21,0,0,0,0,0,4,0,0,0,50,16,0,2,0,0,0,0,1,0,17,10,0,0,0,2,0,0,0,0,6,0,0,0,0,0,0,0,1,0,0,0,2,8
"9271x1266",2,0,0,0,4,0,0,0,16,0,1,0,0,0,0,0,0,0,2,2,0,0,0,0,0,0,0,0,0,0,0,0,1,2,0,0,0,0,3,0,0,0,29,0,0,0,0,0,0,0,0,0,0,0,1,0,4,0,0,0,7,0,0,0,0,0,0,1,0,0,0,0,0,0,0,2,0,0,1,0,0,0,2,0,0,2,2,0,0,0,1,0,0,12,9,1,0,0,0,0,0,4,13,0,0,0,0,0,0,0,0,0,0,0,0,0,0,0,0,0,0,0,0,0,0,0,0,0,0,0,0,24,93,0,0,0,0,0,0,0,0,0,2,0,0,0,0,1,0,0,0,0,0,0,0,0,0,0,0,0,1,0,0,0,1,2
"9284x4627",0,0,10,0,0,0,0,12,15,0,3,1,0,0,0,0,0,0,2,5,0,0,0,0,0,0,0,0,0,0,3,0,0,2,0,0,4,0,0,1,0,0,11,0,0,0,5,0,0,0,0,0,0,0,0,0,9,0,0,0,0,0,0,0,1,0,0,0,0,0,0,0,0,0,0,0,0,0,0,2,0,0,0,1,0,4,6,0,0,2,0,0,0,0,13,0,0,0,0,1,0,0,0,2,0,0,0,0,0,0,0,19,0,0,0,0,0,0,0,0,0,0,3,0,0,2,0,1,0,0,0,1,35,0,0,2,0,0,0,0,0,0,0,0,0,0,0,0,0,0,0,0,0,0,0,0,0,0,0,0,0,0,5,0,0,0
"9297x1860",4,1,9,0,2,0,0,0,10,0,0,0,1,0,0,0,0,0,9,0,0,0,0,0,0,18,0,0,0,0,8,0,0,6,0,1,97,0,22,0,0,2,38,0,0,0,0,6,7,0,0,0,0,0,0,0,1,0,0,0,0,0,0,0,2,0,0,1,0,0,0,0,0,3,0,0,4,0,0,0,0,0,0,0,1,5,2,0,0,0,0,0,0,2,19,2,4,1,2,0,0,19,81,0,0,0,7,2,0,0,1,23,2,0,0,0,0,2,0,0,0,0,0,0,1,1,0,1,0,0,0,47,110,6,0,5,0,0,0,0,5,0,0,8,0,0,0,5,0,0,0,0,0,0,0,0,0,1,0,0,2,0,0,9,1,3
"9330x856",0,0,3,0,7,1,4,1,20,0,0,0,0,0,0,0,0,0,0,3,0,0,0,0,9,0,0,0,0,0,1,3,0,2,0,0,48,18,31,2,0,0,23,0,0,0,0,4,1,0,0,4,0,0,0,0,1,9,0,0,17,0,0,0,6,0,2,0,0,0,0,0,7,3,0,0,0,0,5,0,0,0,2,0,0,0,2,0,0,0,0,1,0,2,0,0,0,0,0,9,0,0,3,4,0,0,0,1,0,0,4,6,0,0,0,0,0,0,0,0,0,0,0,0,2,1,0,0,0,0,0,32,89,0,0,0,0,0,0,0,5,0,0,0,0,0,6,7,0,0,0,0,0,0,0,0,0,1,0,0,0,0,3,0,1,0
"9284x6555",0,0,2,0,0,0,1,4,3,0,1,0,0,0,0,0,0,0,0,1,1,0,0,0,0,0,0,0,0,0,0,0,0,0,0,0,16,0,0,9,0,0,15,6,0,1,0,11,9,0,0,2,0,1,8,8,6,0,0,0,4,0,0,0,0,0,0,1,0,0,0,0,0,0,0,0,0,0,0,0,0,0,0,0,0,0,0,0,0,4,0,0,0,0,0,0,0,0,0,9,2,0,7,0,0,0,0,0,0,0,9,9,0,0,1,0,0,0,0,0,0,3,0,4,0,0,0,0,0,0,0,0,20,0,0,0,0,0,1,0,2,0,0,0,0,0,11,4,0,0,0,0,0,0,0,0,1,3,0,0,0,0,0,19,0,0
"9334x2619",0,2,2,0,5,0,0,0,3,1,0,1,46,0,0,0,0,0,0,0,0,0,0,0,18,4,0,0,0,0,11,0,0,1,0,0,6,0,5,0,0,0,10,0,0,0,0,2,0,0,0,0,0,0,0,0,0,0,0,0,1,0,0,0,0,0,0,0,0,0,0,0,0,0,1,1,6,0,0,0,0,0,0,0,3,0,1,0,0,0,0,0,0,0,11,0,0,0,0,10,0,0,0,0,0,0,0,0,0,0,0,4,0,0,0,0,0,0,0,0,0,0,0,0,0,0,0,0,0,0,0,0,1,23,0,0,0,0,0,0,0,0,6,0,0,0,0,0,0,2,0,0,0,0,0,0,0,0,0,0,0,0,0,0,0,0
"9348x1021",4,2,3,0,2,1,4,1,73,2,5,0,0,0,0,0,0,0,1,6,0,0,0,0,12,1,0,0,3,0,32,0,0,26,0,1,6,0,12,0,3,0,21,0,0,0,0,3,1,0,0,2,0,3,8,6,7,0,0,0,13,0,2,0,2,0,2,0,0,0,0,0,7,5,0,0,1,0,0,0,0,0,11,0,0,0,13,0,0,0,0,12,0,0,28,0,0,0,3,5,0,2,54,11,1,0,0,0,0,0,11,2,12,3,0,0,0,0,0,0,0,9,2,0,6,0,0,0,0,0,0,7,188,0,0,1,0,0,0,0,16,0,0,0,0,0,0,0,0,0,0,1,6,0,0,0,1,6,0,0,2,0,0,5,1,24
"9354x3386",0,0,0,0,5,1,0,14,2,0,12,0,1,7,0,0,0,0,1,1,0,0,0,0,0,0,0,0,0,0,2,0,0,0,0,6,0,0,0,0,0,3,2,0,1,0,0,0,0,3,2,0,0,0,0,0,0,0,0,0,13,0,0,0,3,0,0,0,0,0,0,0,0,1,3,0,1,0,0,0,0,0,10,0,0,0,9,0,1,0,0,13,0,0,0,0,0,0,0,1,0,1,10,5,0,0,0,0,0,0,9,4,0,0,0,0,0,0,0,0,0,0,0,0,1,0,0,0,0,0,0,9,33,5,0,0,0,0,16,0,0,0,0,2,0,0,0,5,0,0,0,0,0,0,0,0,0,0,0,1,0,0,0,0,0,0
"9372x4161",0,0,29,0,4,0,0,0,28,0,5,0,5,0,0,0,0,0,7,0,0,6,0,0,31,0,0,0,0,0,8,0,0,28,0,7,52,0,6,0,0,3,19,0,3,0,2,1,0,0,0,5,1,0,0,0,22,0,0,0,23,0,0,15,0,1,0,8,0,0,1,0,0,0,0,0,0,0,0,0,2,0,3,0,0,0,0,0,3,0,2,3,0,0,20,0,7,1,0,4,0,17,75,47,0,0,0,0,0,0,0,11,0,0,15,0,0,0,0,0,0,0,5,0,0,1,0,0,0,0,0,14,173,0,0,1,1,0,3,0,8,0,0,0,0,0,0,0,0,0,0,0,4,0,0,0,9,0,0,0,0,2,1,0,0,0
"9365x4441",0,0,2,2,1,2,0,6,15,0,5,0,10,0,0,0,0,0,1,3,0,1,0,0,0,0,0,0,0,0,1,0,0,2,0,0,21,2,0,0,5,0,12,0,0,2,0,9,0,0,0,0,0,0,0,0,2,0,0,0,8,0,0,0,0,0,0,1,0,0,0,0,0,0,0,2,1,0,0,0,1,0,0,1,0,0,0,0,0,0,15,0,0,0,1,0,0,0,0,9,0,4,57,13,0,0,1,0,0,0,11,1,0,0,1,0,0,0,0,0,0,0,0,0,0,2,0,4,0,0,0,6,45,0,1,0,0,0,0,0,0,0,0,2,0,0,0,0,1,0,0,0,12,0,0,3,0,0,0,1,31,0,0,0,0,0
"9374x4602",0,0,2,4,0,0,0,0,4,0,7,0,0,0,0,0,0,0,1,0,0,0,0,0,0,0,0,0,0,0,0,0,0,0,0,0,0,0,0,4,0,0,6,0,0,0,0,0,1,0,0,0,0,0,0,0,14,0,0,0,0,2,0,0,0,0,0,0,0,0,0,0,0,0,0,0,0,0,0,0,0,0,1,0,0,0,6,0,0,6,3,0,0,0,1,0,0,0,0,0,0,4,2,0,0,0,0,6,0,0,6,2,0,0,0,0,0,0,0,0,0,0,0,5,0,0,0,4,0,0,0,0,23,0,0,0,0,0,0,0,0,0,0,0,0,0,0,0,0,2,0,0,7,0,0,0,0,0,0,1,0,0,0,0,0,0
"9379x2266",0,0,5,0,0,0,0,1,0,0,8,0,0,0,0,0,0,0,0,2,0,0,7,0,4,0,0,0,14,0,12,0,0,0,0,1,0,0,3,20,0,0,9,0,0,0,0,0,0,0,0,0,0,0,0,0,1,2,0,0,1,0,1,0,0,0,0,0,0,0,0,0,0,2,0,0,0,0,0,0,0,0,0,0,0,0,0,0,0,0,0,0,0,1,0,7,0,6,4,14,0,5,21,0,0,0,0,0,0,0,7,17,0,6,0,0,0,0,0,0,0,0,0,0,0,0,0,0,0,0,0,26,45,0,6,0,0,0,0,0,1,0,8,0,0,1,0,1,0,0,0,2,0,0,0,0,0,0,0,0,2,0,1,1,0,0
"9391x2515",0,0,0,2,3,1,0,0,1,9,1,0,0,0,0,0,0,0,0,0,0,0,0,0,0,0,0,0,0,0,0,0,0,6,0,0,3,0,3,0,0,0,15,0,0,0,0,1,9,0,0,0,0,0,0,0,0,0,0,0,4,0,0,0,2,0,0,0,0,0,0,0,2,0,0,0,0,0,0,0,0,0,3,3,0,0,0,0,3,0,6,4,0,0,3,0,0,0,0,1,0,3,1,7,0,0,0,0,0,0,2,5,0,6,0,0,0,0,0,0,0,0,8,0,0,0,0,1,0,0,0,0,14,0,0,6,0,0,0,0,1,0,0,0,0,0,0,0,0,0,0,0,0,0,0,0,0,0,0,0,3,0,0,0,0,0
"9391x1245",6,0,3,0,2,0,0,0,6,0,12,0,0,0,0,0,0,0,3,10,0,3,0,0,0,2,0,0,0,0,6,0,0,4,0,0,0,0,0,7,0,0,12,0,0,0,0,0,0,0,1,2,0,0,0,0,21,0,0,0,5,0,0,0,0,0,0,0,0,0,0,0,0,0,0,0,1,0,0,0,0,0,0,0,0,2,16,0,0,0,2,0,0,13,7,0,0,0,0,2,0,7,22,18,0,0,0,0,0,0,0,0,0,0,0,0,0,0,0,0,0,0,0,0,0,1,0,0,0,0,0,13,68,0,0,11,5,0,0,1,1,1,0,0,1,0,0,1,1,0,0,0,0,0,0,0,0,0,0,0,2,0,1,0,2,0
"9398x6216",0,6,2,0,9,0,0,3,16,0,0,0,1,1,0,0,0,0,5,22,0,13,0,0,20,0,0,0,0,0,10,0,0,19,0,0,83,1,3,0,0,0,24,0,0,0,1,36,19,0,1,0,0,4,0,0,2,0,0,0,7,0,0,2,0,0,0,0,0,0,0,0,0,0,0,0,2,0,3,0,3,0,0,0,0,0,10,0,4,0,6,0,0,0,8,0,1,1,1,1,0,17,41,12,0,0,7,0,0,0,39,8,3,0,0,0,0,0,0,0,6,9,0,0,1,11,0,0,3,0,0,8,111,1,0,0,0,0,0,0,11,0,0,7,0,0,0,0,0,0,0,0,0,0,0,3,7,0,0,0,9,0,0,0,0,2
"9447x1744",0,2,2,2,1,0,0,17,3,0,16,0,0,0,0,0,1,0,3,5,0,0,6,0,0,4,0,0,3,0,2,0,0,1,2,0,2,0,9,0,0,5,27,0,0,0,0,0,10,0,0,5,0,0,0,0,0,0,0,0,13,0,0,5,4,0,0,1,0,0,0,0,0,0,0,0,0,0,1,0,0,0,0,0,0,0,0,0,0,0,0,0,0,0,0,0,0,0,6,8,7,3,9,3,0,0,0,1,0,0,5,3,1,0,3,0,0,0,0,0,1,0,0,0,0,0,0,0,0,0,0,2,36,0,0,0,0,0,0,0,1,0,1,0,0,0,14,0,0,0,0,0,0,0,0,0,0,2,0,0,8,0,0,0,0,0
"9423x3242",0,0,3,2,0,2,0,0,4,0,9,0,0,0,0,0,0,0,1,1,0,0,0,7,0,0,0,1,0,0,5,0,0,3,0,0,14,0,0,0,0,0,16,0,0,0,0,0,0,0,3,0,0,0,0,0,0,0,0,0,0,0,0,0,0,0,0,0,0,0,0,0,0,0,3,0,1,0,0,0,0,0,0,0,0,0,2,0,0,0,0,2,0,0,0,0,0,0,0,11,10,1,20,6,0,0,0,1,0,0,14,2,0,0,0,0,0,0,0,0,0,0,0,0,0,0,0,0,0,0,0,8,65,0,0,0,0,0,0,0,8,0,0,1,0,0,0,6,0,0,0,0,0,0,0,0,0,0,0,0,6,2,0,0,0,2
"9414x4315",0,1,3,0,1,0,0,4,9,0,10,0,0,0,0,0,0,0,1,5,0,0,0,0,0,0,0,0,0,0,2,0,0,2,0,0,10,3,7,0,0,0,12,0,0,0,6,4,2,2,1,0,0,0,0,0,7,0,0,0,54,0,0,0,0,1,0,0,1,0,0,0,2,0,0,3,1,0,0,0,0,0,0,0,0,0,0,3,0,0,7,0,0,0,20,3,0,0,6,2,0,1,34,6,0,0,0,0,0,0,4,2,0,0,7,0,0,0,0,0,0,0,0,0,0,0,0,11,0,0,0,15,110,0,0,0,0,0,0,0,7,0,0,5,8,0,0,1,0,0,0,0,0,0,0,0,0,6,0,0,0,5,8,0,0,0
"9390x4905",0,1,1,0,0,0,0,11,3,0,0,0,0,0,0,0,0,0,1,4,0,1,0,0,7,2,0,0,2,0,5,0,0,0,0,0,5,0,10,0,3,0,4,0,0,0,0,2,0,0,3,1,0,0,0,0,4,3,0,0,7,0,9,0,0,0,0,5,0,0,0,1,2,4,0,0,2,0,4,0,0,0,0,0,0,0,5,0,0,1,1,0,2,10,6,0,0,0,1,5,0,9,64,6,0,0,0,1,0,0,7,12,0,0,14,0,0,0,0,0,0,0,0,0,0,1,0,4,0,0,0,10,55,0,0,3,0,0,3,0,5,0,0,11,0,0,1,3,0,0,0,4,0,0,0,0,0,0,0,0,3,0,7,8,3,0
"9464x2170",3,0,1,0,0,0,0,0,14,0,1,0,0,0,0,0,2,0,2,4,0,4,0,0,35,0,0,0,0,0,0,0,0,2,0,0,9,0,0,19,0,0,0,0,0,0,0,0,0,0,1,0,0,0,0,0,7,0,0,0,2,0,0,4,0,0,0,0,0,0,1,0,0,0,0,0,0,0,0,0,0,0,0,0,0,0,0,0,0,0,0,0,0,0,0,0,4,6,3,15,0,1,17,6,0,0,13,0,0,0,0,11,1,7,0,0,0,0,0,0,0,0,0,0,0,0,0,3,0,0,0,24,117,0,2,0,0,0,0,0,3,0,0,1,0,0,0,0,0,0,0,0,0,0,0,0,0,0,0,0,0,0,1,1,0,0
"9452x6548",0,1,0,0,3,0,1,0,27,0,0,0,0,0,0,0,0,0,4,0,0,0,0,0,0,2,0,0,0,0,0,0,0,0,0,0,28,10,2,7,0,0,17,0,0,0,0,11,0,0,0,2,0,0,0,0,9,0,0,0,1,0,0,0,5,0,0,0,0,0,0,0,0,0,0,0,0,0,4,0,0,0,0,0,0,0,0,0,0,0,11,0,0,0,0,0,0,0,16,0,0,4,5,0,0,0,0,0,0,0,0,0,0,0,0,1,0,0,1,0,0,0,0,0,0,1,0,0,0,0,0,21,36,0,0,1,0,0,0,0,9,4,0,0,0,0,0,0,0,0,0,0,0,0,0,0,0,3,0,0,0,0,0,0,0,0
"9452x2382",1,0,0,0,0,0,0,1,16,0,0,0,0,0,0,0,0,0,0,0,0,0,0,0,0,37,0,0,3,0,0,0,0,0,0,19,0,0,0,0,1,0,11,0,0,0,0,0,2,0,0,0,0,1,4,0,3,0,0,0,4,0,0,2,1,0,0,0,0,0,0,0,0,0,0,0,0,0,5,0,0,0,0,0,11,0,6,0,0,0,0,0,0,0,0,0,0,4,0,0,0,12,15,14,0,0,0,0,0,0,0,5,0,0,0,0,0,0,0,0,0,0,0,1,3,0,0,0,0,0,0,13,116,0,4,17,0,0,135,0,3,0,0,0,0,0,0,1,0,0,0,0,1,0,0,0,0,0,0,0,12,0,0,0,0,0
"9446x3049",0,1,0,0,0,2,1,0,18,0,2,0,32,0,0,0,0,0,0,2,0,4,0,0,6,0,0,1,0,0,5,0,0,0,0,0,6,3,0,0,0,0,17,0,0,0,0,0,1,0,0,0,0,0,0,0,2,0,0,0,15,0,0,0,0,0,0,6,0,0,0,0,0,0,8,0,0,0,0,1,0,0,0,3,0,6,2,0,11,0,4,0,0,2,0,0,0,0,0,12,0,0,11,8,0,0,0,0,0,0,1,2,0,0,0,0,0,0,0,0,0,0,0,0,0,0,0,0,0,0,1,0,1,0,0,6,0,1,0,0,0,0,0,0,0,0,5,1,3,0,1,0,0,0,0,0,0,0,0,3,0,4,6,0,0,0
"9471x3785",0,0,0,5,0,0,3,11,10,0,15,0,0,0,0,0,0,0,0,1,0,0,0,0,0,0,0,0,7,0,0,0,0,15,0,0,0,0,0,0,0,0,0,0,0,0,0,1,1,0,0,0,0,0,0,0,1,0,0,0,0,0,0,1,3,0,0,0,0,0,0,0,0,0,2,0,0,0,0,0,0,0,0,3,0,0,1,0,0,0,0,0,0,0,0,0,3,0,0,4,0,0,9,4,0,0,0,0,0,0,5,0,0,8,0,0,0,0,0,0,0,0,4,1,1,0,0,0,0,0,0,11,16,0,0,4,0,0,0,0,2,0,0,0,0,0,2,0,0,6,0,0,0,0,0,0,0,0,0,0,0,0,0,0,2,0
"9474x336",0,0,0,0,1,3,0,1,50,5,6,0,6,12,0,0,0,0,9,13,0,3,0,0,21,21,4,0,0,0,0,0,0,6,0,0,12,0,0,0,0,5,27,0,10,0,0,3,0,0,0,0,0,0,5,0,54,1,0,0,18,0,0,0,0,0,0,1,0,0,0,0,0,0,0,0,7,0,0,0,0,0,0,0,0,2,9,2,0,1,0,20,1,3,12,25,0,6,2,11,0,19,37,0,0,0,0,10,0,0,36,9,1,1,2,0,0,0,0,0,0,0,9,0,0,7,0,3,2,0,0,8,163,6,0,33,0,0,0,0,2,0,5,5,0,0,3,5,0,14,0,1,0,0,0,0,1,3,0,0,5,1,5,6,1,15
"9513x4357",0,0,0,0,1,0,0,15,8,0,0,0,0,0,0,0,0,0,2,0,0,0,0,0,0,0,0,0,0,0,0,0,0,0,0,4,10,0,0,0,0,0,8,0,0,0,1,0,0,0,0,0,0,0,0,4,7,0,0,0,0,1,0,0,0,0,1,2,0,0,0,0,0,0,0,0,0,0,1,0,0,0,0,0,0,4,0,0,0,0,0,0,0,0,5,0,0,6,0,0,0,0,25,0,0,0,0,0,0,0,0,0,0,0,0,0,0,0,0,0,0,0,7,0,0,0,0,0,0,0,0,36,30,0,0,0,0,0,0,0,3,0,0,4,0,0,26,1,0,0,0,0,0,0,0,0,0,0,0,0,0,0,0,3,0,0
"9529x4104",3,0,17,0,1,0,0,2,34,4,0,0,0,0,0,1,1,0,3,3,0,0,0,0,0,0,0,0,1,0,1,0,0,0,0,7,14,0,9,0,3,0,26,0,0,0,0,8,0,0,0,0,0,0,0,0,13,0,0,0,4,0,0,0,0,0,0,3,0,0,0,0,0,8,0,0,1,0,0,0,29,0,0,0,0,0,14,0,2,0,1,3,0,4,0,1,9,0,1,4,2,30,56,0,0,0,0,1,0,0,10,0,0,0,17,0,0,0,0,0,0,2,0,0,0,4,0,0,0,0,0,26,151,0,0,2,0,1,0,0,1,0,0,9,0,0,0,0,0,0,0,0,0,0,0,0,4,0,0,0,1,1,0,0,0,0
"9527x2731",1,0,11,1,0,0,0,0,1,0,2,0,0,0,0,0,0,0,0,3,0,0,0,0,0,5,0,0,14,0,0,0,0,11,0,0,1,0,0,0,0,0,1,0,8,0,0,0,0,0,0,0,0,0,0,0,0,0,0,0,3,0,0,0,0,0,0,0,0,0,0,0,0,2,0,0,0,0,0,0,0,0,0,0,0,0,0,0,0,1,0,0,0,7,10,0,0,0,0,0,0,0,0,5,0,0,0,0,0,0,0,1,0,0,0,0,0,0,0,0,0,0,0,0,0,0,0,0,0,0,0,0,10,0,0,0,0,0,1,0,0,0,10,0,0,0,0,0,0,1,0,0,0,0,0,0,0,0,0,0,0,0,0,0,0,0
"9544x3436",1,0,1,0,0,0,0,0,1,0,3,0,0,3,0,0,0,0,1,3,0,0,0,0,0,0,0,0,1,0,0,0,0,1,0,1,0,0,0,0,0,50,12,0,0,0,0,0,4,1,1,0,0,0,0,0,0,0,0,0,1,0,0,0,0,0,0,0,0,0,0,0,0,2,0,0,1,0,0,0,0,0,0,0,0,0,2,0,0,0,0,0,0,0,3,0,0,0,0,0,2,10,10,0,0,0,8,0,0,0,0,10,0,0,2,0,0,0,0,0,0,0,0,0,0,0,0,0,0,0,0,3,51,1,1,0,0,0,0,0,2,0,0,0,0,0,0,0,0,0,0,0,0,0,0,0,0,0,0,0,1,0,3,0,0,0
"9508x4563",0,0,0,0,0,0,0,0,21,6,21,0,0,0,0,0,0,0,0,8,0,0,0,0,17,8,0,0,0,0,0,0,0,0,0,1,0,0,0,0,0,9,16,0,0,0,0,0,0,0,1,0,0,0,0,0,10,0,0,1,1,0,0,0,1,0,0,3,0,0,0,0,4,0,0,0,2,0,0,0,6,0,0,1,2,0,2,0,0,0,13,0,0,15,3,0,0,0,0,2,2,4,50,1,0,0,0,0,0,0,0,5,2,2,5,0,0,0,0,0,0,0,0,0,0,7,0,1,0,5,0,7,74,1,0,0,0,0,0,0,15,0,0,10,0,0,0,4,0,0,0,3,0,0,0,0,0,0,0,0,2,0,6,4,0,7
"9499x4730",0,1,1,0,1,2,0,0,14,0,6,0,0,3,0,0,0,0,4,4,0,0,0,0,20,0,0,0,4,0,0,0,0,0,0,0,15,0,7,0,0,0,20,0,0,0,0,2,0,0,0,0,0,0,0,0,5,0,0,0,18,1,0,1,0,0,3,3,1,0,0,0,1,0,0,1,1,0,0,0,0,0,0,0,0,0,15,0,0,0,4,0,0,23,4,0,0,0,1,10,0,5,6,10,0,0,0,0,0,0,38,0,0,0,0,0,0,0,0,0,0,1,0,1,0,1,0,1,0,1,0,1,119,0,0,0,0,0,0,0,10,0,0,3,0,0,0,5,1,4,0,0,0,0,0,0,2,0,0,0,5,0,0,0,0,0
"9531x2962",0,0,0,0,0,0,0,0,1,0,0,0,11,0,0,0,0,0,1,0,0,0,0,0,6,0,0,0,0,0,0,0,0,4,0,0,0,0,0,0,0,0,7,0,0,0,0,0,0,0,0,0,0,0,0,0,0,0,0,0,0,0,0,0,0,0,0,8,0,0,0,0,0,0,0,0,0,0,0,0,0,0,0,0,0,0,5,0,5,0,4,0,0,6,0,0,0,0,0,12,0,0,5,0,0,0,0,0,0,0,0,0,0,0,8,0,0,0,0,0,0,0,0,0,0,0,0,0,0,0,0,0,3,0,0,0,0,0,0,0,0,0,0,0,0,0,17,0,0,0,0,0,0,0,0,0,0,0,0,2,0,0,5,0,0,0
"9565x763",0,0,23,0,0,0,0,0,6,0,8,0,0,0,0,0,0,0,1,3,0,0,0,0,25,3,0,0,0,0,30,0,0,0,0,1,66,0,0,0,0,18,10,0,0,0,0,0,0,0,0,0,0,0,0,0,5,0,0,0,0,0,0,0,0,0,0,0,0,0,0,0,0,0,0,0,0,0,1,0,0,0,0,0,0,0,0,0,0,0,0,0,0,0,0,10,2,0,5,0,0,2,21,14,0,0,0,0,0,0,13,8,0,0,0,0,0,0,0,0,0,0,0,0,0,0,0,0,0,0,0,33,92,3,0,0,0,0,0,0,0,0,0,3,0,0,0,2,0,0,0,0,0,0,0,0,0,0,0,0,1,0,3,17,0,0
"9559x444",0,0,9,0,1,1,0,0,38,5,6,0,0,0,0,0,0,0,3,17,0,0,0,0,5,0,13,0,0,0,10,0,0,2,0,0,21,0,4,0,0,4,11,0,0,0,0,0,0,0,0,0,0,1,8,0,3,0,0,0,8,1,0,0,0,0,0,4,0,0,0,0,0,3,0,1,0,0,7,0,0,0,2,0,0,0,0,0,1,1,0,0,1,0,8,0,0,0,0,0,12,26,54,0,0,0,0,0,0,0,40,3,1,11,14,0,0,1,0,0,0,0,15,0,0,0,0,4,0,0,0,6,133,1,0,19,0,0,0,0,9,3,0,0,0,0,0,8,0,14,0,0,0,0,0,0,0,0,0,0,7,0,4,17,0,15
"9609x1272",3,0,10,0,5,0,0,0,8,0,10,0,0,10,1,0,0,0,2,12,0,12,0,0,11,1,0,0,0,0,1,0,0,6,0,0,5,0,4,0,0,8,25,0,0,5,0,0,0,0,0,0,0,0,2,0,1,0,0,0,14,0,1,0,0,0,0,3,0,0,0,0,0,0,0,0,0,0,0,0,0,0,1,2,0,0,11,0,0,0,0,0,0,0,1,0,0,4,0,5,1,6,32,13,0,0,0,0,1,0,1,2,0,0,0,0,0,0,0,0,0,0,0,0,0,0,0,0,0,0,0,7,131,0,0,0,0,0,7,0,1,0,0,6,0,0,0,6,0,0,0,0,0,0,0,0,0,1,0,0,8,6,1,0,1,1
"9584x5768",0,0,15,0,1,0,0,0,22,2,1,0,0,0,0,0,0,0,1,0,0,0,0,0,26,12,0,0,0,0,1,0,0,0,0,17,45,0,15,0,0,11,16,0,0,0,1,0,2,0,0,0,0,0,0,0,0,0,0,0,11,0,1,0,0,0,0,1,0,1,0,0,0,0,0,0,0,0,0,0,0,0,0,0,0,0,1,0,17,0,0,0,0,2,3,0,0,7,0,11,0,0,51,8,0,0,0,2,0,0,0,0,0,0,0,0,0,0,0,0,0,1,0,0,1,2,0,0,6,0,0,15,116,5,0,0,0,2,0,0,4,0,0,9,0,0,0,0,0,0,0,0,0,0,0,0,0,0,0,0,5,0,1,2,0,1
"9574x6229",0,0,15,0,7,1,0,0,36,12,8,0,1,8,0,2,0,0,2,2,0,12,0,0,7,0,0,0,0,8,0,0,0,1,0,0,40,0,0,0,0,6,27,0,0,0,8,9,0,0,0,2,0,0,1,0,22,0,0,0,0,0,3,0,0,0,0,8,3,0,0,0,3,0,0,0,0,0,0,0,0,0,0,0,2,3,3,0,0,0,0,0,0,0,11,4,0,0,2,19,0,2,25,6,0,0,0,0,0,0,11,8,0,0,0,0,0,0,0,0,0,0,0,0,0,0,0,2,0,0,0,13,121,0,0,0,0,0,0,0,10,0,3,4,0,0,0,2,0,0,0,0,0,0,0,0,0,2,0,0,0,0,0,1,0,0
"9589x621",0,0,21,0,0,0,0,7,8,0,30,0,0,0,3,0,0,0,3,7,0,0,0,0,0,8,0,5,2,0,13,0,0,0,0,0,6,0,1,0,0,0,17,0,0,0,0,0,0,10,0,2,0,0,0,0,8,0,0,0,10,0,0,0,0,0,0,6,0,0,0,0,0,0,0,1,3,0,10,0,0,0,0,0,0,0,0,0,0,0,10,0,0,1,1,0,0,7,2,1,0,10,24,33,0,0,0,0,0,0,3,9,0,6,0,0,0,0,0,0,0,0,0,0,0,0,0,0,0,0,0,12,77,0,0,2,0,0,1,0,4,0,0,0,0,0,0,0,0,0,0,0,0,0,0,0,0,1,0,0,0,0,1,2,1,7
"9608x1530",0,0,0,0,4,1,1,1,45,0,15,0,4,8,0,0,0,0,19,14,0,1,0,0,0,4,0,0,7,2,26,0,0,1,0,0,50,0,1,2,0,1,25,0,0,0,0,41,13,0,1,0,0,1,0,0,2,0,0,0,38,0,0,0,2,0,0,6,0,0,0,0,3,0,0,0,10,0,1,0,0,0,0,0,5,0,13,0,3,0,19,0,0,3,10,0,3,0,0,5,8,10,43,15,0,0,0,0,2,0,2,7,5,0,0,0,0,0,0,0,0,0,0,0,0,0,0,0,0,0,0,20,282,0,0,4,0,0,0,0,24,0,0,7,0,0,0,5,0,0,0,4,0,0,0,0,0,9,0,1,0,5,11,9,1,12
"9617x2001",0,0,0,0,1,0,0,5,28,0,14,0,0,0,0,0,0,0,3,7,0,9,0,6,25,0,0,3,3,0,15,0,26,0,0,4,5,0,0,0,0,0,21,0,0,0,0,3,1,0,0,6,0,0,0,0,10,0,0,0,3,0,0,15,0,0,0,2,0,0,0,0,0,1,3,0,6,0,0,0,0,0,0,0,0,0,0,0,0,0,0,0,0,0,2,1,5,0,0,10,0,5,30,7,12,0,0,2,0,0,53,9,0,11,2,1,0,0,0,0,0,0,1,0,0,5,0,17,0,0,0,22,149,1,0,0,0,0,0,0,7,0,0,0,0,0,0,4,0,0,0,1,0,0,0,0,9,0,0,1,0,0,0,0,0,0
"9660x3256",0,0,14,0,1,4,0,0,20,0,7,0,0,0,0,0,0,0,0,0,0,0,0,0,0,0,0,0,0,0,4,0,0,0,0,0,0,0,4,0,0,8,18,0,0,0,0,0,6,0,0,1,0,0,0,0,1,0,0,0,0,0,0,1,0,0,0,0,0,0,0,0,0,0,0,0,0,0,0,0,0,0,11,0,11,0,0,0,0,0,2,0,0,0,0,0,0,0,0,0,0,12,11,0,0,0,0,0,0,0,0,11,0,0,0,0,0,0,0,0,0,0,11,0,0,0,0,0,0,0,0,17,68,0,0,14,4,0,0,0,0,0,0,6,0,0,0,10,0,0,0,0,0,0,0,0,0,2,0,0,0,0,0,19,0,0
"9604x5606",0,0,19,0,15,0,0,2,22,0,16,0,2,0,0,0,0,0,8,0,0,2,16,0,3,0,0,0,0,0,2,0,0,2,0,1,20,0,0,1,0,8,36,0,0,0,0,0,2,3,0,1,0,0,0,0,15,4,0,0,3,0,0,7,0,1,0,5,0,0,1,0,0,0,0,0,0,0,0,0,2,0,7,3,6,0,5,0,3,0,5,0,0,0,3,2,0,0,2,2,0,3,128,33,0,0,0,0,0,0,0,9,13,0,0,0,0,0,0,0,4,0,0,0,0,0,0,7,0,0,0,23,173,0,0,0,0,0,2,1,0,0,0,5,0,0,9,0,0,0,0,0,0,0,0,4,8,0,0,0,2,0,0,1,0,5
"9629x853",0,0,0,4,0,0,0,0,12,0,28,0,0,0,0,0,0,0,1,7,0,0,0,0,17,0,0,0,0,0,0,0,0,0,0,0,37,0,0,0,0,2,34,0,0,0,0,9,8,0,0,0,0,0,0,0,1,0,0,0,0,12,0,0,0,0,0,0,0,0,0,0,0,0,0,0,10,0,0,0,0,0,0,0,0,0,0,0,0,0,3,4,0,0,1,0,0,0,0,3,0,1,35,0,0,0,0,1,0,0,18,7,0,0,0,0,0,0,0,0,0,0,0,0,0,0,0,0,0,0,0,25,17,0,0,0,0,0,0,0,0,0,0,0,0,0,0,4,0,0,0,0,11,0,0,0,0,0,0,0,0,0,0,10,0,0
"9629x2500",0,0,8,5,0,2,0,7,19,0,3,0,37,0,8,0,0,0,0,4,0,0,0,0,4,23,0,0,0,0,8,0,0,13,0,0,5,0,8,0,0,14,20,0,0,0,18,2,0,0,0,0,0,1,0,11,3,0,0,4,0,12,0,0,0,0,0,1,0,2,0,0,1,0,11,0,2,0,0,1,0,0,3,0,1,8,0,0,0,0,0,0,0,7,7,7,0,0,0,15,0,0,23,0,0,0,0,3,1,0,0,3,0,0,7,0,0,0,0,0,0,0,0,0,0,0,0,0,0,3,2,0,64,0,0,0,0,0,446,2,16,0,1,3,0,0,0,5,0,0,0,0,0,0,0,0,0,0,0,0,5,17,0,7,0,8
"9631x2682",5,0,0,8,0,3,0,0,7,0,5,0,0,0,1,0,0,0,0,4,0,8,0,0,0,0,0,0,0,0,7,0,0,8,0,0,9,0,4,5,0,0,7,0,0,0,0,17,0,0,0,0,0,0,0,0,0,0,0,0,2,0,0,0,0,0,0,0,0,0,0,0,0,0,0,0,0,0,0,0,0,0,0,0,1,0,1,0,0,0,0,0,0,1,8,0,0,0,0,5,1,0,0,6,0,0,0,0,1,0,0,21,0,0,3,0,0,0,0,0,0,0,0,0,0,0,0,0,0,0,0,0,26,4,0,0,0,0,2,0,0,0,0,0,0,0,0,0,0,1,0,0,0,0,0,0,0,0,0,0,0,0,0,1,0,0
"9649x4704",0,0,7,1,2,0,0,3,1,0,8,0,0,0,0,0,0,0,0,9,0,0,0,0,0,0,0,0,0,2,11,0,0,0,0,1,7,0,3,0,0,0,13,0,0,1,0,0,0,0,0,0,0,0,0,0,1,0,0,0,0,0,0,2,1,0,0,0,0,0,0,0,0,16,0,0,1,0,0,0,0,0,0,0,0,0,0,0,0,0,6,0,0,1,0,0,0,0,0,9,0,3,16,4,0,0,0,0,0,0,1,0,2,0,3,0,0,0,0,0,0,0,0,0,0,1,0,0,0,0,0,34,96,0,0,0,0,3,0,0,7,0,0,1,0,0,2,0,0,5,0,0,0,0,0,0,0,0,0,1,0,8,0,4,1,1
"9642x5893",0,0,9,0,0,1,0,0,25,0,10,0,0,0,0,0,1,0,0,7,0,0,0,0,46,4,0,0,0,0,1,0,0,0,0,2,5,0,4,0,1,0,3,0,0,0,0,0,0,0,1,6,0,0,0,0,8,0,0,0,0,0,1,0,1,0,0,2,0,0,0,0,0,0,0,0,1,0,0,0,8,0,0,1,0,0,0,0,0,0,0,0,0,21,6,0,0,0,0,0,0,0,14,10,0,0,0,0,0,0,14,6,0,0,2,0,0,0,1,0,0,0,0,0,0,2,0,0,0,0,0,3,101,16,0,1,0,0,0,0,0,0,0,0,0,0,0,3,0,0,0,0,0,0,0,0,0,0,0,0,0,0,1,0,3,13
"9650x4538",2,0,7,0,2,4,1,1,21,6,0,0,0,3,1,0,0,0,1,5,0,0,0,0,2,0,0,0,0,0,0,0,0,4,0,5,3,0,0,0,0,0,19,0,0,0,0,0,0,0,4,0,0,0,0,0,4,0,0,0,12,0,0,0,0,0,0,0,0,0,0,0,0,8,0,0,0,0,1,0,0,0,0,0,3,0,1,0,0,0,0,0,0,0,17,0,0,6,1,3,0,6,29,20,0,0,0,0,3,0,4,9,12,0,0,0,0,0,0,0,0,0,0,0,1,0,0,0,0,0,0,19,90,6,0,9,0,0,0,0,6,0,0,5,0,0,0,1,0,0,0,0,0,0,0,0,2,0,0,0,5,0,0,0,3,0
"9664x2147",0,0,23,1,9,0,0,0,4,0,10,0,0,0,0,0,0,0,0,2,0,0,0,0,15,0,0,0,13,1,3,0,27,13,0,0,15,0,3,2,0,0,16,0,0,0,0,4,0,0,0,0,0,0,2,0,11,0,0,0,3,0,0,5,0,0,0,6,0,0,0,0,0,0,0,0,0,0,0,0,0,0,0,2,0,0,1,0,4,4,22,0,1,0,14,0,0,1,0,13,0,2,14,0,1,0,0,0,0,0,21,0,0,0,4,0,0,0,0,0,0,0,0,0,0,5,0,0,0,0,0,29,85,0,0,0,0,0,133,0,5,0,0,0,0,0,0,2,0,0,0,0,0,0,0,0,1,0,0,0,0,0,0,1,0,2
"9640x6023",1,0,1,0,7,0,0,0,7,0,0,0,1,1,0,0,0,0,0,2,0,0,0,0,3,1,0,1,0,0,0,0,0,23,0,0,42,0,2,0,0,0,3,0,0,0,0,13,3,0,0,0,0,0,0,0,0,0,0,0,0,0,0,0,0,0,0,0,0,0,0,0,8,0,0,0,0,0,0,0,0,0,0,0,0,0,0,0,0,0,0,1,0,0,1,0,0,0,0,13,0,0,16,1,0,1,0,0,0,0,4,0,0,0,0,0,0,0,0,0,0,0,0,0,0,0,1,0,0,0,0,0,10,0,0,0,0,0,24,0,0,0,0,0,0,0,0,0,0,0,0,1,0,0,0,0,1,0,0,0,0,10,0,0,0,0
"9647x6532",0,0,9,0,0,0,0,10,0,0,0,0,0,0,0,0,0,0,2,0,0,0,0,0,0,4,0,0,10,0,14,0,0,0,0,0,2,0,0,0,2,5,41,0,0,0,0,0,11,0,0,0,0,0,0,0,1,0,0,0,12,0,0,1,0,0,0,2,0,0,0,0,0,0,0,0,0,0,1,0,0,0,5,0,0,0,1,0,0,0,0,0,0,0,19,0,0,1,0,2,0,9,40,0,0,0,0,0,0,4,0,16,0,0,3,0,0,0,0,0,11,0,0,0,0,0,1,0,0,0,0,7,85,1,0,0,0,0,1,0,7,0,0,2,0,0,1,5,0,0,0,0,0,0,0,0,0,0,0,0,0,0,0,9,0,0
"9622x1091",0,0,3,0,11,0,0,5,32,0,5,0,0,0,0,0,1,0,5,3,0,16,0,0,2,0,0,0,0,0,7,0,0,2,10,0,15,0,1,0,0,0,31,0,0,0,0,0,2,0,0,0,0,0,0,0,13,0,0,0,11,0,0,2,0,0,0,3,0,0,0,0,0,0,8,0,0,0,4,0,0,0,0,2,0,8,1,0,2,0,0,0,3,3,12,8,16,0,2,0,1,4,120,0,4,0,0,0,0,0,6,28,1,7,0,0,0,0,0,0,0,0,0,0,5,3,0,10,0,0,0,17,155,0,0,9,0,0,3,14,8,0,0,0,0,0,0,12,0,0,0,0,0,0,0,0,0,0,0,0,0,7,1,0,2,3
"9689x3829",0,0,15,0,1,0,0,0,49,7,23,2,0,0,5,0,0,0,5,9,0,0,0,0,7,12,0,0,7,3,12,0,0,1,0,2,14,0,0,9,0,2,23,0,0,0,0,5,3,2,1,0,0,0,7,0,1,0,0,0,4,2,2,0,13,1,0,2,0,0,2,0,0,10,0,0,8,0,0,0,0,0,0,0,0,0,5,0,2,1,8,0,0,0,2,0,0,1,0,17,0,31,53,16,0,1,12,0,8,0,37,7,4,0,1,0,0,0,0,0,0,0,1,0,0,0,0,0,7,0,0,13,177,2,0,9,0,1,0,0,6,0,0,3,0,0,0,8,0,0,0,3,0,0,0,0,0,4,0,1,0,0,8,14,2,3
"9651x4969",5,0,0,2,1,1,0,0,0,0,3,3,0,0,0,0,0,0,6,0,3,0,5,0,0,0,0,0,0,0,5,0,0,17,0,0,0,0,0,6,0,7,3,0,0,0,0,0,6,0,0,0,0,0,2,0,0,0,1,0,0,1,0,0,6,0,0,0,0,0,0,0,0,0,0,0,0,0,0,0,0,0,0,0,0,0,0,0,0,0,0,17,6,0,0,0,0,0,1,4,0,0,0,0,10,0,0,0,0,0,0,24,1,0,0,0,0,0,0,0,0,0,0,0,0,0,0,0,0,0,0,0,2,0,0,0,0,0,0,4,0,0,0,0,0,0,0,0,0,1,0,0,0,0,0,0,1,0,0,0,0,0,0,0,0,0
"9657x3565",1,1,1,0,6,1,0,0,20,0,30,0,0,1,0,0,0,0,2,7,0,3,0,0,0,2,0,0,0,0,0,0,0,1,0,0,56,0,5,0,1,3,43,0,0,4,0,1,1,1,0,2,0,0,0,0,13,0,0,0,32,0,0,0,2,0,0,6,0,0,0,0,0,0,0,0,2,0,0,0,0,0,0,0,0,0,10,4,1,0,8,0,0,7,0,1,7,0,7,2,0,11,35,4,0,0,0,2,0,0,0,28,0,0,11,0,0,2,0,0,0,0,0,0,2,3,0,4,0,0,0,1,115,0,1,7,0,0,0,0,2,0,0,12,0,0,6,6,0,0,0,2,0,0,5,0,0,0,0,6,6,0,4,0,0,1
"9706x4159",0,1,14,0,5,1,0,0,27,7,0,0,0,5,0,0,0,0,6,7,0,0,0,0,2,0,0,0,1,0,9,0,0,0,0,0,21,1,4,0,0,14,25,0,0,0,0,10,1,0,0,0,0,0,0,0,7,0,0,0,0,6,3,0,1,2,0,5,0,0,0,0,0,5,0,0,0,0,0,0,20,0,0,0,0,0,0,0,0,0,1,0,0,0,3,0,0,0,0,8,0,7,13,0,0,0,13,0,0,0,8,1,0,1,0,0,0,0,0,0,0,0,0,0,0,3,0,2,0,0,0,7,100,0,0,0,0,0,0,0,5,0,0,0,0,0,0,0,0,0,0,0,0,0,0,0,10,0,0,1,5,1,0,12,0,0
"9729x681",0,0,3,0,0,1,0,2,29,0,15,0,0,9,0,0,1,0,2,7,0,6,0,0,1,13,0,0,0,0,0,0,0,0,0,3,14,0,3,0,0,1,9,0,0,3,0,11,1,0,0,1,2,0,1,0,7,0,0,0,0,0,0,0,7,0,0,1,0,0,0,0,0,2,0,0,1,0,2,0,14,0,0,0,0,0,1,0,1,0,0,0,0,1,0,0,0,0,1,14,1,1,45,20,0,0,0,0,0,0,7,23,0,0,1,0,0,0,0,0,0,0,7,0,0,7,0,0,0,0,0,13,226,0,0,0,0,0,0,0,16,0,0,2,0,0,0,11,0,0,0,1,7,0,0,0,0,0,0,0,0,10,6,0,0,4
"9695x4355",0,0,0,0,0,0,0,0,7,0,0,0,1,0,0,0,0,0,1,0,0,0,0,0,0,0,4,0,2,0,2,15,0,1,0,0,0,0,12,0,0,0,0,0,0,0,0,4,0,0,3,2,0,0,0,0,1,0,0,0,8,6,0,0,6,0,0,0,0,0,0,0,0,16,0,0,2,1,0,0,0,0,0,0,0,0,0,0,0,0,0,0,0,2,8,0,0,0,0,0,0,0,23,0,0,0,0,0,0,0,0,10,1,0,4,0,0,0,0,0,2,0,0,0,0,0,0,0,0,0,0,4,26,0,0,0,0,0,0,0,0,0,0,2,0,0,0,0,0,0,1,6,0,0,0,0,0,0,0,0,11,0,0,0,0,0
"9717x6162",0,0,0,0,3,1,0,0,20,0,0,0,2,0,0,0,0,0,0,0,0,0,0,0,0,0,0,0,0,0,0,0,0,0,0,0,7,0,0,0,0,1,17,0,0,0,0,0,0,0,0,0,0,0,4,0,8,0,0,0,3,0,9,7,0,0,0,0,0,0,0,0,0,0,0,0,0,0,0,0,0,0,0,0,0,0,0,0,0,2,5,0,0,3,0,0,0,0,0,0,0,0,17,4,0,0,0,0,5,0,23,0,0,0,0,0,0,0,6,0,0,1,0,0,0,2,0,2,0,0,0,0,36,0,0,5,0,0,60,0,0,1,0,0,0,0,0,7,0,0,0,0,2,0,0,0,0,0,0,0,0,3,0,0,0,0
"9705x1826",0,0,0,0,7,1,0,3,19,0,13,1,0,0,0,0,0,0,5,17,0,0,0,0,1,29,0,0,0,0,41,0,0,1,6,0,23,0,0,0,0,0,21,0,0,0,0,17,2,0,1,0,0,7,0,0,15,0,0,0,29,0,0,3,0,0,0,2,0,0,0,0,0,0,0,0,0,0,1,0,0,0,0,0,0,0,11,0,0,0,14,0,1,4,0,5,0,0,0,2,0,4,10,0,0,0,4,0,0,0,17,24,0,0,0,0,0,0,0,0,0,0,0,0,0,10,0,0,0,0,0,20,227,0,0,0,0,0,0,0,20,0,0,1,0,0,16,0,1,0,0,0,0,0,0,0,0,8,0,0,2,0,1,3,2,0
"9744x2854",1,0,21,0,0,1,0,1,6,0,21,0,0,0,0,0,0,0,2,0,0,1,0,0,8,0,0,2,0,0,0,0,0,0,0,0,4,0,0,0,0,10,20,0,0,2,0,1,0,0,0,2,1,0,0,0,5,0,0,0,0,0,0,0,0,0,0,1,0,1,0,0,0,4,0,0,0,0,1,0,0,0,0,0,0,11,1,0,4,0,0,0,0,3,7,1,0,0,1,0,0,6,9,4,0,0,0,0,0,0,0,5,0,0,0,0,0,0,0,0,0,0,0,0,0,3,0,0,0,0,0,11,125,2,0,0,0,0,27,0,4,0,0,20,0,0,0,0,0,0,0,0,0,0,0,0,0,0,0,0,0,0,1,0,1,0
"9748x500",0,0,3,2,0,0,0,0,22,5,0,0,0,0,0,0,0,0,0,1,0,0,0,0,0,0,0,0,0,0,0,0,0,0,0,0,0,0,1,0,0,0,1,0,0,2,29,0,0,0,0,3,0,0,0,0,1,0,0,0,6,0,0,0,5,0,0,0,0,0,0,3,0,0,2,0,3,0,0,0,0,0,0,0,0,2,1,0,1,0,0,0,0,0,8,0,0,0,0,0,0,0,13,0,0,0,0,0,0,0,0,0,0,0,0,0,0,0,0,0,0,0,0,0,0,1,0,0,0,0,0,0,16,0,0,0,0,0,0,0,0,0,0,1,10,2,0,1,0,0,0,0,0,0,0,0,0,0,0,0,0,3,0,0,0,0
"9762x2630",0,1,0,5,1,3,3,3,9,0,1,13,6,0,1,0,0,0,3,9,0,0,0,0,3,0,0,0,0,0,14,0,0,2,0,0,23,0,4,0,0,4,7,0,0,6,0,13,8,0,0,0,2,0,0,11,0,0,0,0,6,0,0,0,0,0,0,0,0,0,0,2,0,0,9,0,0,0,0,0,0,0,4,0,0,2,13,0,0,0,0,0,0,1,0,0,5,0,1,6,0,2,6,1,0,0,4,3,1,0,1,3,0,0,12,0,0,0,0,0,0,0,0,0,0,0,0,0,0,0,0,10,45,4,0,0,0,0,12,0,5,0,5,3,0,0,0,10,0,0,0,0,0,0,0,0,1,1,0,0,0,0,5,7,0,5
"9739x2403",13,0,9,0,1,0,0,12,3,0,6,0,24,0,0,0,0,0,1,3,0,0,0,0,3,2,0,0,0,0,7,0,0,0,0,0,0,0,0,0,0,7,12,0,0,3,1,2,0,0,0,0,0,0,0,0,1,0,0,0,15,4,0,2,0,0,0,0,0,0,0,0,0,0,0,0,0,0,0,0,0,0,3,0,0,0,0,0,0,0,0,0,0,0,0,2,0,0,0,0,0,8,0,9,0,0,6,0,0,0,19,9,0,0,0,0,0,0,0,0,0,0,0,0,0,0,0,0,0,3,2,22,23,0,0,4,0,0,247,2,3,0,0,2,0,0,0,0,0,0,0,0,0,0,0,0,0,0,0,0,0,17,0,0,15,8
"9761x4468",0,0,6,0,5,2,0,1,14,0,3,0,0,0,0,0,0,0,0,4,0,0,0,0,0,0,0,0,4,0,3,0,0,0,0,0,4,0,0,0,0,44,26,0,0,0,0,0,0,0,1,2,0,0,0,0,28,0,0,0,2,0,0,0,0,2,0,10,0,0,0,0,0,0,0,0,0,1,0,0,0,0,0,0,0,0,3,0,0,0,2,0,0,2,5,2,0,0,0,1,0,5,43,0,0,0,0,0,0,0,0,7,0,0,8,0,0,0,0,0,1,0,0,0,0,0,0,0,0,0,0,1,123,0,0,3,0,0,0,0,0,0,0,5,0,0,0,0,0,0,0,0,0,0,0,0,0,0,0,1,0,0,0,0,2,0
"9744x6392",0,0,12,0,0,0,0,0,3,0,0,0,0,0,0,0,0,0,0,2,0,0,0,0,11,0,0,0,0,0,0,0,0,1,0,9,15,0,0,0,0,0,17,0,0,13,2,1,0,5,2,0,0,1,0,0,2,0,0,0,8,0,24,0,0,0,0,10,0,0,0,0,0,0,0,0,7,0,0,0,0,0,8,0,0,0,1,0,0,0,0,0,0,0,0,0,0,0,0,3,0,4,55,0,0,0,7,0,0,0,12,1,0,0,3,0,0,0,0,0,4,0,0,0,0,0,1,0,0,0,0,1,63,0,2,0,0,2,9,0,2,0,1,18,0,0,0,2,0,0,0,0,0,0,0,0,0,0,0,0,0,0,2,0,0,0
"9783x6010",0,0,0,0,5,1,0,0,5,0,7,0,0,0,0,0,0,0,0,0,0,0,0,0,1,0,0,0,3,0,0,0,0,2,0,0,0,0,0,0,0,0,0,0,0,0,0,0,0,0,0,0,0,0,0,0,0,0,0,0,8,0,0,0,0,0,0,1,0,0,0,0,0,0,0,0,0,0,0,0,0,0,3,0,0,0,7,0,0,0,1,1,0,0,0,0,0,0,0,9,0,4,7,0,0,0,0,3,0,0,4,0,0,0,0,0,0,0,0,0,0,0,0,0,0,0,0,0,0,0,0,0,43,2,3,0,0,0,11,0,0,0,0,0,0,0,0,0,0,0,0,0,5,0,0,0,0,2,0,0,0,0,2,0,1,0
"9801x5228",2,0,5,0,1,0,0,0,16,0,2,1,0,0,0,0,0,0,1,0,0,0,0,0,0,0,0,0,12,0,1,0,0,0,0,0,11,0,5,0,0,0,4,0,0,0,0,9,0,0,0,0,0,0,0,0,0,0,0,0,19,0,0,0,0,0,0,7,0,0,0,0,0,0,0,0,1,0,0,0,32,0,5,0,0,1,0,0,0,0,0,0,0,0,4,0,2,0,0,0,0,0,34,7,0,0,0,2,0,0,0,0,0,0,0,0,0,0,0,0,0,14,0,0,0,0,0,0,0,0,0,0,51,0,0,1,0,0,0,0,4,0,0,0,0,0,5,14,0,0,0,1,0,0,0,0,0,0,0,0,0,0,0,0,0,2
"9796x5819",0,4,9,0,6,7,1,0,14,0,1,0,0,0,0,0,1,0,7,7,0,2,0,2,0,0,0,1,1,0,8,0,0,0,0,0,16,0,0,0,0,6,29,0,0,8,0,0,1,0,2,4,0,0,0,0,3,0,0,0,4,0,0,0,3,0,0,1,0,0,0,0,0,6,0,0,0,0,0,0,0,0,2,10,0,0,12,0,2,0,8,0,0,0,0,10,0,0,0,0,0,14,48,10,0,0,10,0,0,0,22,8,18,0,3,0,0,0,0,0,0,1,0,0,0,0,0,0,0,0,0,7,108,12,1,1,0,0,6,0,0,0,0,5,0,0,0,20,0,0,0,0,0,0,0,0,0,2,0,0,0,0,0,0,0,0
"9788x1344",1,0,9,1,0,0,0,0,4,0,0,0,0,7,0,0,0,0,2,2,0,0,0,0,0,0,0,0,0,0,9,0,0,6,0,0,6,0,0,0,0,3,22,0,0,6,0,0,0,0,0,0,0,0,2,0,1,0,0,0,5,0,0,0,0,0,0,2,0,0,0,0,0,9,0,0,0,0,0,0,0,0,1,0,0,0,0,0,0,0,0,0,0,1,0,0,0,2,0,5,1,2,5,13,0,0,5,1,0,0,10,0,0,0,3,0,0,0,0,0,0,0,0,14,0,0,0,0,0,0,0,5,111,5,0,0,0,0,0,0,0,4,0,2,0,0,0,4,0,0,0,0,0,0,0,0,0,0,0,0,0,0,0,0,0,0
"9808x839",0,0,16,0,4,1,0,25,37,13,15,0,0,0,0,0,0,0,1,15,0,0,0,0,15,0,0,0,0,0,1,0,2,3,0,1,23,0,0,0,0,0,6,0,0,3,0,0,1,0,0,2,0,0,1,0,10,1,0,0,2,0,0,0,0,0,1,5,0,2,0,0,0,2,0,0,0,0,1,0,1,0,5,2,0,2,0,0,0,0,2,0,0,0,9,2,0,0,0,12,0,2,36,10,4,0,0,0,0,0,8,11,0,0,0,0,0,0,0,0,0,0,0,0,0,6,0,9,0,0,0,23,242,10,0,0,0,0,0,1,2,0,0,3,0,0,0,3,0,0,0,0,0,0,0,0,0,0,0,0,0,0,5,2,5,0
"9817x6537",0,0,2,0,2,0,0,2,6,0,11,0,0,0,0,0,0,0,0,0,0,0,0,0,15,5,2,0,0,0,20,0,0,0,0,10,16,0,0,0,0,0,2,0,0,0,0,0,0,0,0,0,0,0,0,0,0,0,0,0,0,0,0,0,0,0,0,1,0,0,0,0,0,2,0,0,1,0,1,0,0,0,0,0,0,0,4,0,0,0,0,0,0,0,0,0,0,0,0,0,0,2,18,0,0,0,0,0,0,0,7,2,0,0,0,0,0,0,0,0,3,0,0,0,0,1,0,0,0,4,0,8,24,0,0,0,0,0,0,0,0,0,2,0,0,0,0,0,0,0,0,0,0,0,0,0,0,0,0,0,3,0,0,13,0,2
"9786x2247",0,0,0,0,0,0,0,0,3,0,6,0,1,0,54,0,0,0,0,0,0,1,0,0,0,2,0,0,0,0,0,0,0,0,0,0,0,0,0,0,0,0,0,0,0,0,0,0,0,0,0,0,0,0,0,1,0,0,0,0,0,0,0,0,0,0,0,0,0,0,0,0,20,0,0,0,1,0,0,0,0,0,0,0,6,0,0,0,0,0,0,0,0,0,0,0,0,0,0,0,2,0,0,6,0,0,0,0,0,0,4,0,9,0,0,0,0,0,0,0,0,0,0,0,0,0,0,0,0,0,0,0,24,0,0,0,4,0,55,0,0,0,12,0,0,0,0,3,0,0,0,0,0,0,0,0,0,1,0,0,1,0,0,0,0,0
"9827x3096",1,0,4,0,5,0,0,0,19,0,4,0,1,0,0,0,0,0,2,14,0,0,11,0,17,0,0,0,0,0,5,0,0,3,1,0,4,0,0,0,0,0,19,0,0,0,0,0,0,1,2,0,0,0,0,0,0,0,0,0,0,0,0,0,2,0,0,0,0,1,0,2,0,4,0,0,1,0,8,0,0,0,0,0,0,0,0,0,0,0,0,0,0,0,1,0,7,3,3,7,0,13,63,0,0,0,5,0,4,0,23,27,6,0,3,0,0,0,0,0,0,0,0,0,2,2,0,1,0,0,0,3,271,1,4,0,0,0,0,0,1,0,0,3,0,0,3,3,0,0,0,2,0,0,0,0,0,1,0,2,16,0,0,3,0,0
"9841x2333",0,0,0,0,0,0,0,0,9,0,12,0,15,0,15,0,0,0,0,0,0,2,0,0,0,0,0,0,0,0,1,0,0,2,0,0,0,0,0,0,0,0,0,0,0,0,0,0,0,0,0,0,0,0,0,0,0,1,0,0,0,0,0,0,0,0,0,0,0,0,0,0,0,0,0,0,0,0,4,0,0,0,0,0,0,0,0,0,0,0,0,0,0,0,0,0,0,0,0,14,0,0,0,0,0,0,3,0,0,0,4,4,0,0,0,0,0,0,0,0,0,0,0,0,0,0,0,0,0,0,0,9,11,0,0,0,0,0,0,0,0,0,0,0,0,0,0,0,0,0,0,0,0,0,0,0,0,0,0,0,0,0,0,0,0,0
"9851x1706",2,1,0,0,6,2,1,0,33,0,11,0,0,0,0,0,0,0,4,12,3,0,0,0,9,0,0,0,0,0,40,0,0,10,0,1,34,1,0,0,0,0,13,0,0,9,0,26,0,0,0,0,0,0,0,0,13,0,0,0,21,0,0,0,0,0,0,0,0,0,0,0,0,0,0,0,0,0,0,0,0,0,0,0,0,0,2,0,0,0,0,0,0,0,10,1,0,0,0,2,4,19,24,29,0,0,4,0,2,0,12,0,0,0,0,0,0,0,0,0,0,0,0,1,0,9,2,0,0,0,0,30,195,0,0,0,0,0,4,0,21,0,0,1,0,0,5,16,0,0,0,0,0,0,0,0,0,2,0,0,1,0,0,0,0,0
"9819x1949",0,0,3,0,5,0,0,5,11,0,0,0,0,1,0,0,0,0,0,3,0,0,0,0,3,0,0,0,0,0,2,0,0,0,0,0,32,0,0,7,5,0,0,0,0,0,0,11,0,0,2,1,17,0,2,0,7,0,0,0,23,0,0,0,0,0,0,0,0,0,0,0,0,0,0,0,0,0,0,0,0,0,0,0,0,0,0,0,6,0,0,0,0,2,0,0,0,6,0,5,0,0,7,0,0,0,0,0,3,0,35,12,0,0,2,0,3,0,0,0,0,3,0,13,0,0,0,0,0,0,0,0,95,0,0,13,0,0,0,0,4,0,0,0,0,0,0,0,0,0,0,0,0,0,0,0,0,1,0,0,0,1,0,1,1,0
"9854x5459",1,0,0,0,11,0,0,5,18,2,9,0,0,11,0,0,2,0,1,2,0,5,0,0,0,0,0,0,14,0,7,0,0,0,0,0,67,0,0,0,0,1,13,0,0,0,0,0,0,0,3,3,0,0,0,0,4,0,0,0,20,1,0,8,0,0,0,6,0,2,1,1,0,0,0,1,5,0,0,0,0,0,7,0,2,0,3,0,0,0,0,0,0,18,0,4,1,1,3,6,0,6,76,14,0,0,8,0,2,0,5,16,0,5,2,2,0,0,0,0,0,0,0,0,0,0,0,0,0,0,0,31,163,4,0,0,3,0,0,0,6,0,0,0,0,0,2,7,0,0,0,0,0,0,1,0,0,0,0,0,2,0,3,13,0,2
"9875x550",0,0,0,2,7,0,0,2,11,2,0,0,0,0,0,0,0,0,3,5,0,0,0,0,0,0,0,1,0,0,15,0,0,0,0,0,2,0,0,0,0,0,3,0,0,0,0,0,0,0,0,1,0,0,6,0,0,0,0,0,10,13,12,0,0,0,0,0,0,0,0,0,0,0,0,4,2,0,0,1,0,0,0,5,15,0,0,0,0,0,4,0,0,4,0,0,0,1,0,18,0,0,51,22,0,0,0,0,0,0,2,0,1,0,6,0,0,0,0,0,0,0,0,0,0,1,0,1,0,0,0,63,117,0,1,0,0,0,0,0,8,0,0,10,0,0,0,12,0,0,0,2,0,0,0,0,6,0,0,0,1,0,0,0,6,3
"9866x973",0,0,14,0,0,1,0,0,12,9,0,0,0,0,17,0,0,0,0,7,0,0,0,0,30,0,2,0,0,0,5,0,2,13,0,1,0,1,0,0,0,0,22,0,0,1,0,0,0,0,0,4,0,0,1,0,8,0,0,0,13,0,2,7,0,0,0,0,0,0,0,0,0,0,0,0,0,0,1,0,2,0,0,0,0,0,10,0,2,0,0,10,0,7,0,0,0,2,0,0,0,0,36,0,0,0,0,3,0,0,0,2,0,0,0,0,0,0,0,0,0,0,0,0,0,0,0,0,0,0,0,4,84,2,0,0,0,0,10,1,16,0,0,6,0,0,0,0,0,0,0,0,0,0,0,0,0,0,0,0,0,0,0,8,21,1
"9859x3638",0,0,1,0,7,3,0,0,12,0,8,0,0,0,0,0,0,0,1,8,0,0,8,0,2,0,0,0,0,0,6,0,0,14,0,0,12,0,0,0,0,6,25,0,0,0,0,0,0,0,1,5,0,0,0,0,0,0,0,0,10,0,0,9,0,0,0,0,0,0,0,0,0,21,0,0,0,0,0,0,0,0,0,0,0,0,1,0,0,0,3,0,3,1,6,0,2,0,0,4,0,1,57,6,0,0,0,3,0,0,9,0,0,0,0,0,0,0,0,0,0,0,0,0,0,0,0,0,0,0,0,0,43,0,0,2,0,0,0,0,10,0,9,2,0,0,0,1,0,0,0,1,0,0,0,0,4,0,0,0,0,0,0,4,1,3
"9882x4379",0,0,10,0,0,0,0,4,32,0,8,0,4,0,0,0,0,0,2,9,0,0,0,0,27,0,0,0,0,0,0,0,0,0,0,0,5,0,0,0,0,0,28,0,0,0,2,0,3,1,0,0,0,0,0,0,1,0,0,0,8,0,0,0,0,2,0,3,0,0,0,0,3,0,0,0,0,0,0,4,0,0,7,0,0,0,11,0,0,0,4,0,0,4,6,7,0,3,3,2,0,4,12,8,2,0,5,0,0,0,24,9,0,6,10,0,0,0,0,0,0,0,1,4,0,5,0,0,0,0,0,1,172,0,4,0,0,0,4,0,1,0,0,1,0,0,4,10,0,0,0,2,0,0,0,0,0,1,0,0,0,0,0,6,1,7
"9873x2765",0,0,7,9,0,1,0,8,7,0,5,0,25,0,0,0,0,0,1,0,0,0,0,0,1,0,0,0,0,7,2,0,0,4,0,0,0,0,0,2,0,4,1,0,0,0,19,0,0,0,0,0,0,0,0,0,0,1,0,0,0,0,0,0,0,0,0,0,0,0,0,0,0,5,0,1,0,0,0,13,1,0,0,0,7,3,0,0,0,0,0,0,0,3,0,7,0,2,0,30,0,4,3,0,0,0,0,0,0,0,0,1,0,0,0,0,0,0,0,0,0,0,0,0,0,0,0,0,0,0,0,0,2,1,1,0,0,5,0,0,8,0,0,1,0,0,8,0,0,1,0,0,0,0,0,0,0,0,0,1,0,0,0,4,0,0
"9907x1103",0,0,10,0,0,0,0,0,10,0,0,0,0,0,0,0,0,0,0,1,0,7,0,0,0,4,0,0,0,0,8,0,0,0,0,0,3,0,0,0,0,0,0,0,0,0,0,1,0,0,0,3,0,0,0,2,45,0,0,0,0,0,0,0,1,0,0,0,0,0,0,0,0,6,0,0,0,0,0,0,0,0,0,0,0,0,1,0,2,0,0,0,0,0,0,0,0,1,0,0,0,0,38,1,0,0,0,0,1,0,0,0,0,0,0,0,0,0,0,0,0,0,0,0,0,0,0,0,0,0,0,8,32,0,0,0,0,0,1,0,0,0,0,4,0,0,0,0,0,0,0,0,0,0,0,0,0,0,0,0,0,0,0,0,0,0
"9865x3377",6,1,3,0,0,1,0,6,52,0,8,1,7,0,0,0,0,0,6,5,0,0,0,11,7,7,0,0,5,0,31,4,0,2,0,0,8,0,0,0,0,12,23,0,0,15,0,0,0,0,4,0,0,1,0,0,12,0,0,0,1,0,0,14,0,0,0,2,0,0,0,0,0,0,0,0,14,0,1,0,0,0,0,0,4,0,3,0,0,0,1,0,0,8,4,0,7,0,1,9,0,3,73,15,0,0,0,9,0,0,6,26,3,1,1,0,0,0,0,0,0,1,0,0,0,1,0,0,0,0,0,3,152,0,0,2,0,0,0,0,8,0,0,4,0,2,0,18,0,0,0,0,0,0,0,0,0,1,0,0,6,0,0,14,0,0
"9875x3907",3,0,46,0,13,0,0,0,38,0,37,0,2,5,0,0,0,0,0,9,0,6,1,0,6,0,1,0,2,0,2,0,0,3,0,0,37,3,0,1,0,2,29,0,0,0,0,1,0,2,0,3,0,0,0,0,14,0,0,0,0,0,0,13,10,0,0,0,0,0,0,0,0,0,0,0,0,0,0,0,0,0,13,0,7,0,1,0,4,0,9,0,0,5,10,1,0,8,0,12,0,2,42,34,0,0,0,0,0,0,5,0,5,0,0,0,0,0,0,0,3,0,0,0,0,0,0,0,3,0,0,43,189,0,0,0,14,0,0,0,2,0,13,5,0,0,5,17,0,0,0,1,0,1,0,0,0,0,0,0,22,0,6,8,0,2
"9871x5642",0,0,0,0,2,3,0,0,0,1,5,0,0,0,0,0,0,0,0,0,0,0,0,0,0,1,0,0,0,0,1,0,0,3,0,0,0,0,0,0,0,0,5,0,0,0,0,0,0,0,0,1,0,0,0,0,0,0,0,0,11,0,0,0,0,0,0,3,0,3,0,1,0,0,0,0,2,0,0,0,0,0,0,0,0,0,0,0,0,0,0,0,0,10,2,11,0,0,0,9,0,9,15,0,7,0,0,0,0,0,0,8,0,0,6,0,0,0,0,0,0,0,0,0,0,0,0,0,0,0,4,19,84,1,0,0,0,12,0,0,2,0,0,2,0,0,0,0,0,0,0,0,0,0,0,0,0,0,0,0,0,0,3,4,0,0
"9893x6295",1,0,1,0,1,1,0,0,21,0,0,0,3,0,0,0,0,0,3,5,0,0,0,0,30,0,0,0,0,0,5,0,0,0,0,1,19,0,1,0,0,3,11,0,0,0,0,1,1,0,0,0,0,3,0,0,16,0,0,0,3,0,0,0,0,0,0,1,0,0,0,0,0,0,0,0,0,0,0,0,0,0,0,0,0,0,0,0,0,0,0,0,0,6,16,0,0,1,1,6,0,7,30,9,0,0,0,0,0,0,0,0,0,0,6,0,0,0,0,0,1,0,0,0,0,0,0,0,0,1,0,0,118,0,0,0,0,0,9,0,0,0,0,1,0,0,0,6,0,0,0,1,3,0,0,0,0,0,2,0,0,16,1,9,1,12
"9910x6017",0,0,3,0,1,0,0,0,0,0,0,0,0,0,0,0,0,0,0,0,0,0,0,0,0,0,0,0,0,0,0,0,0,8,0,0,0,0,0,0,0,14,6,0,0,0,0,0,0,0,0,0,0,0,0,0,0,0,0,0,0,0,0,0,0,0,0,1,0,1,0,0,15,16,0,0,0,0,1,0,0,0,0,0,0,0,4,0,3,0,6,0,0,18,0,1,0,0,0,2,0,4,2,0,0,0,0,0,0,0,0,9,0,0,0,0,0,0,0,0,0,0,0,0,0,0,0,0,0,0,0,0,7,0,0,0,0,0,22,0,2,0,0,0,0,0,0,0,0,0,0,0,21,0,0,0,0,1,0,0,0,0,0,0,0,0
"9909x2871",0,0,0,0,0,0,0,0,2,0,8,0,5,0,0,0,0,0,1,3,0,0,0,0,1,0,0,0,1,8,2,0,0,0,0,0,0,0,0,7,0,4,28,0,0,0,7,0,0,0,0,0,0,0,0,0,1,0,0,0,0,0,0,0,0,0,0,0,0,0,0,0,0,0,2,0,0,0,0,23,1,2,1,0,0,8,14,0,0,0,7,0,0,0,0,11,0,0,1,6,0,0,0,0,0,0,0,0,0,0,0,0,0,0,0,0,0,0,0,0,0,0,0,0,1,0,0,0,0,1,0,1,2,0,0,0,4,6,0,0,0,0,0,0,0,0,10,0,0,0,0,0,0,0,0,0,0,0,0,5,0,1,1,0,5,0
"9926x4209",0,3,0,0,1,0,0,12,29,1,4,0,1,0,0,0,0,0,8,8,0,0,0,0,13,7,0,0,0,0,11,0,1,0,0,0,42,0,0,37,0,0,26,0,0,0,0,16,7,0,3,0,0,0,11,24,6,0,0,0,12,0,1,4,2,0,0,1,0,0,0,0,0,1,0,3,8,0,0,3,0,0,0,0,0,0,11,0,0,0,8,0,0,2,10,0,1,0,1,9,6,3,43,7,4,0,4,6,0,0,1,18,0,0,0,0,0,0,0,0,0,0,0,0,0,0,0,1,0,0,0,9,97,5,0,0,0,0,0,2,11,9,0,4,0,0,1,11,0,0,0,0,10,0,0,0,7,0,0,0,0,1,0,20,0,1
"9925x1328",0,0,3,1,9,1,0,0,11,0,16,0,0,0,0,0,2,0,1,7,0,1,1,0,0,0,0,0,0,5,2,0,0,0,0,2,32,0,0,0,1,0,17,0,0,8,0,0,0,0,0,1,0,0,0,0,6,0,0,3,25,0,0,1,0,0,0,3,0,0,0,0,0,0,0,0,3,0,0,0,0,0,0,1,0,0,1,0,0,0,0,0,0,1,12,5,0,0,0,3,0,16,14,11,0,0,5,0,0,0,15,0,0,0,0,0,0,0,0,0,0,0,0,14,0,5,0,0,0,0,0,11,70,12,0,0,7,0,0,0,0,0,0,3,0,0,0,1,0,0,0,0,0,0,0,0,0,5,0,0,0,0,0,6,0,1
"9979x2256",0,0,0,4,0,0,0,1,10,0,7,0,13,0,0,0,0,0,2,0,0,0,0,0,6,0,0,0,0,0,1,0,0,4,0,4,0,0,0,0,0,1,0,1,0,0,1,0,12,0,0,0,0,1,0,0,0,0,0,0,2,0,0,0,0,0,0,0,0,0,0,0,0,0,0,0,0,0,2,0,0,0,0,0,0,0,0,0,0,0,0,0,0,1,0,0,1,0,0,0,0,0,4,0,0,0,2,1,0,0,0,0,2,0,0,0,0,0,0,0,0,0,0,0,0,0,0,0,0,0,0,11,10,0,0,0,0,0,0,0,2,0,0,0,0,0,0,0,0,0,0,4,0,0,0,0,0,0,0,0,2,0,0,0,0,0
"9979x4103",0,3,0,0,3,0,0,10,24,0,4,0,0,0,0,0,0,0,10,1,0,15,0,0,0,0,0,0,0,0,4,0,0,0,0,0,14,0,0,29,0,0,17,0,0,0,0,0,7,0,0,0,1,0,14,27,5,0,0,0,0,0,1,0,1,0,0,0,0,0,0,0,0,0,0,0,0,0,0,0,0,0,0,0,0,0,3,0,0,0,0,0,0,1,2,0,0,0,0,0,6,0,24,0,0,0,1,6,0,0,0,6,0,0,0,0,0,0,0,0,0,0,4,0,0,0,0,0,0,0,0,0,20,0,3,0,0,0,0,2,2,23,0,0,0,0,0,6,1,0,0,0,18,1,0,0,3,0,0,0,15,0,0,20,0,0
"9980x2535",3,0,1,0,0,0,0,0,19,3,0,0,0,0,0,0,0,0,3,25,0,0,0,0,0,0,0,2,0,0,63,0,0,3,0,0,51,0,0,0,0,22,9,1,0,0,0,11,3,0,0,2,0,0,0,0,0,0,0,1,0,0,1,11,0,0,0,7,0,0,0,0,0,0,0,0,0,0,11,0,0,0,0,0,5,0,4,0,0,0,0,0,0,0,10,0,0,0,1,2,0,0,5,12,0,0,0,0,0,0,12,18,0,0,2,0,0,0,0,0,0,0,1,0,0,3,0,0,0,1,0,4,89,0,0,0,0,0,0,0,11,0,0,5,0,0,0,0,0,0,0,0,0,0,0,0,0,0,0,0,0,0,0,8,13,0
"9964x4998",0,6,2,0,8,1,1,0,0,0,0,0,1,2,0,0,1,0,3,13,0,2,2,0,1,16,0,0,0,0,15,0,0,5,0,0,64,1,13,0,0,0,23,0,0,0,0,4,2,0,3,0,0,0,0,0,3,0,0,0,51,0,0,0,0,0,0,8,0,0,0,0,0,0,0,0,10,0,1,0,0,0,0,0,0,3,1,0,7,0,1,7,0,1,0,1,1,1,0,20,0,11,61,9,0,0,0,0,0,0,0,0,5,0,0,0,0,2,0,0,0,0,0,1,0,2,0,0,0,0,0,4,83,0,1,0,0,0,3,0,1,0,3,0,0,0,0,16,0,0,0,0,0,0,0,0,0,2,0,1,0,0,0,1,1,0
"10018x5573",0,0,10,0,3,0,0,1,6,1,2,0,0,0,0,0,0,0,1,16,0,0,0,0,0,3,0,0,0,0,0,0,0,1,0,6,19,0,1,0,0,0,32,0,0,0,0,7,7,0,0,8,0,0,0,0,10,1,0,0,19,28,0,0,15,0,0,3,0,0,0,0,0,0,0,0,8,0,4,0,0,0,0,0,0,0,1,0,9,0,0,0,0,0,0,9,1,10,0,36,0,13,41,0,0,0,0,5,0,0,0,0,0,0,4,0,0,0,0,0,0,0,0,0,2,0,0,2,0,0,0,17,77,0,0,2,0,0,0,0,4,0,0,1,0,0,4,0,1,0,0,1,0,0,0,0,1,3,0,0,0,0,3,2,0,3
"9977x6396",0,0,6,0,0,1,0,3,21,0,3,0,0,0,0,0,0,0,2,1,0,0,0,0,0,0,0,1,0,0,0,0,0,6,0,0,20,0,1,2,0,0,30,0,0,0,0,0,1,1,1,0,0,2,0,0,30,0,0,0,11,0,0,0,0,0,2,0,0,0,0,0,0,0,0,0,0,0,0,0,0,0,0,0,0,0,0,0,1,0,3,0,0,3,0,2,0,0,3,5,0,8,38,0,0,0,0,0,0,0,7,0,0,0,0,0,0,0,0,0,1,0,0,0,0,0,0,0,0,10,0,5,86,1,0,0,0,0,0,0,10,0,0,11,0,0,0,2,0,0,0,0,4,0,0,0,0,0,0,1,0,7,1,10,1,0
"10001x1559",6,0,5,0,0,4,1,6,45,0,15,0,3,0,0,0,0,0,5,32,0,0,0,0,3,7,2,0,0,0,25,0,0,6,3,7,30,1,0,0,2,0,18,0,0,0,0,2,12,0,1,0,0,0,0,0,8,0,0,0,18,0,0,6,10,0,0,17,0,0,0,0,0,0,0,0,3,0,0,0,11,0,0,4,0,0,10,0,2,0,0,0,1,19,4,4,0,4,1,5,0,10,60,21,0,0,0,0,3,0,4,3,0,2,1,0,0,0,0,0,0,1,0,0,0,7,0,0,1,0,0,31,339,0,0,0,0,0,0,0,27,0,0,24,0,4,12,10,0,0,0,0,0,0,0,0,0,1,0,0,6,0,2,0,0,3
"9989x3548",0,0,0,0,6,2,1,6,22,0,0,0,0,0,0,0,0,0,1,0,0,0,0,0,5,4,0,0,0,0,0,0,0,1,0,0,24,0,0,0,0,0,25,0,0,8,0,3,5,0,0,0,0,1,0,0,2,0,0,0,16,0,0,0,4,0,0,7,0,0,0,0,0,0,0,0,0,0,0,0,0,0,0,4,0,0,0,0,0,0,3,0,0,1,6,6,0,0,0,1,0,1,48,14,0,0,0,0,0,0,0,0,3,0,5,0,0,0,0,0,0,0,0,0,0,0,0,0,0,0,0,27,67,0,2,0,0,0,0,0,2,0,0,8,0,0,0,7,0,0,0,0,0,0,0,0,0,0,0,0,7,0,0,0,0,0
"9975x2959",0,0,0,0,3,10,0,0,0,0,0,4,0,0,0,0,0,0,0,0,0,0,0,0,0,0,0,0,5,0,0,0,0,0,0,0,0,0,0,9,0,9,7,0,0,0,4,1,5,0,0,0,0,0,0,0,0,0,0,0,0,0,0,0,0,0,0,0,0,0,0,0,0,0,0,11,0,0,0,0,0,0,1,0,0,5,1,0,0,0,4,0,0,0,0,1,1,3,0,1,0,0,9,0,0,0,0,0,0,0,0,0,0,0,0,0,0,0,0,0,0,0,0,0,0,0,0,0,0,0,0,0,3,0,0,0,1,0,3,0,10,0,0,0,0,0,0,0,4,0,0,0,0,0,0,0,0,0,0,0,0,0,0,0,0,0
"10018x3838",0,3,0,0,9,0,0,0,28,1,11,0,0,5,1,0,0,0,1,6,0,7,0,3,0,0,66,0,1,0,8,0,0,17,0,0,1,1,0,0,0,26,30,0,0,0,0,0,0,2,0,1,0,0,18,22,13,0,0,0,2,0,0,18,10,0,0,0,0,0,0,0,0,0,0,0,2,0,0,0,0,0,1,0,7,0,3,0,0,0,4,0,0,2,0,1,0,0,0,12,0,3,27,26,0,0,0,8,0,0,13,6,3,0,5,0,0,0,0,0,1,16,0,0,0,0,0,0,0,0,0,15,126,0,0,0,0,0,0,0,6,27,0,21,0,0,14,2,3,0,0,0,2,0,0,0,2,0,0,0,11,7,0,18,0,0
"10004x949",0,0,10,0,5,4,0,4,9,4,4,0,0,0,0,0,0,0,1,10,0,2,0,2,21,34,0,0,15,1,65,0,0,0,0,0,11,0,0,0,0,32,26,1,0,0,0,3,2,0,0,0,0,0,0,0,6,0,0,0,34,0,0,0,8,0,0,0,0,0,0,0,1,0,0,0,0,0,9,0,0,0,5,0,0,0,15,5,0,0,6,0,0,0,1,0,2,0,0,8,0,3,37,1,0,0,1,0,0,0,0,0,5,0,9,0,0,0,0,0,0,0,1,0,0,0,0,0,0,0,0,2,135,8,2,0,0,4,0,0,1,0,0,3,0,0,0,2,0,0,1,0,2,0,0,0,0,5,0,0,2,0,0,0,0,2
"10016x2051",0,0,3,0,0,0,0,17,0,0,1,0,15,0,1,0,0,0,24,2,1,0,0,0,1,0,2,0,1,0,0,0,0,0,0,0,11,0,4,0,0,2,17,0,0,0,0,0,0,0,0,0,0,0,7,0,1,3,0,0,3,0,0,0,0,0,0,1,0,0,0,0,0,0,0,0,0,0,0,0,0,0,2,0,0,0,0,0,0,0,0,8,0,0,12,0,0,0,0,0,10,9,7,7,0,0,0,0,0,0,11,0,0,1,0,0,0,0,0,0,0,0,0,0,0,1,0,0,8,0,0,0,29,0,0,2,0,0,0,0,0,0,0,0,0,0,0,0,0,0,0,1,0,0,0,0,0,0,0,0,0,0,0,0,0,1
"10017x491",0,0,0,0,0,1,1,0,13,0,2,0,0,0,0,0,0,0,0,11,0,0,0,0,0,0,2,0,0,0,2,0,0,0,0,0,0,0,6,0,0,0,20,0,0,1,0,5,0,0,0,0,0,0,0,0,16,0,0,0,17,0,0,0,7,0,0,3,0,0,0,0,0,11,0,2,1,0,0,0,0,0,0,4,1,5,0,0,0,0,0,0,0,1,21,5,0,0,0,1,0,0,5,39,0,0,0,0,0,0,6,1,8,0,0,0,0,0,0,0,0,0,0,0,0,0,0,0,0,0,0,12,58,0,0,0,0,0,9,0,4,0,0,5,0,0,0,1,0,0,2,2,0,0,0,6,1,0,0,0,4,0,0,9,2,0
"10014x4670",0,0,0,0,0,2,0,1,7,0,4,0,0,0,0,0,0,0,0,0,0,0,0,0,0,0,4,0,0,0,0,0,0,13,0,0,8,0,0,0,0,6,0,0,0,0,0,0,6,0,0,0,2,0,0,0,0,0,0,0,0,0,0,0,0,0,0,0,0,0,0,0,0,0,0,0,0,0,0,0,0,0,0,0,0,0,0,0,0,0,0,2,0,0,0,0,0,0,0,1,8,0,12,0,0,0,0,0,0,0,0,9,1,0,0,0,0,0,0,0,0,0,0,0,0,0,0,0,0,0,0,0,7,0,0,0,0,0,0,0,6,0,0,0,0,0,9,0,0,0,0,0,0,0,0,7,0,0,0,0,0,0,0,0,0,0
"10074x4913",0,0,14,0,6,1,2,0,5,0,8,2,2,5,0,0,1,0,10,30,0,6,3,0,11,6,0,0,0,2,2,0,0,0,0,1,64,0,7,0,0,0,11,0,0,0,0,0,4,0,3,0,0,1,0,0,0,0,0,0,52,0,0,1,0,0,0,2,0,0,0,0,0,0,0,0,0,0,6,0,0,0,0,0,0,0,0,0,0,0,1,0,0,17,8,1,1,0,0,18,0,9,16,18,0,0,0,0,0,0,19,7,0,0,0,1,0,0,0,0,0,0,0,0,0,4,0,0,0,0,0,14,182,0,0,0,0,0,0,0,6,0,0,2,0,0,0,2,0,0,0,0,0,0,0,0,0,1,0,1,0,0,2,0,1,4
"10046x6467",0,0,2,1,0,1,0,1,2,0,6,0,0,0,0,0,0,0,0,0,0,0,0,0,0,0,0,0,0,0,0,0,0,3,0,0,1,0,0,0,0,2,0,0,0,0,0,0,0,0,1,0,0,0,0,0,18,0,0,0,11,0,0,0,5,0,0,1,0,0,0,0,0,0,0,0,0,0,0,0,0,0,0,0,0,0,0,0,0,0,0,0,0,0,0,0,0,0,1,5,0,0,4,0,0,0,0,0,0,0,6,2,0,0,12,0,0,0,0,0,0,0,0,0,0,0,0,0,0,0,0,19,16,4,0,0,0,0,0,0,2,0,0,11,0,0,0,0,0,0,0,0,0,0,0,0,0,0,0,0,0,0,0,0,0,2
"10061x2418",3,0,10,0,0,0,0,0,45,0,4,2,0,0,0,0,0,0,2,1,0,0,0,0,0,0,0,0,4,0,26,0,1,0,0,0,3,0,0,13,0,0,7,5,0,0,0,0,0,0,0,1,0,0,0,0,0,0,0,0,0,0,0,0,2,0,0,0,0,1,0,0,0,7,0,5,0,0,0,0,0,0,0,0,5,0,2,0,0,0,8,0,0,11,0,0,0,0,0,12,0,1,0,2,0,0,0,0,0,0,0,12,2,0,0,0,0,0,0,0,0,0,0,0,0,0,0,0,0,0,0,0,14,0,0,0,0,0,0,0,22,0,0,8,0,0,0,0,0,0,0,0,0,0,0,0,0,0,0,0,0,0,2,0,1,1
"10088x4442",0,0,7,0,5,0,0,8,13,0,0,0,3,0,0,0,0,0,14,8,0,1,0,0,5,2,0,1,0,0,12,0,0,22,0,0,8,0,5,19,0,8,39,0,0,0,8,0,0,0,0,0,0,0,2,5,6,0,0,0,1,0,0,5,2,0,0,0,0,0,0,0,0,8,0,2,2,0,0,2,0,0,0,1,0,1,4,0,0,0,0,3,0,2,0,3,0,1,1,1,0,5,12,12,0,0,0,2,0,0,8,20,7,0,0,0,0,0,0,0,10,0,0,0,0,0,0,0,0,0,0,1,35,0,0,19,0,0,0,1,0,7,0,8,0,0,4,0,0,0,0,0,0,0,0,0,0,0,0,0,0,0,4,15,0,0
"10090x727",0,0,3,0,6,0,0,0,16,0,0,0,0,0,0,0,0,0,4,0,2,7,0,0,7,14,0,1,0,3,86,0,1,1,0,0,23,0,5,3,0,0,7,0,0,0,0,0,0,0,0,0,0,0,0,0,2,0,0,0,7,0,0,12,0,0,0,0,0,0,0,0,0,0,0,0,0,0,7,0,0,0,0,0,0,0,2,0,0,0,4,11,0,6,0,0,1,2,0,13,4,6,13,0,0,0,14,0,1,5,3,8,0,0,0,0,0,0,0,0,0,0,0,0,0,0,0,0,0,0,0,0,83,0,0,0,0,0,13,1,0,0,0,0,0,0,0,1,0,0,0,14,0,0,4,0,0,3,0,0,0,0,2,13,5,0
"10135x1220",3,0,24,0,7,0,0,10,83,0,4,0,1,3,0,0,0,0,10,22,0,1,0,0,0,78,0,0,0,0,205,0,3,1,0,9,59,0,8,16,0,12,33,0,0,0,0,12,5,0,3,0,0,0,4,0,33,5,0,0,10,0,0,0,5,0,0,3,0,0,0,0,0,25,5,0,2,0,0,0,0,0,0,3,0,0,0,1,0,0,13,0,0,5,3,0,1,10,0,13,4,36,154,6,0,0,12,0,7,0,35,24,18,5,21,0,0,0,1,0,0,0,1,0,1,6,1,11,5,0,0,82,429,2,0,0,0,6,9,0,14,3,10,13,0,0,0,6,0,0,0,1,1,0,3,0,0,5,0,0,2,3,8,5,0,4
"10083x3681",0,0,0,0,0,1,0,0,13,0,0,0,0,0,0,0,0,0,0,4,0,0,19,0,0,0,0,0,0,0,0,0,0,7,0,0,1,0,0,0,0,15,5,0,0,0,0,9,5,0,0,0,0,0,0,0,5,0,0,0,2,0,0,0,6,0,0,0,0,0,0,0,0,0,0,0,0,0,0,0,0,0,0,0,0,0,2,0,1,0,0,8,0,0,0,0,0,0,0,1,0,0,0,3,0,0,0,0,0,0,0,1,0,0,0,0,0,0,0,0,0,0,0,0,0,0,0,0,0,0,0,0,26,0,0,0,0,0,0,0,0,0,3,0,0,0,0,0,0,0,0,0,0,0,0,0,5,0,0,0,0,0,8,1,0,0
"10086x2185",4,0,0,4,1,0,0,0,6,0,0,0,23,0,0,0,0,0,0,8,0,0,0,0,0,0,0,0,1,0,2,0,0,3,0,0,0,0,3,0,0,17,12,0,0,0,1,0,0,0,0,0,0,0,7,0,0,0,0,0,0,0,0,0,10,0,0,0,0,0,0,0,0,0,0,0,0,0,0,0,0,5,0,0,0,0,4,0,0,0,0,9,0,0,7,0,0,0,2,6,0,10,2,1,0,0,0,0,0,0,0,12,1,0,0,0,0,0,0,0,2,1,0,0,0,0,0,0,0,0,0,0,16,0,0,0,0,1,0,0,0,0,0,0,0,0,0,0,0,0,0,0,0,0,0,0,0,0,0,0,1,0,0,6,0,0
"10106x382",0,0,14,0,2,2,0,2,19,0,5,0,2,7,20,0,0,0,1,11,0,2,0,1,3,19,0,0,6,0,19,0,0,12,0,0,28,0,0,6,0,0,71,0,0,0,0,2,2,0,0,5,0,0,2,0,18,0,0,0,25,0,0,0,0,0,0,1,0,0,0,0,0,0,0,0,1,0,1,0,1,0,0,0,0,8,2,0,0,0,0,30,0,10,38,0,0,0,0,0,3,7,21,31,0,0,0,0,0,0,6,5,2,0,0,0,0,0,0,0,0,0,0,0,0,0,2,0,0,0,0,3,141,2,0,0,0,0,5,3,22,0,0,19,0,0,0,1,0,0,0,0,0,0,0,6,0,0,0,0,3,0,0,9,2,1
"10157x2755",2,0,2,0,6,1,0,14,34,1,16,1,41,0,0,0,0,1,0,6,0,1,0,0,23,2,0,0,0,12,100,0,2,0,17,0,18,0,1,0,0,7,9,0,0,0,0,21,9,0,0,1,0,0,0,0,3,2,0,0,4,3,0,2,22,0,0,6,0,0,1,0,1,7,0,0,1,0,19,0,0,0,11,1,0,0,13,0,2,0,0,0,0,0,19,20,0,0,1,23,0,5,47,5,2,0,1,0,0,0,8,7,3,0,2,0,0,0,0,0,0,2,0,0,0,0,0,0,0,0,0,19,77,0,0,13,7,14,0,3,13,0,12,0,0,0,4,4,0,2,0,0,0,0,0,6,0,1,1,4,0,0,5,1,1,7
"10155x955",5,0,1,0,5,7,0,13,33,0,13,0,0,0,0,0,0,0,0,4,0,0,0,0,5,20,0,2,1,0,59,0,6,0,7,0,16,0,0,33,0,33,42,0,0,15,0,20,3,0,0,0,0,0,0,0,10,1,0,0,6,0,0,0,5,0,0,4,0,0,2,0,0,0,0,30,0,0,6,0,0,0,9,0,0,0,2,0,11,0,3,0,0,0,0,9,0,0,0,8,0,15,48,9,0,0,1,0,0,0,15,2,0,6,0,0,0,0,0,0,0,0,0,1,0,0,0,0,0,0,0,21,101,1,1,0,0,1,0,0,12,0,0,3,0,0,0,2,0,0,0,0,0,0,0,0,0,0,0,0,0,0,2,0,0,0
"10135x2008",0,0,0,0,0,0,0,0,0,0,1,0,9,0,0,0,0,0,3,0,0,0,0,0,1,0,0,0,7,0,1,0,0,3,0,0,0,0,0,3,0,0,16,0,0,0,0,0,0,0,0,0,0,0,0,0,0,0,0,0,0,0,0,0,0,0,0,0,0,0,0,0,0,0,0,1,0,0,0,0,0,0,0,0,0,0,0,0,0,0,0,18,0,0,0,0,0,0,0,1,0,1,4,0,0,0,0,0,0,0,0,0,0,0,0,0,0,0,0,0,14,0,0,0,0,0,0,0,0,0,0,0,30,0,0,2,0,1,0,0,0,0,0,0,0,0,2,0,1,0,0,0,0,0,11,0,0,1,0,0,0,0,0,0,3,1
"10119x4113",0,0,0,0,4,0,0,5,6,0,0,0,0,0,0,0,0,0,1,0,0,0,0,0,4,1,0,0,0,0,1,0,9,1,0,0,0,0,6,0,0,0,4,0,0,0,0,0,1,0,0,0,0,3,0,0,0,0,0,0,0,0,0,0,1,0,0,1,0,0,0,0,0,0,0,0,3,0,0,0,0,0,0,0,1,0,0,0,0,0,0,0,0,0,11,0,0,0,1,0,0,3,0,0,0,0,1,0,0,0,0,13,0,0,0,0,0,0,0,0,0,0,0,0,0,1,0,0,0,0,0,3,63,0,0,0,0,0,0,0,0,0,0,0,0,0,0,1,0,0,0,2,0,0,0,0,0,0,0,0,20,5,0,0,0,2
"10139x5166",0,0,19,0,6,0,0,0,11,4,10,0,0,0,6,0,0,0,3,16,0,3,14,0,0,6,0,0,0,0,6,0,0,1,0,1,0,0,0,0,0,5,6,0,0,0,10,0,0,0,0,0,0,2,0,0,26,0,0,0,5,0,0,0,2,0,0,9,0,1,0,0,11,0,0,0,0,0,0,0,0,0,0,0,0,0,10,0,0,0,2,0,0,2,9,0,0,3,0,0,0,1,43,20,0,0,3,11,0,0,12,28,0,5,5,0,0,1,0,0,0,0,0,0,0,2,0,1,0,0,0,18,190,2,0,0,0,0,0,0,16,0,1,7,0,0,0,0,0,0,0,0,0,0,0,0,5,0,3,0,0,0,5,0,11,2
"10154x1656",0,0,0,3,2,0,0,1,12,0,0,0,1,0,0,0,0,0,5,5,0,0,0,3,0,5,0,0,14,0,6,0,0,0,3,1,0,0,0,0,0,0,12,0,1,1,0,0,0,0,0,0,2,0,0,0,0,0,0,0,3,0,0,0,0,0,0,2,1,0,0,0,0,0,0,0,0,0,1,0,0,0,10,0,1,0,4,0,0,0,4,0,0,18,1,0,0,0,0,0,1,1,39,2,0,0,0,0,0,0,5,9,0,0,0,0,0,0,0,0,0,0,0,0,0,0,0,0,0,0,0,13,101,0,0,0,0,0,13,0,22,0,0,0,0,0,0,8,0,0,0,0,0,0,0,0,0,3,0,0,2,0,0,0,0,0
"10164x3769",0,0,0,0,0,0,0,1,22,0,0,0,0,0,0,0,0,0,0,10,0,0,0,0,0,0,2,0,0,0,23,0,0,0,0,0,0,0,0,0,0,0,7,0,0,2,0,0,0,0,0,0,0,0,0,2,0,0,0,0,1,0,0,0,3,0,0,6,0,0,0,0,0,0,1,0,0,0,0,0,0,0,0,0,0,0,2,0,1,0,0,0,0,0,4,0,0,0,0,0,0,1,23,4,0,0,3,0,0,0,0,0,0,0,3,0,0,0,0,0,0,0,0,9,0,2,0,0,0,0,0,0,21,0,3,0,0,0,0,0,0,0,0,0,0,0,0,1,0,0,0,0,0,0,2,0,0,1,0,0,0,0,2,4,0,0
"10180x2570",0,0,4,0,3,2,0,3,24,2,3,0,18,4,0,0,0,1,8,7,0,1,0,0,13,8,0,0,0,0,84,0,1,0,0,0,93,0,0,0,0,11,40,0,0,0,10,46,0,0,0,0,0,0,0,0,1,1,0,0,12,0,0,0,0,0,0,3,0,0,0,0,0,0,0,0,0,0,3,0,2,0,4,0,0,0,0,0,2,0,2,0,0,0,25,0,0,0,1,15,0,0,79,36,0,0,0,0,0,0,21,4,7,0,2,0,0,0,0,0,0,0,0,0,0,2,2,0,0,0,0,9,239,0,0,0,0,9,0,0,1,0,0,0,0,0,0,0,0,0,0,0,0,0,0,0,0,1,0,0,26,0,1,6,1,1
"10191x229",0,0,7,0,3,1,0,1,39,0,12,0,2,0,0,0,0,0,2,28,0,5,0,8,53,0,0,0,0,0,8,0,0,0,0,0,78,0,1,0,0,2,10,0,0,5,0,13,11,0,0,1,0,0,2,0,11,0,0,0,7,0,2,1,5,0,0,0,0,1,0,0,0,3,0,0,0,0,0,0,0,0,5,0,1,18,9,0,0,0,4,7,2,1,31,0,0,10,4,19,0,28,50,14,0,0,14,0,0,0,0,19,16,0,0,0,0,0,0,0,0,0,0,0,0,0,0,0,0,0,0,19,229,6,0,0,0,0,0,0,5,0,0,26,0,0,1,8,0,0,0,0,0,0,0,0,12,0,0,0,22,0,0,4,1,7
"10186x3578",6,2,0,0,12,0,0,0,6,0,11,0,0,0,0,0,0,0,2,9,0,0,18,0,1,0,0,0,0,0,0,0,0,1,0,11,88,0,4,0,0,5,8,0,0,4,0,50,5,0,3,0,0,0,0,0,18,0,0,0,22,0,0,3,9,0,0,6,0,0,0,0,0,0,0,0,0,0,0,0,0,0,2,0,0,0,0,0,1,0,0,0,0,1,1,0,0,10,0,0,0,5,21,0,0,0,8,0,13,0,0,10,6,0,0,1,0,0,0,0,0,0,2,6,0,0,0,0,0,0,0,16,230,1,0,0,0,0,0,0,0,0,3,1,0,0,5,8,0,0,0,0,0,0,0,0,0,1,0,0,1,0,0,18,0,2
"10169x5842",0,0,38,0,3,0,0,0,33,6,5,0,0,0,0,0,0,0,5,19,0,0,0,0,8,1,0,0,0,0,0,0,0,1,0,12,16,0,0,0,0,4,38,0,0,0,0,0,0,0,9,1,0,0,1,0,10,0,0,0,0,0,1,0,6,0,0,6,0,0,0,0,0,0,0,0,8,0,2,0,0,0,0,0,1,2,1,0,2,0,0,0,0,0,1,0,0,7,0,16,0,3,112,9,0,0,23,0,0,0,1,14,2,0,9,0,0,0,0,0,0,0,2,2,0,13,0,0,1,0,0,42,294,4,10,4,0,0,0,0,10,12,16,4,0,0,0,0,2,0,0,6,1,0,0,0,4,1,0,3,6,1,0,2,1,8
"10200x6314",0,0,7,0,0,0,0,3,1,0,0,7,0,0,0,0,0,0,0,17,0,0,0,0,3,4,0,0,0,0,0,0,0,0,0,0,21,0,1,0,0,0,42,0,0,0,0,10,0,1,2,1,0,0,0,0,12,3,0,0,14,0,0,1,0,0,0,3,0,0,0,0,0,0,2,0,0,0,2,0,0,0,5,0,0,0,2,0,5,0,0,2,0,4,6,3,9,7,3,0,0,13,198,8,0,0,2,0,0,0,3,9,0,0,16,0,0,0,0,0,0,0,0,2,0,0,0,0,0,0,0,0,129,0,0,0,0,0,0,0,0,0,0,18,0,0,0,16,0,2,0,0,0,0,0,0,0,11,0,0,0,6,0,1,0,0
"10208x2218",4,5,0,3,2,0,0,0,3,0,0,0,5,1,0,0,0,0,0,7,0,0,0,0,0,4,0,0,0,0,2,0,0,6,3,0,0,1,0,2,0,0,11,0,0,0,0,0,0,0,0,0,0,0,0,0,0,0,0,0,0,0,0,0,10,0,0,0,0,0,0,0,0,3,3,0,0,0,0,0,0,0,10,0,0,0,7,0,0,0,0,0,0,9,0,0,0,0,0,15,0,2,7,2,2,0,4,0,0,5,0,2,1,10,0,0,0,0,0,0,6,0,0,0,0,0,0,0,0,0,0,1,10,0,0,4,0,0,0,0,0,0,0,0,0,0,2,0,0,0,0,0,0,0,8,0,0,0,0,0,0,0,0,0,0,0
"10226x535",0,0,0,0,0,0,0,0,20,7,9,0,0,0,0,0,0,0,0,0,0,0,0,0,0,0,0,0,6,0,0,0,0,4,0,0,0,0,0,16,0,27,0,0,0,0,0,0,1,0,0,0,0,0,0,0,0,0,0,0,0,0,0,0,0,0,0,2,0,0,0,0,0,0,0,0,9,0,0,0,0,0,0,0,0,0,0,0,0,5,0,0,0,0,0,0,0,0,1,0,0,0,0,5,0,0,0,0,0,0,0,6,0,0,0,0,0,0,1,0,0,0,0,0,0,0,0,0,0,0,0,0,0,0,0,0,0,0,0,0,0,0,10,0,0,0,0,0,0,0,0,0,0,0,0,0,0,0,0,0,0,0,0,0,0,0
"10213x5549",0,0,2,0,5,0,0,0,23,0,0,0,0,0,0,0,0,0,1,0,0,4,16,0,0,0,0,0,0,0,2,0,0,0,0,0,16,0,0,0,0,0,6,0,0,0,0,0,0,0,0,3,0,0,0,0,2,0,0,0,0,0,0,0,0,0,0,0,0,0,0,0,0,0,0,2,0,0,0,0,0,0,22,0,0,0,0,0,0,0,0,1,0,0,0,0,0,0,0,12,0,0,14,1,0,0,4,2,0,0,0,10,3,0,17,0,0,0,0,0,0,0,0,0,0,0,0,0,0,0,0,0,61,1,0,0,1,0,0,1,0,0,0,0,0,1,0,4,0,0,0,0,0,0,0,0,0,0,0,0,0,0,0,6,0,0
"10241x2393",0,0,36,0,0,3,0,3,6,0,2,0,0,0,0,0,0,0,1,5,0,0,11,0,0,27,0,0,0,0,62,0,6,7,0,0,37,0,4,4,0,1,26,0,0,12,0,24,1,0,0,1,0,0,0,0,13,0,0,0,7,0,1,0,0,1,1,1,0,0,0,0,0,1,0,0,4,0,0,0,4,0,0,0,8,6,15,0,0,0,9,0,0,0,24,0,0,0,3,0,0,0,57,14,0,0,0,0,0,0,0,7,3,0,0,0,0,0,0,0,0,2,0,0,0,4,5,0,0,0,0,11,141,3,0,0,0,0,0,0,13,0,0,3,0,0,0,0,0,0,0,0,0,0,0,0,0,0,0,0,11,0,0,2,2,9
"10212x3990",0,0,0,0,0,1,0,0,38,6,5,0,0,5,0,0,0,0,1,5,0,1,0,0,0,0,0,0,0,0,50,0,0,5,0,0,5,0,0,0,0,0,18,0,0,0,0,1,0,1,0,0,0,0,0,0,2,0,0,0,3,0,0,0,0,0,0,7,0,0,0,0,0,0,0,0,0,0,0,0,0,0,0,0,0,0,0,0,0,0,0,0,0,23,0,1,0,0,0,0,0,0,27,4,0,0,0,0,1,0,25,5,6,0,6,0,0,0,1,0,1,0,3,1,0,0,0,0,0,0,0,0,68,0,0,0,0,0,11,0,3,0,0,0,0,0,0,0,0,0,0,0,0,0,0,0,0,0,1,0,0,0,0,0,0,0
"10228x4738",1,0,91,1,10,0,0,1,50,9,10,0,0,3,20,0,0,0,7,13,0,9,0,0,29,5,0,0,6,0,18,0,0,0,0,0,106,0,0,0,0,14,43,0,0,0,5,26,0,0,1,8,9,1,1,6,28,0,0,0,12,0,0,3,14,0,0,7,0,0,0,0,2,3,0,0,0,0,0,0,0,0,0,0,1,0,4,4,0,0,2,0,0,1,19,2,0,0,0,7,5,12,166,79,0,0,0,1,0,0,4,17,6,1,5,0,1,3,0,0,0,4,0,0,0,0,0,5,4,0,0,55,337,5,0,0,1,0,10,0,30,0,0,3,0,0,0,3,4,0,0,0,1,0,1,0,4,0,0,0,4,7,12,6,0,3
"10242x5101",0,0,21,0,8,0,0,0,16,4,11,0,0,0,0,0,0,0,9,12,0,0,0,0,0,0,0,0,0,8,0,0,0,4,0,0,17,0,0,0,0,24,12,0,0,4,10,0,3,0,0,0,0,0,0,0,16,0,0,0,3,0,0,17,0,0,0,1,0,1,0,0,11,0,0,0,4,0,0,0,0,0,3,0,0,0,5,0,0,0,1,0,0,0,8,0,0,0,0,0,0,16,71,26,0,0,0,0,0,0,5,30,0,0,4,0,0,0,0,0,0,0,0,0,0,0,0,1,0,9,0,11,206,0,0,0,0,0,0,8,19,0,1,7,0,0,2,7,0,0,0,1,0,0,0,0,5,1,0,1,0,3,0,0,0,0
"10245x3227",0,0,10,0,8,0,0,1,39,0,19,0,0,0,0,0,0,0,1,22,0,1,2,0,62,0,0,0,0,0,6,0,0,1,0,0,25,0,3,0,2,7,18,0,0,1,0,0,0,0,1,1,6,0,0,0,7,0,0,0,0,0,0,11,0,0,0,1,0,0,1,0,0,0,0,0,0,0,0,0,0,0,0,0,0,0,1,0,0,0,0,0,0,5,8,1,0,0,0,0,0,11,38,42,0,0,0,0,0,0,17,4,0,0,0,3,0,0,0,0,0,0,3,0,0,1,0,0,0,0,0,35,122,3,0,21,0,0,0,0,6,0,3,3,0,0,0,0,0,0,1,6,0,0,0,0,0,0,0,0,1,0,1,1,0,3
"10254x3792",0,0,6,0,0,0,0,6,5,0,0,0,0,0,0,0,0,0,0,10,0,0,0,0,0,0,0,0,1,0,47,0,6,0,0,0,0,0,0,0,0,0,15,0,0,6,0,0,0,0,0,0,0,0,0,0,0,4,0,0,9,0,0,0,0,0,0,0,0,0,0,0,0,0,0,0,1,0,1,0,1,0,2,0,0,0,5,0,0,0,0,0,0,0,8,0,0,2,1,6,0,1,55,11,0,0,0,0,0,0,1,2,0,0,4,0,0,0,0,0,0,0,0,12,0,0,0,0,0,0,0,10,95,2,1,0,0,0,5,0,0,0,0,2,0,0,0,0,0,0,0,0,0,0,6,0,0,0,0,0,0,0,0,14,0,0
"10213x69",1,0,5,0,2,1,0,4,12,0,0,0,0,0,0,0,0,0,0,34,0,17,2,8,15,0,0,0,0,0,35,0,0,13,0,7,13,0,0,0,0,4,20,0,0,6,0,6,0,0,0,2,6,0,0,0,39,0,0,0,0,0,0,2,0,0,0,0,0,0,0,0,0,3,0,0,0,0,0,0,0,0,0,0,20,0,17,0,0,0,0,0,2,1,30,3,0,1,2,7,0,14,47,10,0,0,14,0,8,0,0,10,0,0,8,0,0,0,0,0,0,0,1,0,0,0,0,9,0,0,0,1,168,13,0,1,0,0,0,0,20,0,5,6,0,0,0,7,1,0,0,0,0,0,0,0,4,0,0,0,6,0,0,0,0,0
"10255x3020",0,0,0,0,3,0,0,0,16,1,5,1,0,0,0,0,0,0,1,14,0,0,0,0,0,10,0,1,0,0,69,0,0,0,0,0,15,0,0,0,0,0,1,0,0,2,16,7,0,0,1,5,0,0,0,0,3,0,0,0,0,0,0,0,10,0,0,0,0,0,0,0,0,0,0,3,0,0,0,0,0,0,7,0,5,0,14,0,0,0,17,0,0,2,18,0,0,0,0,3,0,4,59,5,0,0,7,0,0,0,0,12,2,0,0,0,0,0,0,0,0,1,0,0,0,7,0,0,0,0,0,0,61,17,0,0,0,0,0,0,3,0,0,0,0,0,0,0,4,0,0,0,0,0,1,0,0,0,0,0,0,0,1,0,0,3
"10279x820",0,0,16,0,0,0,0,2,15,0,14,0,1,0,0,0,0,0,3,3,0,0,0,0,0,1,0,0,0,0,4,0,0,10,0,0,0,0,0,0,0,6,0,0,0,0,0,0,1,0,0,0,0,0,0,0,2,0,0,0,0,0,0,0,0,0,0,0,0,0,0,0,0,0,0,0,1,0,17,0,0,0,0,0,9,0,0,0,0,0,2,0,0,0,0,0,0,0,8,0,0,1,17,3,0,0,0,0,0,0,0,6,5,0,0,0,0,0,0,0,0,0,0,0,0,0,0,0,0,0,0,3,69,0,0,0,0,0,0,0,0,0,0,0,0,0,0,1,0,0,0,0,0,3,0,0,0,0,0,0,1,0,0,0,0,0
"10272x2035",0,0,0,3,0,0,14,0,32,0,9,2,20,0,0,0,0,0,3,0,0,0,0,0,0,1,0,0,2,0,11,0,0,15,0,0,0,0,0,1,0,15,18,0,0,0,6,0,0,0,5,0,0,0,0,0,0,0,0,0,0,0,0,3,0,0,0,0,0,0,0,0,0,1,18,0,0,0,0,7,0,0,0,0,4,0,0,0,0,0,0,0,0,0,0,8,0,0,0,1,0,1,8,0,0,0,0,0,0,0,0,0,1,0,1,0,0,0,0,0,2,1,0,0,0,0,2,0,0,0,0,0,8,0,0,1,1,0,0,0,0,0,0,0,0,0,0,0,0,0,0,0,0,0,0,0,0,0,0,0,13,0,0,0,2,0
"10298x3506",5,0,40,4,2,1,0,10,8,0,24,2,0,0,0,0,0,0,6,11,0,0,0,0,0,14,0,0,0,0,4,5,0,0,0,0,66,0,1,3,0,7,12,0,0,0,0,17,3,0,0,0,0,0,0,0,14,0,0,0,6,34,0,0,0,0,0,3,0,0,0,0,1,0,0,11,2,0,0,0,0,0,2,0,0,0,1,0,7,0,0,0,0,4,1,0,0,2,0,3,0,2,30,26,0,0,0,0,0,0,10,23,2,2,4,0,0,0,0,0,0,0,3,6,0,0,0,0,0,0,0,26,112,4,0,0,0,0,3,0,2,0,0,0,0,0,8,14,0,0,0,4,0,0,0,0,0,0,0,0,1,0,12,14,0,2
"10306x5941",3,0,0,0,0,0,0,0,14,0,1,0,0,0,0,0,0,0,0,0,0,0,0,0,0,1,0,0,0,0,6,0,0,0,0,0,2,0,0,0,0,25,28,0,0,0,0,0,0,0,1,1,10,0,0,0,1,0,0,0,1,0,1,0,5,0,0,0,0,0,0,0,0,1,0,0,0,0,0,0,0,0,0,0,0,0,0,0,0,0,1,0,0,0,0,0,0,12,0,0,0,2,52,0,0,0,0,0,0,0,25,0,0,0,2,0,0,0,0,0,0,0,0,1,1,18,0,0,1,0,0,2,92,0,0,0,0,1,0,0,8,0,0,3,0,0,0,11,0,0,0,0,0,0,0,0,0,0,0,0,15,0,1,0,0,13
"10369x4087",3,15,19,0,3,1,0,1,32,0,4,0,0,7,0,0,0,0,6,16,0,2,0,0,15,21,11,0,0,0,20,0,0,0,0,0,87,1,5,0,0,41,42,0,0,0,0,23,0,5,2,1,0,1,11,0,23,0,0,0,7,0,1,1,1,0,2,12,0,0,0,0,0,6,0,0,1,0,2,0,0,0,0,0,2,0,15,6,0,0,14,0,0,1,19,2,10,11,0,17,1,9,63,11,0,0,0,1,2,0,22,9,0,0,11,0,0,2,0,0,15,8,0,1,0,11,1,8,0,0,0,17,203,3,3,0,0,0,0,0,18,0,0,14,0,0,0,7,0,0,0,0,0,0,1,0,1,1,0,0,0,0,5,0,0,9
"10297x3882",0,11,0,0,0,1,0,1,2,0,0,0,0,0,0,0,0,0,2,1,0,0,0,0,0,0,0,0,1,0,29,0,0,0,0,0,5,0,0,0,0,7,20,0,0,10,0,1,7,0,1,0,0,0,0,0,0,0,0,0,0,0,0,0,0,0,1,1,0,1,0,0,0,2,0,0,1,0,3,0,0,0,0,0,0,0,1,0,0,0,13,0,0,0,8,1,0,0,1,6,0,0,41,7,0,0,0,0,0,0,1,0,0,0,4,0,0,0,1,0,0,0,0,0,0,0,0,0,0,0,0,1,51,0,0,0,0,0,0,0,1,0,0,0,0,0,0,0,0,0,0,0,0,0,10,0,0,0,0,0,0,0,1,18,0,0
"10351x3675",1,0,8,0,0,0,0,0,38,0,0,0,0,0,0,0,0,0,0,11,0,0,0,0,12,0,1,0,4,0,27,0,0,6,0,0,0,0,0,0,0,4,12,0,0,1,12,1,1,7,3,0,0,0,0,0,0,0,0,0,3,0,0,0,0,0,0,0,0,0,0,2,1,0,0,0,2,0,0,0,0,0,0,0,0,0,11,0,0,0,0,0,0,0,12,0,0,0,1,28,0,2,50,11,0,0,4,0,0,0,16,20,0,0,0,0,0,0,0,0,0,0,0,0,0,0,0,0,0,0,0,0,175,0,0,0,0,0,0,0,7,0,0,0,0,0,20,0,0,0,0,0,0,0,0,0,0,0,0,0,2,5,0,10,0,0
"10365x4263",0,0,6,1,8,3,0,0,34,0,25,0,11,3,1,0,0,0,17,13,0,0,0,0,3,4,0,5,0,0,22,0,0,0,0,4,134,1,17,0,0,0,70,0,0,0,0,56,16,0,0,2,0,1,0,0,11,0,0,0,33,0,0,0,0,0,1,5,0,0,1,0,0,0,0,0,3,0,10,0,0,0,0,0,15,0,13,1,1,0,12,0,0,0,34,4,5,8,0,2,0,1,69,19,0,0,0,0,0,0,4,2,1,0,17,0,0,0,0,0,0,0,3,0,0,0,0,0,0,0,0,24,218,3,0,0,0,0,147,0,3,1,0,14,0,0,0,6,0,0,0,1,0,0,0,2,0,0,0,4,0,0,0,13,17,0
"10363x5084",0,0,1,0,4,0,0,1,32,4,28,0,2,4,0,0,0,0,7,8,0,0,0,0,0,8,0,0,0,0,7,0,0,0,0,0,2,0,22,0,3,1,18,0,0,0,0,0,6,0,0,1,0,0,9,6,11,0,0,0,4,0,1,0,0,0,0,18,0,0,1,0,0,1,0,0,1,0,0,0,0,0,3,0,0,0,6,2,3,0,3,0,0,0,7,0,15,0,3,5,0,7,61,7,0,0,7,1,0,0,2,9,0,0,0,0,0,0,0,0,0,0,0,0,0,0,0,0,0,1,0,14,148,0,0,0,0,0,2,0,11,0,4,1,0,0,0,0,0,0,2,1,0,0,0,0,0,1,0,2,15,3,1,0,0,9
"10362x2245",0,0,1,4,0,0,1,11,7,0,15,0,0,0,0,0,0,0,0,0,0,0,0,0,0,0,0,0,0,0,6,0,0,9,0,0,9,0,0,8,0,0,5,0,0,0,1,0,1,0,0,1,0,0,0,0,2,0,0,0,16,1,1,0,2,0,0,0,0,0,0,0,0,0,0,6,0,0,0,0,0,0,1,1,2,0,19,0,0,0,0,0,2,5,6,0,0,1,27,1,0,3,21,20,2,0,0,10,2,0,20,2,0,0,0,0,0,0,5,0,0,0,9,0,0,0,0,0,0,0,0,13,60,0,0,0,0,0,0,0,6,0,0,0,0,7,0,8,0,0,0,2,0,0,10,0,0,2,0,1,15,0,0,0,0,0
"10382x6516",2,0,2,0,5,1,1,0,17,0,7,0,1,0,0,0,0,0,5,6,0,2,12,0,1,0,3,0,0,0,9,0,0,0,0,0,11,2,3,0,11,0,30,0,0,9,2,0,0,0,0,0,0,0,1,0,35,0,0,0,17,0,0,0,0,0,0,4,0,0,0,0,0,0,0,0,1,0,5,0,0,0,0,0,0,1,3,0,5,0,0,0,0,0,5,0,7,1,0,3,0,14,40,1,0,0,15,0,0,0,23,0,0,0,16,0,0,1,1,0,0,0,3,0,0,2,0,0,1,0,0,13,145,0,0,0,0,0,18,0,5,0,3,0,0,0,0,10,1,0,0,5,0,0,0,0,0,0,0,0,0,0,2,1,0,5
"10394x5827",8,0,30,0,4,0,0,2,37,0,3,0,2,0,0,0,0,0,9,8,0,1,0,0,21,15,0,0,0,0,5,0,0,0,0,2,56,0,0,0,0,0,25,0,0,0,0,0,10,0,0,2,0,0,0,0,12,0,0,0,0,0,0,0,7,0,0,9,0,0,0,0,0,3,0,0,0,0,0,1,0,0,0,0,0,0,0,0,1,0,0,0,0,0,11,0,0,0,0,7,0,4,18,1,0,0,0,0,0,0,2,6,0,0,7,0,0,0,0,0,0,0,0,0,0,1,0,0,0,0,0,6,124,0,0,10,0,0,0,0,10,0,0,0,0,0,0,13,0,0,0,0,2,0,0,0,0,0,0,2,6,0,0,5,1,0
"10396x2993",0,0,0,0,0,3,0,3,27,1,38,0,0,0,0,0,0,0,1,0,0,9,0,0,9,1,0,0,0,0,28,0,0,9,0,0,4,0,7,5,0,0,16,0,0,0,0,13,0,0,0,0,2,0,2,0,6,0,0,0,4,0,0,0,0,0,0,0,0,0,0,0,0,0,0,0,0,0,1,0,0,0,7,0,5,0,3,0,0,0,9,5,0,0,7,0,0,0,0,0,0,0,57,5,0,0,0,0,1,0,6,3,0,4,0,0,0,0,0,0,0,0,0,0,0,2,0,0,0,0,0,3,40,4,0,0,0,0,0,0,5,0,4,0,0,0,0,0,5,0,0,5,0,0,0,0,0,0,0,0,2,0,0,0,0,0
"10379x5459",0,0,1,0,5,1,0,4,10,0,4,0,4,2,0,0,0,0,3,6,0,1,2,0,0,9,0,0,6,0,5,0,0,1,0,0,32,0,13,0,0,9,19,0,0,0,1,32,3,0,1,1,0,3,0,0,9,0,0,0,19,0,0,1,6,0,0,0,0,0,0,0,0,0,0,0,0,0,0,0,0,0,0,0,0,0,15,0,0,0,8,0,0,6,4,0,0,7,1,2,0,7,19,7,0,5,0,0,0,0,0,5,5,1,0,0,0,0,0,0,0,0,0,0,0,4,2,0,0,0,0,10,192,0,0,0,0,0,0,0,4,0,0,0,0,0,0,7,0,0,0,0,0,0,0,0,0,6,0,0,6,0,12,1,4,0
"10434x2562",0,0,0,0,3,0,0,0,11,0,26,0,0,4,0,0,0,0,2,9,0,0,0,0,0,1,0,0,0,0,32,0,0,1,0,0,32,1,0,0,0,0,0,0,0,0,0,0,0,0,0,0,0,0,0,0,0,0,0,0,0,0,0,0,0,0,0,1,0,0,0,0,0,7,0,0,0,0,0,0,0,0,0,0,0,0,0,0,0,0,3,0,0,3,0,0,0,0,9,1,0,0,12,17,0,0,0,0,0,0,0,8,0,0,0,0,0,0,0,0,0,0,0,0,0,0,0,0,0,0,0,0,50,0,0,0,0,0,6,0,0,0,0,0,0,0,21,0,0,0,0,0,0,0,0,0,0,0,0,0,0,0,0,0,0,0
"10403x1965",0,0,0,0,0,0,0,0,17,0,13,0,14,0,0,0,0,0,2,6,0,0,0,0,0,0,0,0,0,0,0,0,0,0,0,0,0,0,0,0,6,0,6,0,0,0,28,0,0,0,0,0,0,0,0,0,0,0,0,0,0,0,0,0,0,0,0,0,0,1,0,0,0,0,31,0,0,0,0,7,0,0,0,1,0,0,0,0,0,0,0,0,0,2,0,12,0,0,0,0,0,0,0,0,0,0,2,0,0,0,0,0,0,0,0,0,0,0,0,0,0,0,0,0,0,0,0,0,0,0,0,0,0,0,0,19,3,0,0,0,0,0,0,0,0,0,0,0,0,0,0,0,0,0,0,0,0,0,0,0,1,0,0,0,0,0
"10392x4422",1,0,26,0,0,4,0,2,27,0,1,0,0,0,0,0,0,0,7,30,0,5,0,0,58,15,0,0,0,0,16,0,0,2,0,0,61,15,47,0,0,0,13,0,0,0,0,24,14,0,0,1,0,0,4,0,4,0,0,0,4,0,0,0,0,0,0,0,0,0,0,0,0,8,0,0,0,0,0,0,0,0,0,0,0,0,3,3,0,0,4,6,0,1,18,0,0,13,2,20,0,0,53,20,0,0,0,0,1,0,0,4,2,0,0,0,0,0,0,0,0,0,6,0,0,0,0,0,0,0,0,42,124,0,0,0,0,3,0,0,4,0,0,1,0,0,0,1,1,0,0,0,0,0,0,2,3,0,0,0,0,0,2,2,0,0
"10379x4617",1,8,41,0,0,0,0,0,13,0,15,0,1,3,0,0,0,0,1,16,0,0,0,0,27,3,0,0,0,0,11,1,0,6,0,0,22,0,8,0,0,0,27,0,0,3,1,11,0,0,0,1,0,0,0,1,3,0,0,0,2,0,0,0,0,0,0,16,0,1,0,0,0,0,0,0,0,0,0,0,0,0,4,2,1,0,4,0,0,0,3,0,0,0,12,0,0,1,0,3,0,9,96,46,0,0,0,2,1,0,14,3,2,6,0,0,0,0,0,0,0,0,0,0,0,0,0,0,2,0,0,39,167,0,0,0,0,0,0,0,20,0,0,13,0,0,0,4,0,1,0,1,0,0,0,0,0,0,0,1,0,0,0,0,0,0
"10457x3475",1,0,6,0,0,0,0,36,27,0,3,0,0,0,20,0,0,0,1,12,0,0,0,0,32,0,0,0,0,2,8,0,0,4,4,0,0,0,0,0,0,2,20,0,0,12,0,0,2,0,0,2,0,1,10,7,20,0,0,0,18,0,0,0,13,0,0,5,0,0,0,0,0,0,0,0,1,0,1,0,6,0,0,0,0,0,4,0,0,0,2,0,0,0,1,0,0,7,0,12,1,3,58,3,2,0,0,0,0,0,20,0,0,4,0,0,0,0,3,0,0,0,0,0,0,1,2,1,0,0,0,36,162,12,0,0,0,0,5,12,26,0,0,0,0,0,0,4,0,0,0,0,0,0,0,0,0,0,0,0,8,0,10,18,0,3
"10445x5677",0,0,14,0,2,1,0,3,23,0,3,0,0,0,0,0,0,0,3,7,0,1,0,0,0,0,0,0,0,0,35,0,0,1,0,0,41,0,0,19,0,10,0,13,0,0,0,5,1,4,2,0,0,0,0,0,4,0,0,0,1,0,0,0,0,0,0,3,0,0,0,0,0,0,0,0,2,0,1,0,0,0,0,0,0,0,0,0,0,3,6,0,0,0,10,0,0,5,0,7,6,5,37,15,0,0,0,1,0,0,7,23,1,1,0,0,0,0,0,0,0,0,0,0,0,14,0,0,0,0,0,2,83,0,0,0,0,0,0,0,8,0,0,2,0,0,0,6,0,0,0,2,0,0,1,7,0,1,0,1,10,8,0,8,2,0
"10473x3304",0,0,7,0,0,0,0,9,24,0,0,0,0,0,0,0,0,0,0,5,0,0,0,0,4,0,0,0,0,0,1,0,6,0,0,0,10,0,0,0,3,0,2,0,0,0,0,38,9,0,0,0,0,1,41,24,0,0,0,0,0,0,0,10,0,0,0,3,0,0,1,0,0,0,0,0,0,0,1,0,0,0,0,1,0,6,3,0,0,1,0,0,0,0,22,0,2,0,7,0,0,4,7,10,6,0,0,0,0,0,9,2,0,0,0,1,0,0,0,0,0,0,0,0,0,0,0,0,7,0,0,0,13,0,0,0,0,0,23,0,0,0,18,0,0,0,0,0,0,0,0,2,0,0,0,0,0,0,0,0,0,0,0,15,0,0
"10478x1751",2,0,0,5,0,0,0,0,0,0,11,0,4,0,0,0,0,0,0,0,0,4,0,0,0,0,0,0,0,0,0,0,0,0,0,0,0,0,0,0,0,21,1,0,0,0,0,0,1,1,0,0,0,0,0,7,0,0,0,0,0,0,0,0,0,0,0,0,0,0,0,0,0,0,0,0,0,0,0,0,7,0,0,0,0,0,0,0,2,3,0,0,0,0,22,0,1,0,0,2,0,0,0,10,0,0,0,0,0,0,0,0,0,0,2,0,0,0,0,0,0,0,9,0,0,0,0,0,0,0,0,0,0,0,0,0,0,0,0,0,0,0,0,0,0,0,0,0,0,0,0,0,0,0,0,0,0,0,0,0,2,0,0,0,0,0
"10477x1873",0,0,0,0,0,0,0,0,1,0,0,0,49,0,0,0,0,0,3,0,0,0,0,0,0,0,0,0,5,0,5,0,0,1,1,0,0,0,0,0,0,0,0,0,0,4,7,0,0,0,0,0,0,0,0,0,0,0,0,0,0,0,0,0,0,0,0,0,0,0,0,0,0,0,8,0,0,0,0,1,0,0,0,1,0,0,0,0,0,0,0,0,0,0,0,3,0,0,0,0,0,0,0,1,0,0,0,0,0,0,14,0,0,0,0,0,0,0,0,0,0,0,2,0,0,0,0,0,0,0,0,0,0,0,7,0,0,0,0,0,0,0,0,0,0,0,0,0,0,0,0,3,0,0,0,0,0,0,0,0,0,0,0,0,0,0
"10488x5375",0,0,22,0,3,0,0,11,14,0,1,0,0,0,0,0,0,0,8,1,0,0,1,0,21,10,0,0,0,0,0,0,0,0,0,0,13,0,0,0,0,0,36,0,0,0,0,31,0,0,0,1,0,0,0,0,16,0,0,0,13,0,1,0,0,0,0,2,0,0,0,5,0,0,0,0,8,0,0,0,0,0,0,0,6,0,1,0,0,0,0,3,0,0,9,0,0,2,0,4,0,1,38,7,0,0,0,0,0,0,0,0,0,0,0,0,0,0,0,0,0,1,0,0,0,7,0,0,0,0,0,2,100,0,0,0,0,1,0,0,7,0,13,0,0,0,1,18,0,0,0,0,6,0,0,0,0,1,0,0,2,0,0,14,5,0
"10462x6005",0,0,3,0,5,2,0,0,13,0,0,0,11,8,0,0,0,0,2,4,0,0,0,0,0,0,0,0,0,0,3,0,0,0,0,0,36,0,0,0,8,8,12,0,3,0,1,5,0,0,0,0,0,0,0,0,2,0,0,0,10,0,0,0,0,6,0,8,0,0,0,0,0,12,0,0,3,0,10,0,0,0,0,0,0,0,0,0,0,0,0,1,0,1,0,0,0,0,0,8,0,6,32,0,0,0,0,0,0,0,3,0,0,0,0,0,0,0,0,0,0,0,0,0,0,0,0,0,0,0,0,12,82,0,0,3,0,0,0,0,0,0,0,2,0,0,0,8,0,0,0,0,0,0,0,0,0,1,0,0,0,0,0,0,0,3
"10500x2780",0,2,0,0,2,1,0,3,21,0,18,0,0,3,0,0,0,0,2,19,0,5,2,0,0,10,0,2,4,0,204,0,0,0,0,0,95,0,14,0,0,0,26,0,0,0,0,11,0,0,0,3,0,0,4,0,14,0,0,0,1,0,0,0,10,0,0,0,0,0,0,0,0,8,0,0,0,0,11,0,0,0,0,1,0,0,0,1,0,0,7,0,0,16,9,0,0,2,0,8,0,5,130,5,0,0,0,0,5,0,11,13,10,0,0,0,0,0,0,0,0,0,0,0,0,2,0,0,0,0,0,1,169,0,0,0,0,0,0,0,12,0,0,0,0,0,11,5,0,0,0,0,0,0,3,0,0,0,0,0,0,0,0,0,0,1
"10513x2957",0,0,12,0,0,0,0,0,30,0,30,0,0,7,0,0,0,0,0,0,0,8,0,0,0,0,0,1,0,0,31,0,0,12,0,0,0,0,1,28,0,0,5,0,0,0,0,8,0,0,0,0,0,0,0,0,0,0,0,0,3,0,0,0,0,0,0,1,0,0,0,0,0,0,0,0,0,0,0,0,0,0,0,0,0,0,7,0,0,0,0,0,0,0,0,0,0,3,1,2,0,5,17,2,0,0,0,0,0,0,9,0,0,0,0,0,0,0,0,0,12,0,0,0,0,0,0,0,0,0,0,6,67,0,0,0,0,0,0,0,15,0,3,0,0,0,10,0,5,0,0,4,0,0,0,0,0,0,0,0,8,0,0,0,10,0
"10546x4435",0,0,4,0,12,1,0,0,60,0,6,0,0,3,0,0,0,0,4,5,0,1,0,0,6,0,0,0,0,0,48,0,0,0,0,12,21,4,7,0,0,0,31,0,0,0,0,12,0,2,0,2,0,1,2,0,13,0,0,0,2,0,0,10,0,0,0,0,0,1,0,1,0,0,0,0,0,0,0,0,0,0,6,0,1,0,11,0,3,0,2,0,0,1,8,0,0,0,1,5,0,5,107,14,0,0,0,4,5,0,22,0,2,0,9,0,0,0,0,0,2,6,0,0,0,0,7,0,0,0,0,64,205,0,0,0,3,0,0,0,21,0,0,17,0,0,0,12,0,0,0,0,0,0,0,0,0,9,0,0,1,0,0,7,0,0
"10541x360",2,0,12,0,0,0,0,0,1,0,5,0,0,0,0,0,0,0,1,5,0,0,0,12,0,0,0,2,0,0,14,0,0,14,0,0,0,0,0,0,0,0,13,0,0,0,0,0,0,0,0,0,0,0,0,0,0,0,0,0,2,0,0,0,0,0,0,0,0,0,0,0,0,0,0,6,0,0,0,0,0,0,0,0,0,0,3,0,0,0,11,0,0,0,0,0,0,7,0,7,0,0,31,6,4,0,0,0,0,0,0,13,0,4,0,0,0,0,0,0,0,4,0,0,0,0,0,0,0,0,0,44,57,2,1,0,0,0,0,0,9,0,0,0,0,0,3,1,0,0,0,0,0,0,0,0,0,0,0,0,0,0,4,0,0,0
"10515x4946",0,0,2,0,0,0,0,0,12,1,1,0,0,2,2,0,0,0,0,10,0,0,0,0,12,0,0,0,0,0,4,0,0,3,0,0,2,0,0,0,0,0,4,0,0,0,0,0,0,0,1,1,0,4,0,0,11,0,0,0,3,0,0,0,1,0,0,0,0,0,0,0,0,7,0,0,0,0,0,0,0,0,1,0,0,0,1,0,0,0,5,0,0,0,2,0,15,0,2,0,3,0,25,5,0,0,0,0,0,0,22,0,11,0,0,0,0,0,1,0,0,0,0,0,0,0,0,0,0,0,0,0,79,0,0,0,0,0,0,0,18,0,0,0,0,1,0,4,1,0,0,1,0,0,0,0,1,2,3,0,0,0,2,6,9,1
"10539x1059",0,0,1,0,0,0,0,0,0,0,0,0,0,0,0,0,0,0,0,0,0,16,0,0,0,0,0,0,0,0,1,0,0,3,0,0,0,0,0,0,0,0,7,0,0,0,0,0,0,0,0,0,0,0,0,0,0,0,0,0,0,0,2,0,0,0,0,0,0,0,0,0,0,8,0,0,0,0,0,0,0,0,9,0,0,0,0,0,0,0,0,0,0,0,20,0,0,0,0,8,0,0,0,10,0,0,0,0,0,0,9,1,0,0,1,0,0,0,0,0,0,1,0,0,0,0,2,0,0,0,0,0,0,0,6,0,1,0,0,0,5,0,1,0,0,0,5,0,0,0,0,0,0,0,0,0,0,0,0,0,0,0,0,0,4,0
"10540x6323",4,0,23,0,14,0,0,0,27,0,5,0,0,0,0,0,0,0,12,12,0,2,0,0,50,11,0,0,4,0,0,2,0,1,0,0,14,0,0,0,0,5,10,0,0,0,0,18,0,0,2,1,0,0,0,0,25,0,0,0,1,0,0,0,0,0,0,1,0,0,0,0,0,0,0,0,0,0,0,0,0,0,0,2,0,0,9,0,0,0,0,0,0,4,31,0,0,1,0,5,0,11,67,12,0,0,0,0,0,0,12,11,0,15,7,0,0,0,0,0,0,0,0,0,3,2,0,0,0,0,0,28,165,8,0,0,0,0,0,0,10,0,0,7,0,0,0,15,0,0,0,0,9,0,1,0,0,4,0,0,11,0,14,25,0,6
"10543x4630",0,0,0,0,0,0,0,0,2,0,0,0,0,3,0,0,0,0,2,1,0,0,0,0,0,0,0,0,0,0,0,0,0,0,0,0,1,0,0,0,0,0,1,0,0,0,8,0,2,0,0,0,0,0,0,0,0,0,0,0,0,0,0,0,3,0,0,0,0,0,0,0,0,0,0,0,0,0,0,0,0,0,0,0,0,0,0,0,0,0,0,0,0,0,0,0,0,0,0,0,0,0,15,0,0,0,0,0,0,0,7,0,0,0,0,1,0,0,0,0,0,0,0,0,0,0,0,0,0,0,0,0,26,5,0,0,0,0,0,0,0,0,0,0,0,0,17,2,0,0,0,0,0,0,0,0,0,0,0,0,0,0,6,0,0,0
"10541x6155",0,0,11,3,12,2,0,5,9,0,14,0,0,0,0,0,0,0,6,12,0,0,0,0,7,0,0,0,0,8,20,4,0,0,0,0,24,2,1,5,0,2,28,0,0,4,5,26,3,0,0,1,0,1,1,0,9,0,0,0,9,0,1,1,0,0,1,0,0,0,1,0,0,0,0,1,12,0,7,0,0,0,0,0,2,0,1,0,1,0,10,0,0,0,7,0,0,8,0,27,0,23,60,20,0,0,1,0,0,0,0,8,0,0,1,0,0,0,0,0,0,0,0,7,0,0,0,0,0,0,0,0,100,0,1,3,0,0,6,0,0,0,0,1,0,0,0,6,0,0,0,0,0,0,0,0,0,2,0,1,0,0,5,2,1,1
"10549x652",1,10,17,0,0,12,0,8,41,0,14,0,0,3,0,0,0,0,3,25,0,0,0,0,73,5,0,0,0,0,3,0,0,0,0,2,2,0,0,0,1,3,7,0,0,0,0,0,3,0,0,0,0,0,3,0,10,0,0,0,4,0,0,1,1,0,0,1,1,0,0,0,0,0,0,0,5,0,0,0,0,0,0,4,0,0,16,0,0,2,0,0,0,12,0,0,12,7,5,13,0,2,29,4,0,0,0,0,0,0,3,15,3,5,0,0,0,0,0,0,0,0,0,0,0,17,0,0,7,0,0,0,280,0,3,2,0,0,0,0,2,4,0,3,0,0,0,0,3,0,0,0,0,0,0,3,0,5,0,0,5,0,7,0,0,1
"10582x2103",3,0,6,0,12,1,0,0,16,0,5,0,0,1,2,0,0,0,7,45,0,0,4,0,13,5,0,0,0,0,56,0,0,14,0,4,18,0,0,0,0,0,35,0,0,4,0,7,13,0,1,0,0,1,0,0,1,0,0,2,14,0,0,0,0,0,0,0,0,1,0,0,0,0,0,0,6,0,3,0,0,0,0,0,2,0,4,1,0,0,0,3,0,18,6,0,0,4,0,25,4,5,53,38,0,0,18,0,3,0,17,7,0,0,5,0,0,0,0,0,0,0,1,0,0,7,2,0,0,0,0,94,295,4,0,0,0,0,4,0,19,0,0,6,0,0,11,0,0,0,0,1,0,0,0,0,0,1,0,1,6,0,13,11,0,5
"10548x2321",3,2,12,1,0,1,0,0,31,3,0,0,1,2,0,5,0,0,9,9,0,0,2,0,0,39,0,3,0,0,164,0,0,3,0,2,0,0,0,0,0,0,10,0,0,0,0,0,0,0,1,0,0,0,0,0,11,0,0,0,8,0,0,0,0,0,0,2,0,0,0,2,0,11,1,0,16,0,4,0,0,0,0,0,0,0,10,0,3,0,1,1,0,5,5,0,0,0,0,0,0,0,103,0,0,0,4,0,3,0,45,0,1,0,7,0,0,0,0,0,0,4,0,0,0,9,0,0,1,0,0,12,228,6,0,0,0,0,0,0,34,0,0,0,0,0,0,1,1,0,0,2,0,0,4,0,1,0,0,0,0,12,7,20,3,10
"10618x1788",0,0,11,0,0,0,0,0,11,0,2,0,24,0,0,0,0,0,0,3,0,0,0,0,0,0,0,0,5,0,17,0,0,0,0,1,0,0,0,0,0,0,4,0,0,4,34,0,0,3,0,0,0,0,0,0,0,0,0,0,0,0,0,0,0,0,0,0,0,0,0,0,0,1,30,0,0,0,9,11,8,0,0,0,0,22,0,0,0,3,0,0,0,0,0,6,6,0,0,1,0,0,0,0,0,0,0,0,0,0,13,3,0,1,3,0,0,0,0,0,0,0,0,0,1,0,0,0,0,0,0,0,0,2,0,1,0,0,0,0,0,0,0,0,0,0,0,0,0,0,2,0,0,0,0,0,0,0,0,0,0,0,0,0,1,3
"10603x3345",0,0,31,0,0,2,5,2,7,0,0,0,0,0,0,0,0,0,3,6,1,0,0,0,0,0,0,0,0,0,3,0,5,0,3,0,4,0,0,8,8,4,33,0,0,0,3,30,4,0,0,0,0,0,45,35,0,3,0,0,0,0,0,0,0,0,1,2,0,0,0,0,0,0,0,6,0,0,1,0,0,0,5,0,0,5,0,0,1,0,0,0,0,3,0,4,0,0,2,5,0,0,2,0,0,0,0,0,0,0,0,1,3,0,0,0,0,0,1,0,0,0,0,0,0,0,0,0,0,0,0,3,90,0,0,0,2,0,49,0,9,0,2,0,0,0,0,0,0,0,0,0,0,0,0,0,2,1,0,0,12,0,0,7,0,0
"10604x5183",0,0,1,1,4,0,0,12,6,0,13,0,0,1,0,0,0,0,9,2,0,0,0,0,2,0,0,1,2,0,69,0,0,3,0,0,27,0,7,2,0,1,26,0,0,0,0,1,0,7,2,1,0,0,0,0,1,0,0,0,0,2,0,0,0,3,0,4,0,0,0,0,0,6,0,0,0,0,0,0,0,0,0,0,0,0,0,2,0,0,0,0,0,4,4,0,0,0,0,43,0,1,35,6,1,0,0,0,0,0,8,7,0,0,0,0,0,0,5,0,0,0,0,0,0,9,0,0,0,0,0,13,158,10,0,0,0,0,0,0,13,0,14,0,0,0,0,0,0,0,0,0,0,0,0,0,12,0,0,0,0,0,5,0,2,0
"10608x198",5,2,5,0,2,1,1,8,13,0,9,0,1,0,0,0,0,0,0,19,0,0,10,0,14,4,0,0,0,0,15,0,0,0,0,0,0,0,0,0,0,2,20,0,0,0,0,0,0,0,0,1,0,0,0,0,0,0,0,0,14,0,0,0,0,0,0,1,0,0,0,0,0,0,0,4,0,0,0,0,0,0,0,0,16,0,9,0,0,0,0,0,0,0,3,6,0,5,0,5,0,0,36,12,0,0,0,0,1,0,4,14,1,0,0,0,0,0,0,0,0,0,0,0,0,1,0,0,0,0,0,43,167,2,0,0,0,3,0,0,4,0,14,24,0,0,0,2,0,0,0,0,0,0,0,0,0,0,0,0,2,0,16,7,0,2
"10597x2595",0,0,8,0,6,0,0,3,0,0,16,0,0,1,0,0,0,0,7,2,0,0,0,0,0,2,0,0,8,0,90,0,0,0,8,0,2,0,3,1,0,0,0,0,1,16,0,2,0,0,0,0,0,0,4,0,3,0,0,0,0,6,0,2,0,0,0,4,0,0,0,0,0,8,0,0,0,0,0,0,11,0,0,0,0,0,3,0,0,0,10,0,0,0,0,0,0,0,0,0,0,0,24,20,0,0,0,0,0,0,0,0,0,0,0,0,0,0,0,0,0,0,0,0,0,0,0,0,0,0,0,0,35,0,0,0,0,0,0,0,0,0,0,0,0,0,0,0,0,0,0,5,0,0,0,0,0,0,0,0,0,0,0,0,0,0
"10645x4949",0,1,0,0,8,1,0,0,16,1,17,0,0,1,0,0,0,0,3,10,0,0,0,0,25,0,0,0,3,0,7,0,0,4,4,0,16,0,0,0,0,0,10,0,0,0,0,0,7,0,4,0,0,0,0,0,3,0,0,0,0,0,0,0,2,0,0,1,0,0,0,0,0,0,0,0,1,0,0,0,0,0,0,0,0,0,0,0,0,0,5,0,1,2,15,0,0,9,0,0,12,11,38,10,0,1,0,0,0,0,2,1,0,0,0,0,0,0,0,0,0,0,0,0,0,8,0,0,0,0,0,0,46,0,0,0,0,0,0,0,13,0,0,3,0,0,0,4,0,4,0,0,15,0,0,0,0,0,0,0,2,0,2,0,2,4
"10678x4759",0,0,7,0,0,0,0,11,3,0,2,0,0,0,0,0,0,0,2,7,0,0,0,1,0,0,0,2,0,0,22,0,0,0,0,0,3,0,0,0,0,0,0,0,0,0,0,0,0,0,0,0,0,1,0,0,0,0,0,0,0,0,0,0,0,0,0,2,0,0,0,0,0,0,0,0,0,0,0,0,0,0,0,0,0,0,0,0,0,0,0,0,0,0,0,0,0,0,0,12,0,0,3,21,0,0,0,1,0,0,5,0,3,0,0,0,0,0,0,0,0,0,0,0,0,0,0,0,0,0,0,0,28,0,0,0,0,0,0,8,0,0,0,0,0,0,0,0,0,0,0,0,0,0,0,0,0,0,0,0,2,3,0,0,1,0
"10701x5274",0,0,1,0,9,0,0,0,12,0,0,2,0,0,0,0,0,0,3,11,0,0,0,0,0,36,0,0,0,0,93,0,0,0,0,0,7,0,0,0,0,3,7,0,0,0,0,10,0,0,1,1,0,0,0,0,18,0,0,0,14,0,0,12,0,0,0,0,0,0,0,0,0,0,0,0,3,0,0,0,0,0,0,0,0,0,4,0,0,0,2,0,0,4,0,9,0,0,0,0,0,16,103,0,0,0,15,0,0,0,3,4,0,8,0,0,0,0,0,0,0,1,0,0,0,1,0,11,0,0,0,11,172,0,0,1,0,0,0,0,18,0,0,0,0,0,0,0,0,0,0,0,0,0,0,0,2,1,0,0,0,0,5,11,0,13
"10712x1935",0,0,22,4,0,2,0,1,17,0,8,0,9,0,1,0,0,0,3,6,0,0,0,0,0,0,0,0,0,0,3,0,0,11,0,2,0,0,0,0,0,0,5,0,17,5,0,0,0,0,0,1,0,0,0,0,7,0,0,0,0,0,0,0,32,0,0,0,0,0,0,0,0,0,0,0,0,0,0,0,0,0,0,0,0,0,2,0,0,0,0,0,0,0,0,0,0,0,0,7,0,0,10,0,0,0,0,0,1,0,5,0,0,0,0,0,0,0,0,0,0,2,0,0,0,0,0,0,0,0,0,0,47,0,0,0,0,0,0,0,10,0,5,0,0,0,0,0,0,0,0,0,0,0,0,0,0,0,0,0,0,0,0,0,0,0
"10766x6412",0,0,21,0,9,1,0,7,22,0,2,0,0,0,1,0,0,0,0,5,0,0,0,0,12,1,0,0,10,0,3,0,0,0,0,0,18,0,3,0,0,0,34,0,0,0,16,0,0,0,0,0,0,0,0,0,8,0,0,0,0,1,0,0,1,0,0,8,0,0,0,0,8,0,14,0,7,1,1,0,4,0,0,0,0,0,2,0,3,1,0,0,0,2,2,0,10,1,5,0,0,7,37,8,0,0,0,4,3,0,2,12,0,0,0,0,0,0,0,0,0,0,0,0,0,2,0,0,0,0,0,13,192,2,3,0,16,0,0,0,3,0,0,1,0,0,2,2,0,0,0,0,0,0,0,0,0,0,0,1,2,0,1,3,1,0
"10794x5447",0,0,29,0,4,0,0,0,25,2,2,0,0,0,3,0,0,1,3,11,0,0,0,5,13,1,0,0,9,0,9,0,0,0,0,0,0,0,0,0,0,14,24,0,0,0,0,3,0,0,1,0,0,0,0,0,2,0,0,0,0,0,0,14,0,0,0,0,0,0,0,0,0,0,0,0,0,0,0,0,0,0,0,0,0,0,0,0,0,2,0,0,0,5,3,0,0,0,1,0,0,4,36,0,0,0,0,0,0,0,0,13,3,0,5,0,0,0,0,0,2,2,4,0,0,6,0,0,0,0,0,22,245,0,0,0,0,0,2,0,2,0,7,12,0,0,15,0,0,0,0,0,0,0,0,0,0,0,0,0,18,0,0,0,17,0
"10780x775",0,2,8,0,5,5,0,0,14,0,20,0,0,0,0,0,0,0,10,7,0,0,0,0,64,0,0,3,20,1,0,0,15,0,0,0,68,16,15,0,0,0,7,0,0,0,0,100,43,1,0,0,0,0,0,0,11,0,0,0,21,0,0,5,6,0,0,9,0,0,0,0,0,0,0,0,2,0,1,0,0,0,0,0,0,0,1,0,4,0,2,0,1,0,1,0,1,15,0,0,0,1,30,9,0,0,0,0,0,0,0,9,6,0,5,0,0,0,0,0,0,0,9,0,0,8,0,0,0,0,0,11,190,14,1,0,0,0,21,0,6,0,0,0,0,0,8,0,3,3,0,0,0,0,0,0,0,4,0,0,2,0,4,12,0,0
"10776x5833",0,0,1,0,4,1,0,2,23,2,0,0,0,0,0,0,0,0,3,2,0,0,0,0,4,5,0,0,5,0,20,0,0,0,0,0,30,0,6,0,0,2,15,0,0,3,1,10,3,0,0,0,0,0,0,0,6,1,0,0,0,0,0,0,0,0,0,12,0,0,0,0,0,0,0,0,4,0,0,0,0,0,0,0,0,0,0,6,3,0,3,1,1,5,0,0,3,0,0,0,1,1,14,9,0,0,0,0,7,0,4,0,0,6,0,0,0,0,0,0,0,2,18,0,0,0,0,0,0,0,0,14,126,2,0,0,0,0,0,0,3,0,7,1,0,0,0,3,0,0,0,0,0,0,0,0,0,0,0,0,12,0,0,6,0,3
"10804x5982",0,6,1,0,1,1,0,12,29,0,9,1,0,2,0,0,0,0,17,2,0,0,0,0,12,1,0,0,5,0,11,0,1,0,0,15,113,0,3,0,0,0,40,0,0,0,1,32,2,0,0,4,0,0,0,0,13,4,0,0,14,0,0,0,0,0,0,0,0,0,0,0,2,0,0,0,0,0,1,0,0,0,10,1,0,0,4,0,8,0,11,0,0,3,6,0,0,0,0,0,1,17,25,10,0,0,0,0,0,0,0,9,0,3,0,0,0,0,0,0,0,1,8,0,0,3,0,0,0,0,0,3,79,20,0,0,0,0,0,0,2,0,0,13,0,0,0,6,0,0,0,0,0,0,0,1,0,1,0,0,2,0,0,0,0,0
"10780x2707",0,0,0,4,2,0,0,0,0,0,2,0,5,0,49,0,0,0,0,0,0,0,0,0,1,0,0,0,0,0,0,0,0,2,0,0,0,0,0,0,0,0,10,0,0,18,18,0,0,0,0,0,0,0,0,0,0,0,0,0,0,1,0,0,0,0,1,0,0,0,0,0,0,0,1,0,0,0,0,0,0,0,1,9,0,0,0,0,0,0,0,0,0,0,0,0,0,0,0,0,12,0,0,0,0,0,0,0,0,0,0,0,2,0,0,0,0,0,0,0,0,0,0,0,0,0,0,0,0,0,0,0,0,0,0,0,0,0,0,0,0,0,0,0,0,0,0,0,0,0,0,0,0,0,0,0,0,0,0,0,0,0,0,0,0,0
"10897x5563",0,0,5,0,5,1,0,1,29,0,11,1,0,0,0,0,0,0,1,1,0,0,0,0,13,14,0,1,3,0,126,0,0,9,0,0,2,0,0,0,0,24,61,0,0,0,0,3,0,0,0,0,0,0,0,0,3,0,0,0,7,0,0,14,0,0,0,0,0,0,0,0,0,1,0,0,0,0,0,2,0,0,17,0,2,0,3,0,0,0,3,0,0,0,3,0,3,0,0,0,0,1,121,0,0,0,0,5,0,0,16,8,0,0,3,0,0,0,0,0,0,0,4,0,0,0,0,0,0,0,0,38,160,2,0,0,0,0,1,1,2,0,7,2,0,0,11,0,0,9,0,0,0,0,0,0,1,0,0,0,1,0,0,3,17,0
"10909x6515",4,0,6,0,2,1,0,0,14,0,0,0,0,5,1,0,0,0,9,4,0,4,1,0,6,7,2,0,9,0,15,0,0,3,0,0,51,0,0,0,1,11,29,0,0,0,0,9,0,1,0,7,0,0,0,0,9,0,0,0,7,0,0,0,0,0,0,1,0,0,0,0,0,2,0,0,0,0,1,0,5,0,0,0,0,0,3,0,7,0,0,0,0,2,27,0,0,0,0,10,0,6,108,8,0,0,0,0,0,0,5,9,0,0,0,0,1,0,0,0,1,0,4,0,0,0,0,0,0,0,0,4,118,0,0,0,0,0,2,0,8,0,0,1,0,0,0,6,0,0,0,0,0,0,0,0,0,1,0,0,0,4,9,12,0,0
"10905x1330",0,0,0,0,0,0,0,0,9,0,2,0,0,0,130,0,0,0,1,0,0,0,0,0,0,0,0,0,0,0,0,0,0,0,0,0,0,0,0,0,0,0,0,0,0,0,0,0,0,0,0,0,0,0,2,0,0,0,0,0,0,0,0,0,0,0,0,0,0,1,0,0,0,0,0,0,0,0,0,0,0,0,0,0,0,0,0,0,0,0,0,0,0,0,0,0,0,0,0,0,0,0,0,0,0,0,0,0,0,0,0,3,0,0,0,0,0,0,0,0,0,0,0,0,0,0,0,0,0,0,0,0,0,0,0,0,0,0,0,0,0,0,0,0,0,0,0,0,0,0,0,0,0,0,0,0,0,0,0,0,0,0,0,0,0,0
"10962x3586",0,0,28,5,6,0,0,2,11,2,3,0,1,11,0,0,0,0,0,11,0,0,0,0,0,0,0,0,0,0,0,0,0,6,0,0,0,0,0,0,1,0,6,0,0,0,0,0,9,0,0,0,0,0,0,4,0,0,0,0,0,0,0,0,0,0,0,0,0,0,0,0,0,0,1,0,2,0,0,0,0,0,0,1,0,0,0,0,0,2,0,0,0,0,0,0,0,0,0,13,0,0,1,0,0,0,0,1,0,0,0,0,0,0,0,3,0,0,0,0,0,0,0,7,0,0,0,0,0,0,0,0,3,0,0,0,0,0,1,0,0,0,0,0,0,0,0,0,0,0,0,2,0,0,0,0,0,0,0,0,0,0,0,0,0,0
"10967x5861",0,10,8,2,1,1,0,0,24,0,0,0,0,0,0,0,0,0,7,2,0,0,0,0,12,59,0,1,3,1,55,0,0,1,6,0,33,0,0,0,0,0,6,0,0,1,0,8,4,0,3,2,0,0,0,0,3,0,0,0,0,0,0,0,0,0,0,0,0,0,0,0,0,0,0,0,0,0,0,0,0,0,0,0,0,0,1,0,0,0,3,0,0,1,0,0,5,0,0,1,0,0,79,11,1,0,0,0,0,0,20,4,0,1,6,0,0,0,0,0,0,0,0,0,0,0,0,0,0,0,0,16,230,2,0,0,0,0,0,0,10,0,0,0,0,0,0,0,0,0,0,0,0,0,0,0,0,0,0,0,0,15,0,0,0,14
"10939x4234",1,0,0,0,0,2,0,4,5,0,8,0,0,0,0,0,0,0,6,6,0,0,0,0,0,0,0,0,0,0,19,0,0,0,0,0,9,0,0,23,0,0,17,0,0,0,0,0,0,0,0,0,0,0,0,0,0,0,0,0,9,0,0,0,0,0,0,5,0,0,0,0,0,0,0,5,0,0,2,0,0,0,0,0,0,0,1,0,0,0,0,0,0,0,0,0,0,0,0,0,0,0,3,0,0,0,0,0,0,0,0,0,0,0,2,0,0,0,0,0,0,0,0,0,0,1,1,0,0,0,0,0,16,0,0,0,0,0,0,0,0,0,0,0,0,1,0,0,0,0,0,0,0,0,0,0,4,0,0,0,0,0,0,2,0,0
"10952x4801",0,0,3,0,0,6,1,0,0,12,22,0,0,0,0,0,0,0,1,0,0,0,0,0,0,0,0,0,1,0,0,0,0,0,0,0,11,0,0,24,0,0,0,0,0,0,0,0,0,0,0,0,0,0,0,0,0,0,0,0,0,0,0,0,0,0,0,0,0,0,0,0,0,2,0,1,0,0,0,0,0,0,0,0,0,0,0,0,0,0,0,0,0,0,0,0,0,0,0,1,0,0,1,0,0,0,0,0,0,0,0,7,0,0,0,0,0,0,0,0,0,0,0,0,0,0,0,0,0,0,0,0,0,0,0,1,0,0,0,0,5,0,0,0,0,0,0,0,0,0,1,0,0,0,0,0,0,0,0,0,0,0,0,0,1,0
"11001x4077",1,0,1,0,7,6,0,0,16,0,14,0,0,0,0,1,0,0,0,2,0,0,0,0,0,32,0,5,0,0,155,0,1,0,0,0,13,0,0,0,0,23,46,0,0,0,0,0,0,0,2,0,0,0,0,0,9,0,0,0,8,0,0,3,0,0,0,0,0,0,0,0,0,0,0,0,0,0,13,0,0,0,0,0,0,0,21,0,0,0,0,0,0,1,5,0,0,0,1,10,0,4,80,28,0,0,1,0,0,0,28,8,0,0,0,0,0,0,1,0,0,0,0,0,0,0,0,0,0,0,0,22,166,1,0,0,0,0,0,0,1,0,0,3,0,0,0,4,0,0,0,0,0,0,2,0,0,4,10,0,13,0,2,0,0,5
"11004x3906",0,0,0,0,1,0,0,0,21,0,0,0,0,0,0,0,0,0,0,3,0,2,0,0,0,1,0,0,0,0,50,0,0,7,0,0,5,0,0,0,1,1,24,0,0,1,0,0,0,0,0,0,0,0,0,0,8,0,0,0,0,0,0,17,0,0,0,0,0,0,0,0,0,0,0,0,0,0,0,0,0,0,0,0,0,0,1,0,0,0,0,0,0,0,4,0,0,0,1,0,0,0,15,1,0,0,0,0,14,0,0,2,0,10,2,0,0,0,0,0,0,0,0,0,0,0,0,0,0,0,0,17,25,0,0,0,0,0,0,0,1,0,4,0,0,0,0,0,0,0,0,0,0,0,0,0,0,0,0,0,0,0,0,5,0,0
"11003x6047",1,0,8,10,0,0,0,2,2,0,0,0,7,2,0,0,0,0,5,1,0,0,0,5,12,9,0,0,0,0,19,0,0,7,0,0,4,0,0,0,0,0,10,0,0,3,0,9,0,0,0,0,0,0,1,0,2,0,0,0,3,0,0,0,1,0,2,1,0,2,0,0,0,0,0,0,3,0,1,0,0,0,0,0,0,0,1,0,0,0,1,0,0,0,4,0,0,0,0,7,0,0,10,0,0,0,0,0,0,0,2,2,6,0,0,0,0,0,0,0,0,0,0,0,0,7,1,0,0,0,0,0,47,0,0,0,0,2,0,0,2,0,0,2,0,0,9,4,0,0,0,0,0,0,0,0,0,0,0,0,5,0,3,9,0,0
"10976x1180",0,0,25,0,9,1,0,0,39,1,5,4,2,0,31,0,0,0,6,0,0,0,0,0,0,0,4,0,0,0,0,0,0,1,0,15,4,0,0,0,0,0,28,0,0,42,0,0,0,0,0,0,3,0,0,9,22,17,0,1,0,0,1,10,0,0,0,0,0,0,0,0,0,12,0,0,0,0,0,0,0,0,13,0,0,0,5,0,0,0,0,0,0,1,0,1,0,0,0,26,7,0,2,0,0,0,11,1,0,0,0,17,2,0,2,0,0,0,0,0,0,0,3,10,0,1,0,4,0,0,0,13,0,0,1,0,6,0,0,16,13,7,0,1,0,0,0,10,0,0,3,0,0,0,0,0,0,0,0,0,0,9,4,1,0,0
"11008x2790",0,0,2,1,8,0,0,1,15,0,0,0,0,0,0,0,0,0,1,4,0,0,0,0,0,16,0,0,0,3,0,0,12,2,0,0,0,0,0,100,0,0,50,0,0,0,0,0,0,0,0,0,0,0,3,0,0,2,0,0,11,0,0,0,0,0,0,0,0,0,0,0,0,0,0,0,2,0,0,0,0,0,1,0,0,0,0,0,0,1,0,0,0,1,1,7,0,0,0,1,0,0,4,4,0,0,0,0,0,0,0,3,2,0,1,0,0,0,0,0,0,0,0,6,0,0,0,0,12,0,0,0,6,0,6,0,0,0,0,0,23,0,10,0,0,0,7,0,0,0,3,0,19,0,0,0,0,0,0,0,0,0,6,15,0,0
"11000x6321",0,0,5,1,3,2,0,4,14,0,6,0,3,0,0,0,0,0,7,8,0,0,0,0,0,57,0,0,0,0,31,0,0,7,0,5,3,0,0,0,1,0,15,0,0,0,2,0,0,0,0,0,0,0,0,0,9,0,0,0,35,0,0,9,0,0,0,0,0,0,0,0,0,0,0,0,1,0,0,0,5,0,0,0,0,0,5,0,0,0,0,0,1,1,3,7,0,0,0,0,0,3,94,4,0,0,0,0,0,0,1,12,0,0,0,0,0,0,0,0,5,0,0,3,0,4,3,0,0,0,0,11,88,0,0,0,0,0,0,0,0,0,0,2,0,0,0,0,0,0,0,0,0,0,0,0,6,0,0,0,0,0,1,0,0,0
"11006x2600",1,0,18,2,0,0,0,0,16,0,15,0,0,0,0,0,0,0,3,0,0,0,12,0,0,0,0,0,0,0,0,0,0,2,0,0,0,0,0,10,0,0,7,0,0,0,0,5,0,0,0,0,0,0,0,0,0,0,0,0,0,0,0,0,0,0,0,0,0,0,0,0,0,0,0,0,0,0,0,0,6,0,0,0,0,0,0,0,0,0,0,0,0,1,0,0,0,0,0,1,0,0,0,0,0,0,0,0,1,0,3,0,1,0,0,0,0,0,0,0,0,0,0,0,0,0,0,0,0,0,3,0,4,0,0,0,0,0,0,0,0,0,5,0,0,0,0,1,0,0,0,0,0,0,0,0,0,0,6,0,11,0,0,0,0,0
"11048x3474",0,0,2,0,0,0,0,4,3,0,0,0,0,0,0,0,0,0,0,13,0,0,7,0,0,1,0,4,0,0,18,0,3,4,0,0,0,0,0,0,0,0,5,0,0,0,0,0,0,0,0,0,0,0,0,0,0,0,0,0,1,0,0,0,5,0,0,0,0,0,0,0,0,0,0,0,0,0,0,0,0,0,0,0,0,0,0,0,0,0,0,0,0,0,0,0,0,0,0,16,0,0,10,0,0,0,0,0,0,0,0,0,0,0,0,0,0,0,0,0,0,0,0,0,0,0,4,0,0,0,0,0,18,0,0,0,0,0,0,0,0,0,4,0,0,0,10,0,0,0,0,1,0,0,0,0,0,0,0,0,0,0,0,1,0,0
"11112x1858",0,0,0,0,0,0,0,0,0,0,12,0,0,0,0,0,0,0,0,2,0,0,0,0,0,0,0,0,0,0,0,0,0,0,0,0,3,0,0,0,0,3,0,0,0,0,0,0,0,0,0,0,0,0,1,0,0,0,0,0,0,0,0,0,15,0,0,0,0,0,0,0,0,0,0,0,0,0,4,0,0,0,10,0,0,0,0,0,1,0,0,0,0,0,0,0,0,0,0,34,0,0,0,0,2,0,0,0,4,0,16,0,0,0,10,0,0,0,0,0,0,0,0,0,0,0,0,0,0,0,0,17,3,0,0,0,0,0,0,0,7,15,0,0,0,0,13,0,0,0,0,0,0,0,0,0,0,0,0,0,0,0,0,0,0,0
"11132x4275",0,0,1,0,7,0,0,0,0,0,3,0,0,0,0,0,0,0,0,0,0,3,0,0,0,0,0,0,10,0,0,0,0,2,0,0,0,0,0,0,0,0,0,0,0,0,0,0,1,0,0,0,0,0,0,0,0,0,0,0,10,0,0,0,0,0,0,0,0,0,0,0,16,0,0,0,0,0,0,0,0,0,0,0,7,0,0,0,0,0,0,7,0,0,0,0,0,0,0,0,0,2,2,0,0,0,0,0,0,0,0,0,0,0,0,0,0,0,0,0,0,0,0,0,0,0,0,0,0,0,0,0,2,0,1,0,0,0,0,0,0,0,0,0,0,0,0,0,0,0,0,3,23,0,0,0,0,0,0,0,2,0,0,2,5,0
"11149x5360",2,0,0,3,0,0,3,0,5,0,0,0,0,0,1,0,0,0,0,0,0,7,0,0,0,2,0,0,0,0,4,0,0,3,0,2,0,0,0,3,0,9,0,0,0,0,0,0,0,1,0,0,3,0,0,0,7,0,0,0,0,5,0,0,0,1,0,3,0,2,0,0,0,2,0,6,0,0,0,0,0,0,9,0,0,0,0,0,0,0,0,9,0,6,7,2,6,0,0,16,0,0,0,5,0,0,0,0,0,0,9,2,0,0,0,0,0,0,0,0,0,0,0,0,0,0,0,0,3,0,0,0,8,0,0,0,0,0,0,0,0,0,0,1,0,0,0,0,0,0,0,0,14,0,0,0,3,1,0,0,0,0,0,2,0,0
"11164x6281",0,0,5,0,4,0,0,0,24,0,6,5,0,0,0,0,0,0,24,4,0,1,0,0,3,14,0,0,13,0,13,0,0,0,0,0,74,0,2,13,7,0,47,0,0,0,0,0,3,0,0,0,0,0,0,0,18,0,0,0,4,0,0,2,0,0,0,2,0,0,0,0,0,0,0,0,1,0,0,0,0,0,0,0,0,0,0,0,1,0,1,0,0,18,2,0,0,0,0,9,0,5,57,15,0,0,0,0,0,0,6,11,0,0,14,0,0,0,0,0,0,0,0,0,0,4,3,0,11,0,0,20,149,0,0,0,1,0,0,0,5,0,3,0,0,0,0,1,0,0,0,0,0,0,0,0,0,0,0,0,3,0,4,26,0,3
"11157x6116",0,0,2,0,0,1,0,3,49,6,1,0,0,4,0,0,0,0,3,3,0,1,0,0,9,49,0,5,1,0,159,0,0,0,0,4,4,0,0,5,0,11,16,0,0,0,0,0,0,0,4,0,0,2,0,0,15,0,0,0,43,0,0,0,0,0,0,9,0,0,0,0,0,0,0,0,0,0,0,0,0,0,2,2,5,0,0,0,0,0,0,0,0,8,5,0,7,1,0,0,0,0,98,9,0,0,0,0,0,0,15,0,0,0,0,0,0,0,0,0,0,0,0,0,0,1,0,0,0,0,0,0,167,0,0,0,0,0,0,0,1,0,0,0,0,0,9,0,0,0,0,0,0,2,0,0,0,0,0,0,0,0,0,6,0,3
"11175x5682",0,0,0,0,0,0,0,2,12,0,0,2,0,0,0,0,0,0,0,0,0,0,0,0,0,3,4,2,0,0,0,0,1,2,0,4,5,0,0,0,0,32,6,0,0,0,0,3,0,0,0,0,0,0,0,16,0,0,0,3,0,0,0,0,0,0,1,1,0,0,0,0,0,1,0,0,2,0,1,0,0,0,0,0,1,0,0,0,0,0,0,7,0,0,13,0,0,0,0,0,0,3,4,9,0,0,0,25,0,0,15,8,0,0,0,0,0,0,0,0,0,1,5,1,0,0,0,0,0,0,0,0,0,0,0,0,0,4,0,6,0,0,2,0,0,0,0,0,0,0,0,1,0,0,0,0,0,0,0,0,0,3,7,0,0,0
"11209x4580",0,0,0,0,0,0,0,0,2,0,11,0,0,0,0,0,0,0,0,2,0,0,0,0,17,0,0,0,0,0,12,0,4,1,0,0,0,0,0,0,0,4,0,0,0,0,0,0,0,0,0,0,0,0,12,13,0,0,0,0,0,0,0,0,0,0,0,5,0,0,1,0,0,6,0,0,0,0,0,0,0,0,5,4,0,0,0,2,0,0,0,0,0,1,5,0,0,0,1,17,0,0,0,0,0,0,0,0,0,7,0,6,0,0,0,0,0,0,0,0,0,1,0,0,0,0,0,0,0,0,0,0,2,0,0,0,0,0,195,0,18,20,0,0,0,0,0,0,3,23,0,0,0,0,0,0,0,0,0,0,0,0,0,15,0,0
"11226x4774",0,0,1,0,0,0,0,1,0,0,3,0,0,0,0,0,1,0,0,0,0,0,13,0,0,4,0,0,0,0,0,0,0,2,0,0,0,0,0,0,1,0,2,0,0,6,61,0,0,1,0,0,0,0,0,0,0,0,0,0,0,0,0,0,0,0,0,0,0,0,0,0,0,0,0,1,1,0,0,0,0,0,0,0,0,0,0,0,0,0,4,0,0,0,0,0,0,0,0,19,0,0,0,0,0,0,0,0,0,0,1,0,0,6,0,0,0,0,0,0,0,1,0,0,0,4,1,0,0,0,0,0,3,0,0,0,0,0,0,0,0,0,0,0,0,0,0,0,0,0,0,0,5,0,0,0,0,0,0,0,0,6,0,0,0,0
"11238x5964",1,0,0,0,0,0,0,8,15,6,2,0,0,0,0,0,0,0,0,3,0,0,0,0,0,49,0,1,0,0,75,0,0,0,0,0,4,0,0,0,0,10,2,0,0,0,0,0,0,0,0,1,0,0,0,0,4,0,0,0,2,0,0,0,0,1,0,0,0,0,0,1,0,4,0,0,0,0,0,0,4,0,0,0,0,0,0,0,0,0,3,0,0,0,5,0,0,0,0,0,0,0,50,0,0,0,0,4,0,0,0,2,5,0,0,0,0,0,0,0,0,1,0,0,0,0,0,0,0,0,0,2,66,0,0,0,5,0,0,0,0,0,0,0,0,0,0,0,0,0,0,1,0,0,0,0,0,0,0,0,1,0,0,0,0,0
"11279x5252",0,0,0,0,0,3,0,2,34,1,0,0,0,0,0,0,0,0,0,3,0,0,0,0,0,1,0,0,0,0,11,0,0,4,0,8,8,0,0,5,0,0,0,0,0,0,0,12,1,0,0,0,0,0,0,0,18,0,0,0,29,0,0,0,0,0,0,1,0,0,0,0,0,0,0,0,0,0,0,0,0,0,0,0,0,0,11,0,0,0,8,17,0,0,0,0,0,5,0,11,0,4,39,1,2,0,2,0,0,0,17,4,3,0,8,2,0,0,0,0,0,0,0,0,0,16,0,0,0,0,0,14,108,1,0,0,0,0,0,0,1,0,3,1,0,0,12,8,0,0,0,0,0,0,0,0,0,0,0,18,0,0,1,4,0,2
"11276x667",0,0,0,0,1,0,0,0,5,0,23,5,0,10,0,0,0,0,2,0,0,0,0,0,0,0,0,0,0,0,0,0,0,23,0,0,0,0,0,0,2,25,0,0,0,0,0,0,2,0,0,0,0,0,0,0,0,0,0,0,0,1,0,0,13,0,0,0,0,0,0,0,0,0,0,0,0,0,1,0,0,0,0,0,0,0,0,0,0,0,0,0,0,0,0,0,0,0,0,5,0,1,0,0,0,0,0,0,0,0,0,0,0,0,0,0,0,0,0,0,0,0,0,3,0,0,0,0,0,0,0,0,2,0,0,0,10,0,2,0,0,0,3,0,0,0,0,0,0,0,0,0,11,0,0,0,0,0,0,0,1,0,0,0,0,0
"11429x5206",0,0,0,0,0,0,0,0,9,0,7,0,0,0,0,0,0,0,0,0,0,0,0,0,0,2,0,0,0,0,13,0,0,0,0,3,0,0,0,0,0,9,14,0,0,0,0,0,3,0,2,1,0,0,9,0,0,0,0,0,0,0,0,0,0,0,0,0,0,0,0,0,0,0,0,1,0,0,0,0,0,0,0,0,0,0,5,0,0,0,0,0,0,6,0,0,0,0,0,3,0,1,15,0,0,0,0,0,0,0,11,10,0,0,0,0,0,0,0,0,0,0,0,11,0,0,0,0,0,0,0,2,24,0,0,0,0,0,0,0,0,0,0,0,0,0,17,0,0,0,0,0,0,0,1,0,0,3,0,0,2,0,7,0,0,0
"11501x71",1,0,9,0,1,0,0,0,3,0,11,0,0,0,0,0,0,0,1,5,0,0,0,0,0,3,0,0,0,0,16,0,0,0,0,0,4,0,0,1,0,0,0,0,0,0,0,16,0,0,0,0,0,1,36,136,5,0,0,0,0,0,0,8,8,0,0,0,0,0,0,0,0,0,0,0,0,0,0,0,0,0,0,0,0,0,0,0,0,12,2,0,0,0,0,0,0,0,0,8,0,1,0,0,0,0,0,1,0,2,0,1,5,0,0,0,0,0,0,0,0,0,0,0,0,0,1,0,0,0,0,0,6,0,0,0,0,0,0,0,0,0,0,0,0,0,0,0,0,0,0,0,0,0,0,2,0,0,0,0,0,0,0,0,0,0
"11437x2101",0,0,40,1,2,1,0,0,2,0,45,0,0,0,1,0,0,0,0,0,0,0,0,0,0,0,0,0,0,0,0,0,0,0,0,0,0,0,0,0,0,0,15,0,0,0,0,0,0,0,0,0,0,0,0,0,1,0,0,0,0,0,0,0,5,0,0,0,0,0,0,0,0,0,2,0,0,0,7,0,0,0,0,0,0,0,0,0,0,0,0,0,0,0,0,0,0,0,0,8,0,5,0,0,0,0,0,0,0,0,0,0,0,0,0,0,0,0,0,0,0,0,0,0,0,0,0,0,0,0,0,0,0,17,0,0,0,0,0,0,0,0,0,0,0,1,0,0,10,0,0,0,0,0,0,0,0,0,0,0,0,2,0,0,0,0
"11474x5047",0,0,11,0,0,1,0,0,19,4,15,0,2,0,0,0,0,0,2,14,0,0,0,0,1,20,0,0,0,0,101,0,4,5,0,3,24,0,6,3,0,0,22,0,0,15,0,0,4,0,2,0,0,0,7,0,2,0,0,0,6,0,0,4,1,0,0,0,0,0,0,0,0,0,0,1,2,0,2,0,0,0,0,0,0,0,32,0,0,0,14,0,7,1,36,1,0,2,0,103,8,1,104,18,1,1,0,0,0,0,11,19,9,1,0,0,0,0,0,0,0,0,0,0,0,1,0,0,0,0,0,14,122,2,0,0,0,0,0,0,38,0,6,0,0,0,0,1,0,0,0,0,0,1,1,0,0,0,0,0,2,4,13,2,0,0
"11570x5875",0,0,2,5,1,0,0,0,31,0,3,0,1,0,0,0,0,0,7,2,0,2,0,0,0,125,0,3,0,0,129,0,0,4,0,0,19,0,0,1,0,0,29,1,0,7,0,12,0,0,2,0,0,0,0,0,9,0,0,0,1,0,0,0,0,0,0,1,0,0,0,0,0,0,0,0,1,0,0,0,0,0,0,0,0,0,0,0,0,0,1,0,0,0,2,0,0,0,1,6,0,0,78,6,0,0,0,0,0,0,0,12,0,0,13,1,0,0,0,1,0,0,0,0,0,21,0,0,0,0,0,0,165,2,1,0,0,0,1,0,0,0,10,0,0,0,0,0,0,0,0,1,0,0,9,0,0,3,3,0,0,0,3,0,0,5
"11587x2128",0,0,25,6,0,3,0,0,8,0,28,6,0,0,0,0,0,0,4,0,0,0,0,0,0,0,0,0,0,0,0,0,0,6,0,0,0,0,0,32,0,0,3,0,0,0,0,0,0,0,0,0,0,0,0,0,0,0,0,0,0,0,0,0,0,0,0,1,0,0,0,0,0,0,0,6,0,0,0,0,0,0,0,0,0,0,0,0,0,0,0,0,0,4,7,3,0,0,0,1,0,0,0,10,6,0,1,0,0,0,0,0,1,0,0,0,0,0,0,0,0,0,0,0,0,1,0,0,0,0,0,1,2,0,0,0,0,0,0,0,10,0,0,0,0,0,0,0,0,0,0,0,0,0,0,0,0,0,0,0,1,0,0,0,0,0
"11605x3297",2,0,6,1,2,0,0,0,0,0,7,0,0,2,5,0,0,0,0,0,0,0,0,0,0,0,0,0,0,4,0,0,0,4,0,0,1,0,0,1,0,7,0,0,0,0,0,0,1,0,0,0,0,0,0,0,0,0,0,0,0,0,0,0,5,0,0,6,0,1,0,0,0,0,0,0,0,0,0,0,0,0,1,0,0,0,0,0,0,0,0,0,0,0,4,0,0,0,0,12,0,0,0,2,0,0,0,0,0,0,1,1,0,0,0,0,0,0,0,0,2,0,0,1,0,0,0,0,0,0,0,0,19,0,0,0,0,0,0,2,0,0,0,0,0,0,0,1,0,0,7,2,0,0,0,0,0,0,0,0,0,0,0,0,0,0
"11549x3628",0,0,17,0,9,0,0,3,0,0,8,0,9,11,0,0,1,0,0,0,0,0,0,0,0,0,1,0,0,0,0,0,0,8,1,1,0,0,0,0,0,0,10,0,1,0,0,0,0,0,0,0,0,0,0,0,0,0,0,0,0,0,0,0,0,0,0,0,0,0,0,0,0,0,0,0,0,0,0,0,0,0,0,0,0,0,0,0,0,0,0,16,0,0,0,0,10,0,0,0,0,0,2,0,0,0,0,0,0,0,0,0,0,0,4,0,0,0,0,0,0,0,0,0,0,0,0,0,0,0,0,0,1,0,0,0,0,0,0,0,8,0,0,0,0,0,17,0,0,0,0,0,0,0,0,0,0,0,0,0,1,0,0,0,0,0
"11631x2027",0,0,25,5,0,0,0,0,16,0,0,6,0,0,0,0,0,0,0,0,0,0,0,0,0,0,0,0,0,0,0,0,0,9,0,0,0,0,0,14,0,0,5,0,0,0,0,0,7,0,0,0,0,0,0,0,0,0,0,0,3,3,0,0,0,0,0,5,0,0,0,0,0,0,0,11,2,2,0,0,0,0,0,0,0,0,0,0,3,0,0,0,0,0,0,0,0,0,0,9,0,0,0,30,0,0,0,0,0,0,0,3,0,0,0,0,0,0,0,0,0,0,0,2,0,0,0,0,0,0,0,0,0,0,0,15,0,0,0,0,0,0,0,0,0,0,0,0,0,0,0,0,0,0,0,0,0,0,0,0,7,0,14,0,4,0
"11605x4925",0,0,1,0,0,0,0,5,11,0,0,0,0,0,3,0,0,0,0,7,0,0,0,0,0,0,0,0,0,0,0,0,0,14,0,0,0,0,0,5,0,0,0,0,0,0,0,0,1,0,0,0,0,0,0,0,2,0,0,0,0,0,0,0,0,7,0,1,0,0,0,0,0,0,0,0,0,0,0,0,0,0,0,0,0,0,0,0,0,0,0,3,0,0,10,0,3,0,0,7,0,0,1,0,0,0,0,0,0,0,0,2,0,0,0,0,0,0,0,0,0,17,0,0,0,0,0,0,0,0,0,0,3,1,0,0,0,0,10,2,3,0,8,0,0,1,0,0,1,0,13,0,0,1,0,0,0,0,0,2,0,0,1,0,0,0
"11637x5298",0,0,6,19,0,0,0,10,5,0,6,0,0,0,1,0,0,0,0,0,0,1,0,0,0,2,0,0,0,0,2,0,0,3,0,0,0,0,0,0,0,0,4,0,0,0,0,5,12,0,0,0,0,0,1,0,5,0,0,0,0,2,0,0,8,0,0,0,0,0,0,0,0,0,4,0,0,0,0,0,0,0,0,0,0,0,1,0,0,0,0,0,0,0,0,0,0,0,0,11,0,0,0,8,0,0,0,0,0,0,0,4,0,0,0,0,0,0,0,0,0,0,0,0,0,0,0,0,0,0,0,8,0,0,0,0,0,0,2,0,0,2,0,0,0,0,0,0,0,0,0,0,0,0,0,0,0,0,0,0,1,0,0,4,0,0
"11702x4596",0,0,3,0,1,0,0,1,13,0,14,0,2,0,0,0,0,0,0,0,0,0,0,0,0,0,0,0,1,0,0,0,0,2,0,0,0,0,2,0,0,0,7,0,0,0,30,0,0,0,0,0,0,0,0,0,0,0,0,0,7,1,0,0,0,0,0,0,0,0,0,0,0,0,0,0,0,0,0,0,0,0,0,0,1,0,0,0,0,0,0,0,0,0,0,0,0,0,0,5,0,0,0,8,0,0,0,0,0,0,15,0,0,0,1,0,0,0,0,0,0,0,0,0,0,0,0,0,0,0,0,0,1,0,0,0,0,1,0,0,0,0,0,0,0,0,13,1,0,0,0,0,0,0,0,0,0,0,0,0,0,0,0,0,0,0
"11831x3904",0,0,9,0,0,0,0,0,0,0,1,0,0,0,0,0,0,0,1,0,0,0,0,0,17,0,0,0,7,0,0,0,0,0,0,0,0,13,0,0,0,0,4,0,0,0,0,0,0,0,0,0,0,0,0,0,0,0,0,0,0,0,0,0,0,0,1,0,0,0,6,0,0,0,0,0,0,0,0,0,0,0,0,0,0,0,0,0,0,0,7,4,0,0,0,0,0,4,0,5,0,0,0,0,0,0,0,0,0,0,0,2,0,0,3,0,0,0,0,0,0,0,0,0,0,0,0,0,0,0,0,0,13,0,0,0,0,0,0,0,7,0,3,0,0,0,0,0,0,0,0,3,2,0,0,0,0,0,0,0,2,0,0,0,0,0
"11789x4618",0,0,0,0,3,0,0,0,4,0,13,0,3,0,0,0,0,0,0,0,0,5,0,0,0,0,0,0,0,0,0,0,0,26,0,0,0,0,0,3,0,0,1,0,0,0,0,0,7,0,0,0,0,0,0,0,0,0,0,0,3,0,0,0,0,0,0,0,0,0,0,0,0,0,0,0,0,0,0,0,0,0,0,0,0,0,0,0,0,0,0,0,0,0,0,0,0,0,0,4,0,0,0,8,0,0,0,0,0,0,0,4,0,1,0,0,0,0,0,0,0,0,0,6,0,0,0,0,0,0,0,0,1,6,0,0,0,0,0,0,0,0,3,0,0,0,0,0,0,0,0,0,0,0,0,0,2,0,0,0,1,0,0,0,0,0
"11822x4071",0,0,1,0,1,0,0,12,6,10,5,2,0,0,0,0,0,0,2,0,0,0,0,0,0,0,0,1,0,0,0,0,0,0,0,1,0,0,0,24,0,0,0,0,0,0,0,0,1,0,0,0,0,0,4,0,0,0,0,0,0,0,0,0,0,0,0,5,0,0,0,0,0,5,0,18,0,0,0,0,0,0,0,0,0,0,0,0,1,0,0,0,0,0,0,0,0,0,0,7,0,0,0,8,0,0,0,0,0,0,0,0,0,1,8,0,0,0,0,0,0,0,0,0,0,8,0,0,0,0,0,0,0,0,0,0,0,0,0,0,12,0,0,0,0,0,0,0,0,0,1,8,0,0,0,0,0,0,0,0,0,0,0,0,0,0
"11845x1465",0,3,0,0,0,0,0,0,4,0,19,0,0,18,1,0,0,0,0,0,0,7,0,0,0,0,0,0,0,0,0,0,0,21,0,0,0,0,0,0,0,0,0,0,0,0,0,0,0,0,0,0,0,0,0,0,0,0,0,0,0,0,0,0,0,0,0,0,0,0,0,0,0,0,0,4,0,0,0,0,0,0,3,4,0,0,0,0,0,0,0,0,0,0,0,0,0,0,0,0,0,0,0,8,0,0,0,0,0,0,0,0,2,0,3,0,1,0,0,0,0,0,0,0,0,0,0,0,0,0,0,0,0,5,0,0,0,0,0,0,0,0,0,0,0,0,0,0,0,0,0,2,0,0,0,0,0,0,0,0,0,0,0,0,0,0
"11919x2593",0,0,2,0,0,1,0,0,7,0,2,0,0,0,0,0,0,0,0,0,0,0,1,0,0,0,0,0,8,0,0,0,0,14,0,0,0,0,4,19,0,0,0,0,0,0,0,0,0,0,0,0,19,0,0,0,0,1,0,0,0,0,0,0,0,0,0,4,0,0,0,0,0,0,0,3,0,0,0,0,0,0,0,0,0,0,0,0,0,0,0,2,0,0,0,0,0,0,0,3,0,0,0,0,0,0,0,0,0,0,0,0,0,0,0,0,0,0,0,0,0,0,0,0,0,0,0,0,0,0,0,0,22,0,0,0,0,0,1,0,0,0,0,0,0,0,6,0,0,0,0,2,0,0,0,0,0,0,0,0,0,8,7,0,15,0
"11911x3748",0,0,0,0,2,4,0,5,0,0,9,0,0,0,0,0,0,0,0,0,0,0,0,0,0,0,0,0,0,0,0,0,0,0,0,0,0,0,0,28,0,16,0,0,0,0,0,0,0,0,0,0,0,0,0,0,0,0,0,0,0,0,0,0,38,0,0,0,0,0,0,0,0,0,0,1,0,0,0,0,0,0,0,0,0,0,0,0,0,0,0,0,0,0,8,0,0,0,0,0,0,0,1,0,0,0,0,0,0,0,0,0,0,0,0,0,0,0,0,0,0,0,0,0,0,0,0,0,0,0,0,0,0,0,0,0,0,0,0,0,0,0,0,0,0,0,0,0,0,0,0,0,0,0,0,0,6,0,0,0,0,0,0,0,0,0
"11953x3129",0,0,5,0,0,2,0,0,11,0,0,0,0,0,0,0,0,0,0,1,0,0,0,0,0,0,0,0,0,0,0,0,0,3,0,0,0,0,0,6,0,0,10,0,3,0,1,0,0,0,0,0,20,0,0,0,0,0,0,0,0,9,0,0,1,0,0,1,0,0,0,0,0,0,0,18,0,0,0,0,0,0,1,0,0,0,0,0,0,0,0,0,0,0,14,0,0,0,0,0,0,0,0,5,2,0,0,3,0,0,0,0,0,0,0,0,0,0,0,0,0,0,0,0,0,0,0,0,0,2,0,2,2,0,0,0,0,0,0,0,1,0,0,0,0,0,0,0,0,0,7,0,0,0,0,0,0,0,0,0,0,0,0,0,0,0
"11974x1510",0,0,8,0,0,2,0,13,7,0,15,1,0,10,1,0,0,0,2,0,0,0,0,0,0,3,0,1,4,0,0,0,0,19,0,0,0,0,0,11,0,0,0,0,0,0,0,0,0,0,0,0,0,0,0,0,0,0,0,0,0,0,0,0,0,0,0,1,0,0,0,0,0,0,0,0,0,0,0,0,13,0,0,4,0,0,0,0,0,0,0,0,0,0,0,1,0,0,0,0,0,0,0,0,0,0,0,0,0,0,0,2,5,0,11,0,1,0,0,0,0,0,0,0,0,0,0,0,0,0,0,0,0,0,0,0,0,0,0,0,0,0,0,0,0,0,0,0,0,0,0,0,0,0,0,0,0,0,0,0,0,0,8,0,0,0
"11919x6078",0,0,2,0,2,8,0,0,24,5,0,0,0,0,0,0,0,0,5,9,0,1,0,0,3,0,0,0,0,0,1,0,0,0,0,1,0,0,0,0,0,3,18,0,3,0,0,2,0,0,1,0,1,1,0,3,0,7,0,0,9,1,0,0,0,0,0,0,0,0,0,0,0,0,0,2,1,0,0,0,0,0,0,0,0,0,16,0,0,0,0,0,0,0,0,0,17,0,0,1,0,2,20,2,0,0,0,0,0,0,16,10,8,0,0,0,0,0,0,0,0,3,0,0,0,0,0,0,0,0,0,2,193,0,3,0,0,0,0,0,16,0,0,1,0,0,5,1,0,0,0,0,0,0,0,0,0,0,0,1,7,0,3,1,2,1
"12039x1940",0,0,0,4,1,0,0,7,0,0,6,0,0,0,0,0,0,0,0,0,0,0,12,0,0,0,0,0,5,0,0,0,0,0,0,0,0,0,0,0,0,0,0,0,0,0,26,5,8,0,0,0,0,0,0,0,0,0,0,0,0,0,0,1,0,0,0,0,0,0,0,0,0,0,0,1,17,0,0,0,6,0,0,0,0,0,0,0,13,0,0,0,0,0,3,0,0,0,0,1,0,0,0,0,0,0,0,0,0,0,0,0,0,0,0,0,0,0,0,0,0,0,0,0,0,0,0,0,0,0,0,0,4,0,0,0,0,0,0,0,0,0,3,0,0,0,0,0,0,0,0,0,0,0,0,0,0,0,0,0,2,0,0,0,0,0
"12090x6252",0,0,16,4,1,0,0,0,3,0,0,0,0,0,0,0,0,0,0,4,0,0,0,0,0,2,0,0,0,0,0,0,0,5,0,9,0,0,0,0,0,0,6,0,0,0,0,0,0,0,0,0,0,0,0,0,0,0,0,0,0,9,0,1,1,0,0,3,0,0,0,0,0,5,0,0,0,0,0,0,0,0,1,0,0,0,0,0,0,0,0,0,0,0,0,0,20,7,1,14,0,0,0,0,5,0,0,0,0,0,0,0,0,0,3,0,0,0,0,0,0,0,0,6,0,0,0,0,0,0,0,0,0,0,0,0,0,0,4,0,2,0,0,0,0,0,0,0,0,0,0,0,1,0,0,0,0,0,0,0,0,0,0,0,0,0
"12101x3456",5,0,1,3,0,0,0,0,1,0,9,0,0,0,4,0,0,0,1,0,0,0,0,0,0,0,0,0,0,0,0,0,0,27,0,0,0,0,0,0,0,0,12,0,0,0,0,0,0,0,0,0,0,0,0,0,0,0,0,0,0,0,0,0,0,0,0,0,0,0,0,0,0,0,0,4,1,0,0,0,1,0,0,0,0,0,0,0,0,0,0,8,0,0,11,17,19,0,0,4,1,0,7,0,0,0,0,0,0,0,0,7,0,0,0,0,0,3,0,0,0,0,0,3,0,0,0,0,0,0,0,0,0,0,0,0,0,0,0,0,2,0,3,0,0,0,0,0,0,0,0,0,0,14,0,0,0,0,0,0,0,0,0,0,2,0
"12121x1107",1,0,1,5,0,1,0,0,0,0,9,0,0,0,0,0,0,0,1,0,0,0,0,0,2,8,0,2,0,0,0,0,0,7,1,0,0,0,5,0,0,0,5,0,0,0,0,0,0,0,0,0,0,0,0,0,0,0,0,0,0,0,0,0,0,0,0,3,0,0,0,0,0,5,0,3,1,0,0,0,0,0,0,0,0,0,0,0,0,0,8,0,0,0,27,0,0,0,0,16,1,14,0,0,0,0,0,0,0,0,0,0,0,0,0,0,0,0,0,0,0,0,0,0,0,0,0,0,0,0,0,0,0,0,0,0,0,0,0,0,0,0,0,0,0,0,0,0,0,0,0,0,0,0,0,0,0,0,0,0,0,0,0,0,0,0
"12116x1850",0,0,2,0,0,3,0,5,7,0,2,1,0,0,0,0,0,0,0,0,0,0,0,0,0,0,0,0,0,0,0,0,0,4,0,0,0,0,0,26,0,0,0,0,0,0,0,0,0,0,0,0,0,0,0,0,0,0,0,0,0,0,0,5,4,0,0,0,0,0,0,0,0,8,0,17,0,0,0,0,4,0,0,0,0,0,0,0,0,0,0,0,0,0,0,0,0,0,0,1,0,0,0,0,0,0,0,1,0,7,0,0,0,0,3,0,0,0,0,0,0,0,0,0,0,0,0,0,0,0,0,0,0,0,0,0,0,0,1,0,4,0,5,0,0,0,0,0,0,0,0,0,0,0,0,0,0,0,8,0,2,0,4,0,0,0
"12149x4679",0,5,1,0,0,1,0,0,32,0,2,0,1,0,0,0,0,0,1,1,0,0,0,0,0,0,0,0,0,0,0,0,0,6,0,0,0,0,0,27,0,4,0,0,0,0,0,0,0,0,0,0,0,1,0,0,22,0,0,0,0,0,0,0,0,0,0,0,0,1,0,0,0,0,0,0,2,0,0,0,22,0,0,0,0,0,0,0,0,0,1,0,0,0,0,4,0,0,0,0,0,0,1,10,0,0,0,2,0,0,0,0,0,0,0,1,0,0,0,0,0,0,0,0,0,2,8,0,0,0,0,0,7,0,0,0,0,0,0,0,2,0,0,0,0,0,0,0,0,0,7,0,0,0,0,0,0,0,0,0,1,0,3,0,0,0
"12140x1251",0,0,6,2,0,1,0,20,5,0,19,0,0,0,0,0,0,0,0,0,0,0,13,0,0,0,0,0,0,0,0,0,0,2,0,0,0,0,0,18,0,0,12,0,0,0,0,0,1,1,0,0,0,0,0,0,1,0,0,0,0,0,0,0,0,0,0,0,0,1,0,0,0,0,0,0,0,0,0,0,0,0,0,0,0,0,0,0,0,0,0,0,0,0,0,0,0,0,0,0,0,0,0,12,0,0,0,14,0,0,0,1,0,0,0,0,0,0,0,0,0,0,0,0,0,0,0,0,0,0,0,0,0,0,0,0,0,0,0,0,2,0,1,0,0,0,0,0,0,0,0,6,0,0,0,0,0,0,0,0,0,0,2,0,0,0
